[Licensing::Module] Trying to connect to existing licensing client channel...
Built from '6000.5/staging' branch; Version is '6000.5.6f1 (0e0577a1a2ac) revision 918903'; Using compiler version '194234433'; Build Type 'Release'
[Licensing::IpcConnector] Channel LicenseClient-NMAdmin doesn't exist
OS: 'Windows 11  (10.0.26200) Core' Language: 'en' Physical Memory: 32702 MB
BatchMode: 1, IsHumanControllingUs: 0, StartBugReporterOnCrash: 0, Is64bit: 1
System  architecture: x64
Process architecture: x64
Date: 2026-09-14T22:52:36Z
[Licensing::Module] Successfully launched the LicensingClient (PId: 34696)

COMMAND LINE ARGUMENTS:
C:\Program Files\Unity\Hub\Editor\6000.5.6f1\Editor\Unity.exe
-batchmode
-nographics
-quit
-buildTarget
Android
-projectPath
C:\Users\NMAdmin\Downloads\Codex\paper_io_multi_clone
-executeMethod
PaperTrails.Editor.ProjectBuilder.Android
-logFile
C:\Users\NMAdmin\Downloads\Codex\paper_io_multi_clone\android-build.log
Successfully changed project path to: C:\Users\NMAdmin\Downloads\Codex\paper_io_multi_clone
C:/Users/NMAdmin/Downloads/Codex/paper_io_multi_clone
[UnityMemory] Configuration Parameters - Can be set up in boot.config
    "memorysetup-temp-allocator-size-gi-baking-worker=262144"
    "memorysetup-temp-allocator-size-gi-baking-worker=262144"
    "memorysetup-temp-allocator-size-gi-baking-worker=262144"
    "memorysetup-temp-allocator-size-gi-baking-worker=262144"
    "memorysetup-temp-allocator-size-gi-baking-worker=262144"
    "memorysetup-temp-allocator-size-nav-mesh-worker=65536"
    "memorysetup-temp-allocator-size-audio-worker=65536"
    "memorysetup-temp-allocator-size-cloud-worker=32768"
    "memorysetup-temp-allocator-size-gfx=262144"
    "memorysetup-temp-allocator-size-preload-manager=33554432"
    "memorysetup-allocator-temp-initial-block-size-main=262144"
    "memorysetup-allocator-temp-initial-block-size-worker=262144"
    "memorysetup-temp-allocator-size-job-worker=262144"
    "memorysetup-temp-allocator-size-background-worker=32768"
    "memorysetup-bucket-allocator-granularity=16"
    "memorysetup-bucket-allocator-bucket-count=8"
    "memorysetup-bucket-allocator-block-size=33554432"
    "memorysetup-bucket-allocator-block-count=8"
    "memorysetup-main-allocator-block-size=16777216"
    "memorysetup-thread-allocator-block-size=16777216"
    "memorysetup-main-allocator-mimalloc-enabled=0"
    "memorysetup-gfx-main-allocator-block-size=16777216"
    "memorysetup-gfx-thread-allocator-block-size=16777216"
    "memorysetup-cache-allocator-block-size=4194304"
    "memorysetup-typetree-allocator-block-size=2097152"
    "memorysetup-profiler-bucket-allocator-granularity=16"
    "memorysetup-profiler-bucket-allocator-bucket-count=8"
    "memorysetup-profiler-bucket-allocator-block-size=33554432"
    "memorysetup-profiler-bucket-allocator-block-count=8"
    "memorysetup-profiler-allocator-block-size=16777216"
    "memorysetup-profiler-editor-allocator-block-size=1048576"
    "memorysetup-temp-allocator-size-main=16777216"
    "memorysetup-job-temp-allocator-block-size=2097152"
    "memorysetup-job-temp-allocator-block-size-background=1048576"
    "memorysetup-job-temp-allocator-reduction-small-platforms=262144"
Logging is directed to a specific file, skipping project log.Player connection [26888]  Target information:

Player connection [26888]  * "[IP] 172.23.16.1 [Port] 55504 [Flags] 2 [Guid] 408252333 [EditorId] 408252333 [Version] 1048832 [Id] WindowsEditor(7,DESKTOP-RO73LHD) [Debug] 1 [PackageName] WindowsEditor [ProjectName] Editor" 

Player connection [26888]  * "[IP] 10.96.133.110 [Port] 55504 [Flags] 2 [Guid] 408252333 [EditorId] 408252333 [Version] 1048832 [Id] WindowsEditor(7,DESKTOP-RO73LHD) [Debug] 1 [PackageName] WindowsEditor [ProjectName] Editor" 

Player connection [26888] Host joined multi-casting on [225.0.0.222:54997]...
Player connection [26888] Host joined alternative multi-casting on [225.0.0.222:34997]...
Input System module state changed to: Initialized.
[Physics::Module] Initialized fallback backend.
[Physics::Module] Id: 0xdecafbad
[Licensing::IpcConnector] Successfully connected to: "LicenseClient-NMAdmin" at "2026-09-14T22:52:37.1729096Z"
[Licensing::Client] Code 10 while verifying Licensing Client signature (process Id: 34696, path: "C:/Program Files/Unity/Hub/Editor/6000.5.6f1/Editor/Data/Resources/Licensing/Client/Unity.Licensing.Client.exe")
[Licensing::Module] LicensingClient has failed validation; ignoring
[Package Manager] Connected to IPC stream "Upm-34068" after 0.3 seconds.
[Licensing::Module] Licensing is not yet initialized.
[Licensing::Client] Handshaking with LicensingClient:
  Version:                 1.18.1+9fbee8e
  Session Id:              652d16b9c43a41eb9abc6feef3e49142
  Correlation Id:          c30ebe7951b104f512e6f51780e467f8
  External correlation Id: 2130620565472677603
  Machine Id:              PiCTdhbdkq7q1IsH47aQIhZqARk=
[Licensing::Module] Successfully connected to LicensingClient on channel: "LicenseClient-NMAdmin" (connect: 0.37s, validation: 0.14s, handshake: 0.06s)
[Licensing::IpcConnector] Successfully connected to: "LicenseClient-NMAdmin-notifications" at "2026-09-14T22:52:37.3687192Z"
[Licensing::Module] Connected to LicensingClient (PId: 34696, launch time: 0.01, total connection time: 0.57s)
[Licensing::Module] Error: Access token is unavailable; failed to update
[Licensing::Client] Successfully resolved entitlement details
[Licensing::Module] License group:
  Id: 2475153869922-UnityPersXXXX
  Product: Unity Personal
  Type: Assigned
  Expiration: Unlimited
[Licensing::Client] Successfully updated license, isAsync: True, time: 0.01
[Licensing::Client] Successfully resolved entitlement details
[Licensing::Module] Licensing Background thread has ended after 0.62s
[Licensing::Module] Licensing is initialized (took 0.09s).
[Licensing::Client] Successfully resolved entitlement details
Library Redirect Path: Library/
[Physics::Module] Selected backend.
[Physics::Module] Name: PhysX
[Physics::Module] Id: 0xf2b8ea05
[Physics::Module] SDK Version: 4.1.2
[Physics::Module] Integration Version: 1.0.0
[Physics::Module] Threading Mode: Multi-Threaded
Artifact Garbage Collection - Removed 1 unused hashed content files
[Licensing::Client] Successfully resolved entitlement details
Targeting platform: Android
Initialize engine version: 6000.5.6f1 (0e0577a1a2ac)
[Subsystems] Discovering subsystems at path C:/Program Files/Unity/Hub/Editor/6000.5.6f1/Editor/Data/Resources/UnitySubsystems
[Subsystems] Discovering subsystems at path C:/Users/NMAdmin/Downloads/Codex/paper_io_multi_clone/Assets
Forcing GfxDevice: Null
GfxDevice: creating device client; kGfxThreadingModeNonThreaded
NullGfxDevice:
    Version:  NULL 1.0 [1.0]
    Renderer: Null Device
    Vendor:   Unity Technologies
Initialize mono
Mono path[0] = 'C:/Program Files/Unity/Hub/Editor/6000.5.6f1/Editor/Data/Managed'
Mono path[1] = 'C:/Program Files/Unity/Hub/Editor/6000.5.6f1/Editor/Data/BCLExtensions/runtime/netstandard2.1'
Mono path[2] = 'C:/Program Files/Unity/Hub/Editor/6000.5.6f1/Editor/Data/MonoBleedingEdge/lib/mono/unityjit-win32'
Mono config path = 'C:/Program Files/Unity/Hub/Editor/6000.5.6f1/Editor/Data/MonoBleedingEdge/etc'
Using monoOptions --debugger-agent=transport=dt_socket,embedding=1,server=y,suspend=n,address=127.0.0.1:56068
CodeReloadManager initialized
ImportWorker Server TCP listen port: 0
AcceleratorClientConnectionCallback - disconnected - :0
Begin MonoManager ReloadAssembly
Registering precompiled unity dll's ...
Register platform support module: C:/Program Files/Unity/Hub/Editor/6000.5.6f1/Editor/Data/PlaybackEngines/WindowsStandaloneSupport/UnityEditor.WindowsStandalone.Extensions.dll
Register platform support module: C:/Program Files/Unity/Hub/Editor/6000.5.6f1/Editor/Data/PlaybackEngines/AndroidPlayer/UnityEditor.Android.Extensions.dll
Registered in 0.003883 seconds.
Native extension for Android target not found
Native extension for WindowsStandalone target not found
Package Manager log level set to [2]
ScheduleIndexationOnStartup MainProcess:False IndexOnStartup:False
Mono: successfully reloaded assembly
- Finished resetting the current domain, in  0.491 seconds
Domain Reload Profiling: 1150ms
	BeginReloadAssembly (180ms)
		CreateAndSetChildDomain (17ms)
	RebuildCommonClasses (6ms)
	RebuildNativeTypeToScriptingClass (20ms)
	initialDomainReloadingComplete (87ms)
	LoadAllAssembliesAndSetupDomain (364ms)
		LoadAssemblies (158ms)
		AnalyzeDomain (268ms)
			TypeCache.Refresh (266ms)
				TypeCache.ScanAssembly (249ms)
	FinalizeReload (494ms)
		SetupLoadedEditorAssemblies (0ms)
			InitializePlatformSupportModulesInManaged (10ms)
			BeforeProcessingInitializeOnLoad (115ms)
			ProcessInitializeOnLoadAttributes (117ms)
			ProcessInitializeOnLoadMethodAttributes (159ms)
[Licensing::Client] Successfully resolved entitlement details
[Licensing::Client] Successfully resolved entitlement details
Application.AssetDatabase Initial Refresh Start
[Package Manager] Restoring resolved packages state from cache
[Licensing::Client] Successfully resolved entitlement details
[Package Manager] Registered 29 packages:
  Packages from [https://packages.unity.com]:
    com.unity.netcode.gameobjects@2.13.2 (location: C:\Users\NMAdmin\Downloads\Codex\paper_io_multi_clone\Library\PackageCache\com.unity.netcode.gameobjects@cfd429cc91ec)
    com.unity.services.multiplayer@2.3.2 (location: C:\Users\NMAdmin\Downloads\Codex\paper_io_multi_clone\Library\PackageCache\com.unity.services.multiplayer@132669572546)
    com.unity.services.qos@1.4.1 (location: C:\Users\NMAdmin\Downloads\Codex\paper_io_multi_clone\Library\PackageCache\com.unity.services.qos@03d4b52d4980)
    com.unity.services.core@1.18.0 (location: C:\Users\NMAdmin\Downloads\Codex\paper_io_multi_clone\Library\PackageCache\com.unity.services.core@3464cb68d709)
    com.unity.services.wire@1.5.1 (location: C:\Users\NMAdmin\Downloads\Codex\paper_io_multi_clone\Library\PackageCache\com.unity.services.wire@af86088a4eac)
    com.unity.services.deployment@1.7.2 (location: C:\Users\NMAdmin\Downloads\Codex\paper_io_multi_clone\Library\PackageCache\com.unity.services.deployment@c07c64f9804b)
    com.unity.nuget.newtonsoft-json@3.2.2 (location: C:\Users\NMAdmin\Downloads\Codex\paper_io_multi_clone\Library\PackageCache\com.unity.nuget.newtonsoft-json@4dfd81071c64)
    com.unity.services.authentication@3.7.3 (location: C:\Users\NMAdmin\Downloads\Codex\paper_io_multi_clone\Library\PackageCache\com.unity.services.authentication@4e591ebe4d6b)
    com.unity.nuget.mono-cecil@1.11.6 (location: C:\Users\NMAdmin\Downloads\Codex\paper_io_multi_clone\Library\PackageCache\com.unity.nuget.mono-cecil@ecb9724e46ff)
    com.unity.services.deployment.api@1.1.3 (location: C:\Users\NMAdmin\Downloads\Codex\paper_io_multi_clone\Library\PackageCache\com.unity.services.deployment.api@9becf6da0f1a)
    com.unity.burst@1.8.29 (location: C:\Users\NMAdmin\Downloads\Codex\paper_io_multi_clone\Library\PackageCache\com.unity.burst@6bb9aca3ef38)
    com.unity.test-framework.performance@3.5.0 (location: C:\Users\NMAdmin\Downloads\Codex\paper_io_multi_clone\Library\PackageCache\com.unity.test-framework.performance@8b56083ec0f0)
  Built-in packages:
    com.unity.modules.audio@1.0.0 (location: C:\Users\NMAdmin\Downloads\Codex\paper_io_multi_clone\Library\PackageCache\com.unity.modules.audio)
    com.unity.modules.imgui@1.0.0 (location: C:\Users\NMAdmin\Downloads\Codex\paper_io_multi_clone\Library\PackageCache\com.unity.modules.imgui)
    com.unity.modules.jsonserialize@1.0.0 (location: C:\Users\NMAdmin\Downloads\Codex\paper_io_multi_clone\Library\PackageCache\com.unity.modules.jsonserialize)
    com.unity.modules.physics@1.0.0 (location: C:\Users\NMAdmin\Downloads\Codex\paper_io_multi_clone\Library\PackageCache\com.unity.modules.physics)
    com.unity.modules.screencapture@1.0.0 (location: C:\Users\NMAdmin\Downloads\Codex\paper_io_multi_clone\Library\PackageCache\com.unity.modules.screencapture)
    com.unity.modules.imageconversion@1.0.0 (location: C:\Users\NMAdmin\Downloads\Codex\paper_io_multi_clone\Library\PackageCache\com.unity.modules.imageconversion)
    com.unity.transport@6.5.0 (location: C:\Users\NMAdmin\Downloads\Codex\paper_io_multi_clone\Library\PackageCache\com.unity.transport@0c07c94c2861)
    com.unity.collections@6.5.0 (location: C:\Users\NMAdmin\Downloads\Codex\paper_io_multi_clone\Library\PackageCache\com.unity.collections@a43cabe808ca)
    com.unity.modules.unitywebrequest@1.0.0 (location: C:\Users\NMAdmin\Downloads\Codex\paper_io_multi_clone\Library\PackageCache\com.unity.modules.unitywebrequest)
    com.unity.ugui@2.5.0 (location: C:\Users\NMAdmin\Downloads\Codex\paper_io_multi_clone\Library\PackageCache\com.unity.ugui@67707a67a4ab)
    com.unity.modules.androidjni@1.0.0 (location: C:\Users\NMAdmin\Downloads\Codex\paper_io_multi_clone\Library\PackageCache\com.unity.modules.androidjni)
    com.unity.test-framework@1.7.0 (location: C:\Users\NMAdmin\Downloads\Codex\paper_io_multi_clone\Library\PackageCache\com.unity.test-framework@1405238725ab)
    com.unity.mathematics@1.4.0 (location: C:\Users\NMAdmin\Downloads\Codex\paper_io_multi_clone\Library\PackageCache\com.unity.mathematics@981956d94fb6)
    com.unity.modules.ui@1.0.0 (location: C:\Users\NMAdmin\Downloads\Codex\paper_io_multi_clone\Library\PackageCache\com.unity.modules.ui)
    com.unity.modules.physics2d@1.0.0 (location: C:\Users\NMAdmin\Downloads\Codex\paper_io_multi_clone\Library\PackageCache\com.unity.modules.physics2d)
    com.unity.ext.nunit@2.1.0 (location: C:\Users\NMAdmin\Downloads\Codex\paper_io_multi_clone\Library\PackageCache\com.unity.ext.nunit@44f7d31723bd)
    com.unity.modules.physicscore2d@1.0.0 (location: C:\Users\NMAdmin\Downloads\Codex\paper_io_multi_clone\Library\PackageCache\com.unity.modules.physicscore2d)
[Subsystems] No new subsystems found in resolved package list.
[Package Manager] Done registering packages in 0.01 seconds
[ScriptCompilation] Requested script compilation because: InitialRefresh: Force Refresh Recompile flag enabled
[ScriptCompilation] Requested script compilation because: AssetDatabase observed changes in script compilation related files
Starting: C:\Program Files\Unity\Hub\Editor\6000.5.6f1\Editor\Data\Tools\BuildPipeline\bee_backend.exe --ipc --defer-dag-verification --dagfile="Library/Bee/1300b0aE.dag" --continue-on-failure --profile="Library/Bee/backend1.traceevents" ScriptAssemblies
WorkingDir: C:/Users/NMAdmin/Downloads/Codex/paper_io_multi_clone
DisplayProgressbar: Compiling Scripts
ExitCode: 0 Duration: 3s265ms
[443/769    0s] WriteResponseFile Library/Bee/artifacts/rsp/4747638433968585886.rsp
[465/769    0s] CopyFiles Library/ScriptAssemblies/UnityEngine.TestRunner.pdb
[466/769    0s] CopyFiles Library/ScriptAssemblies/UnityEditor.TestRunner.pdb
[467/769    0s] CopyFiles Library/ScriptAssemblies/UnityEngine.TestRunner.dll
[469/769    0s] CopyFiles Library/ScriptAssemblies/UnityEditor.TestRunner.dll
[561/769    0s] CopyFiles Library/ScriptAssemblies/Unity.Burst.CodeGen.dll
[563/769    0s] CopyFiles Library/ScriptAssemblies/Unity.Burst.CodeGen.pdb
[573/769    0s] CopyFiles Library/ScriptAssemblies/Unity.Collections.CodeGen.pdb
[575/769    0s] CopyFiles Library/ScriptAssemblies/Unity.Collections.CodeGen.dll
[597/769    0s] CopyFiles Library/ScriptAssemblies/Unity.Netcode.Editor.CodeGen.pdb
[598/769    0s] CopyFiles Library/ScriptAssemblies/Unity.Netcode.Editor.CodeGen.dll
[610/769    0s] ILPP-Configuration Library/ilpp-configuration.nevergeneratedoutput
[660/769    0s] CopyFiles Library/ScriptAssemblies/Unity.Services.Core.Analytics.dll
[662/769    0s] CopyFiles Library/ScriptAssemblies/Unity.Services.Core.Configuration.dll
[663/769    0s] CopyFiles Library/ScriptAssemblies/Unity.Services.Authentication.dll
[664/769    0s] CopyFiles Library/ScriptAssemblies/Unity.Services.Core.dll
[665/769    0s] CopyFiles Library/ScriptAssemblies/Unity.Services.Core.Scheduler.dll
[666/769    0s] CopyFiles Library/ScriptAssemblies/Unity.Netcode.Runtime.dll
[667/769    0s] CopyFiles Library/ScriptAssemblies/Unity.Collections.dll
[668/769    0s] CopyFiles Library/ScriptAssemblies/Unity.Services.Core.Telemetry.dll
[669/769    0s] CopyFiles Library/ScriptAssemblies/Unity.Services.Core.Components.dll
[670/769    0s] CopyFiles Library/ScriptAssemblies/Unity.PerformanceTesting.dll
[671/769    0s] CopyFiles Library/ScriptAssemblies/Unity.Services.Core.Device.dll
[672/769    0s] CopyFiles Library/ScriptAssemblies/Unity.Services.Core.Networking.dll
[673/769    0s] CopyFiles Library/ScriptAssemblies/Unity.Services.Multiplayer.dll
[674/769    0s] CopyFiles Library/ScriptAssemblies/Unity.Mathematics.dll
[675/769    0s] CopyFiles Library/ScriptAssemblies/Unity.Services.Core.Threading.dll
[676/769    0s] CopyFiles Library/ScriptAssemblies/Unity.Networking.Transport.dll
[677/769    0s] CopyFiles Library/ScriptAssemblies/Unity.Services.Core.Environments.dll
[678/769    0s] CopyFiles Library/ScriptAssemblies/Unity.Services.Core.Environments.Internal.dll
[679/769    0s] CopyFiles Library/ScriptAssemblies/Unity.Services.Wire.Internal.dll
[680/769    0s] CopyFiles Library/ScriptAssemblies/Unity.Services.QoS.dll
[681/769    0s] CopyFiles Library/ScriptAssemblies/Unity.Services.Authentication.PlayerAccounts.dll
[682/769    0s] CopyFiles Library/ScriptAssemblies/Unity.Burst.dll
[683/769    0s] CopyFiles Library/ScriptAssemblies/UnityEngine.UI.dll
[684/769    0s] CopyFiles Library/ScriptAssemblies/Unity.InternalAPIEngineBridge.004.dll
[685/769    0s] CopyFiles Library/ScriptAssemblies/Unity.Services.Core.Internal.dll
[686/769    0s] CopyFiles Library/ScriptAssemblies/Unity.TextMeshPro.dll
[687/769    0s] CopyFiles Library/ScriptAssemblies/Unity.Services.Multiplayer.Editor.Matchmaker.Authoring.Core.dll
[688/769    0s] CopyFiles Library/ScriptAssemblies/Unity.Burst.Editor.pdb
[689/769    0s] CopyFiles Library/ScriptAssemblies/Unity.Services.Multiplayer.Editor.Matchmaker.Authoring.Core.pdb
[690/769    0s] CopyFiles Library/ScriptAssemblies/Unity.Netcode.PackageChecker.Editor.dll
[691/769    0s] CopyFiles Library/ScriptAssemblies/Unity.Burst.Editor.dll
[692/769    0s] CopyFiles Library/ScriptAssemblies/Unity.Services.Authentication.Editor.dll
[693/769    0s] CopyFiles Library/ScriptAssemblies/Unity.Services.Deployment.Core.dll
[694/769    0s] CopyFiles Library/ScriptAssemblies/UnityEditor.UI.Analytics.pdb
[695/769    0s] CopyFiles Library/ScriptAssemblies/Unity.Services.Deployment.Core.pdb
[696/769    0s] CopyFiles Library/ScriptAssemblies/Unity.Services.Authentication.Editor.pdb
[697/769    0s] CopyFiles Library/ScriptAssemblies/Unity.Services.Multiplayer.Editor.Matchmaker.Authoring.pdb
[698/769    0s] CopyFiles Library/ScriptAssemblies/Unity.Services.Multiplayer.Editor.dll
[699/769    0s] CopyFiles Library/ScriptAssemblies/Unity.Services.Multiplayer.Editor.Shared.dll
[700/769    0s] CopyFiles Library/ScriptAssemblies/Unity.PerformanceTesting.Editor.dll
[701/769    0s] CopyFiles Library/ScriptAssemblies/Unity.Services.Deployment.dll
[702/769    0s] CopyFiles Library/ScriptAssemblies/Unity.Services.Multiplayer.Editor.Shared.pdb
[703/769    0s] CopyFiles Library/ScriptAssemblies/Unity.TextMeshPro.Editor.pdb
[704/769    0s] CopyFiles Library/ScriptAssemblies/Unity.Netcode.Editor.dll
[705/769    0s] CopyFiles Library/ScriptAssemblies/Unity.Services.Core.Configuration.Editor.pdb
[706/769    0s] CopyFiles Library/ScriptAssemblies/Unity.Services.Authentication.PlayerAccounts.Editor.pdb
[707/769    0s] CopyFiles Library/ScriptAssemblies/Unity.Services.Authentication.PlayerAccounts.Editor.dll
[708/769    0s] CopyFiles Library/ScriptAssemblies/Unity.Collections.Editor.pdb
[709/769    0s] CopyFiles Library/ScriptAssemblies/Unity.Netcode.Editor.pdb
[710/769    0s] CopyFiles Library/ScriptAssemblies/Unity.Services.Deployment.pdb
[711/769    0s] CopyFiles Library/ScriptAssemblies/Unity.TextMeshPro.Editor.dll
[712/769    0s] CopyFiles Library/ScriptAssemblies/Unity.Services.Core.Configuration.Editor.dll
[713/769    0s] CopyFiles Library/ScriptAssemblies/Unity.Collections.Editor.dll
[714/769    0s] CopyFiles Library/ScriptAssemblies/Unity.Networking.Editor.pdb
[715/769    0s] CopyFiles Library/ScriptAssemblies/unity-websocket-sharp.dll
[716/769    0s] CopyFiles Library/ScriptAssemblies/Unity.Networking.Editor.dll
[717/769    0s] CopyFiles Library/ScriptAssemblies/Unity.Services.Core.Environments.Editor.dll
[718/769    0s] CopyFiles Library/ScriptAssemblies/UnityEditor.UI.dll
[719/769    0s] CopyFiles Library/ScriptAssemblies/Unity.Services.Core.Registration.dll
[720/769    0s] CopyFiles Library/ScriptAssemblies/Unity.Netcode.PackageChecker.Editor.pdb
[721/769    0s] CopyFiles Library/ScriptAssemblies/UnityEditor.UI.pdb
[722/769    0s] CopyFiles Library/ScriptAssemblies/Unity.PerformanceTesting.Editor.pdb
[723/769    0s] CopyFiles Library/ScriptAssemblies/Unity.Services.Core.pdb
[724/769    0s] CopyFiles Library/ScriptAssemblies/Unity.Services.Core.Environments.Editor.pdb
[725/769    0s] CopyFiles Library/ScriptAssemblies/UnityEditor.UI.Analytics.dll
[726/769    0s] CopyFiles Library/ScriptAssemblies/Unity.Services.Multiplayer.Editor.Matchmaker.Authoring.dll
[727/769    0s] CopyFiles Library/ScriptAssemblies/Unity.Services.Core.Configuration.pdb
[728/769    0s] CopyFiles Library/ScriptAssemblies/Unity.Services.Deployment.Editor.Shared.dll
[729/769    0s] CopyFiles Library/ScriptAssemblies/Unity.Services.Core.Editor.pdb
[730/769    0s] CopyFiles Library/ScriptAssemblies/Unity.Services.Core.Editor.dll
[731/769    0s] CopyFiles Library/ScriptAssemblies/Unity.Services.Core.Networking.pdb
[732/769    0s] CopyFiles Library/ScriptAssemblies/Unity.Services.DeploymentApi.dll
[733/769    0s] CopyFiles Library/ScriptAssemblies/Unity.Services.Multiplayer.Editor.pdb
[734/769    0s] CopyFiles Library/ScriptAssemblies/Unity.Networking.Transport.pdb
[735/769    0s] CopyFiles Library/ScriptAssemblies/Unity.Collections.pdb
[736/769    0s] CopyFiles Library/ScriptAssemblies/Unity.Services.Core.Analytics.pdb
[737/769    0s] CopyFiles Library/ScriptAssemblies/Unity.Services.DeploymentApi.pdb
[738/769    0s] CopyFiles Library/ScriptAssemblies/Unity.Burst.pdb
[739/769    0s] CopyFiles Library/ScriptAssemblies/Unity.Services.Authentication.PlayerAccounts.pdb
[740/769    0s] CopyFiles Library/ScriptAssemblies/Unity.Services.Core.Scheduler.pdb
[741/769    0s] CopyFiles Library/ScriptAssemblies/Unity.Services.Deployment.Editor.Shared.pdb
[742/769    0s] CopyFiles Library/ScriptAssemblies/Unity.TextMeshPro.pdb
[743/769    0s] CopyFiles Library/ScriptAssemblies/Unity.Services.Core.Telemetry.pdb
[744/769    0s] CopyFiles Library/ScriptAssemblies/Unity.InternalAPIEngineBridge.004.pdb
[745/769    0s] CopyFiles Library/ScriptAssemblies/Unity.Services.Core.Environments.Internal.pdb
[746/769    0s] CopyFiles Library/ScriptAssemblies/UnityEngine.UI.pdb
[747/769    0s] CopyFiles Library/ScriptAssemblies/unity-websocket-sharp.pdb
[748/769    0s] CopyFiles Library/ScriptAssemblies/Unity.Services.Wire.Internal.pdb
[749/769    0s] CopyFiles Library/ScriptAssemblies/Unity.Services.Core.Threading.pdb
[750/769    0s] CopyFiles Library/ScriptAssemblies/Unity.Services.QoS.pdb
[751/769    0s] CopyFiles Library/ScriptAssemblies/Unity.Services.Core.Components.pdb
[752/769    0s] CopyFiles Library/ScriptAssemblies/Unity.PerformanceTesting.pdb
[753/769    0s] CopyFiles Library/ScriptAssemblies/Unity.Services.Core.Registration.pdb
[754/769    0s] CopyFiles Library/ScriptAssemblies/Unity.Services.Authentication.pdb
[755/769    0s] CopyFiles Library/ScriptAssemblies/Unity.Mathematics.pdb
[756/769    0s] CopyFiles Library/ScriptAssemblies/Unity.Services.Core.Internal.pdb
[757/769    0s] CopyFiles Library/ScriptAssemblies/Unity.Netcode.Runtime.pdb
[758/769    0s] CopyFiles Library/ScriptAssemblies/Unity.Services.Core.Environments.pdb
[759/769    0s] CopyFiles Library/ScriptAssemblies/Unity.Services.Multiplayer.pdb
[760/769    0s] CopyFiles Library/ScriptAssemblies/Unity.Services.Core.Device.pdb
[761/769    2s] Csc Library/Bee/artifacts/1300b0aE.dag/Assembly-CSharp.dll (+2 others)
[762/769    0s] Csc Library/Bee/artifacts/1300b0aE.dag/Assembly-CSharp-Editor.dll (+2 others)
[763/769    0s] ILPostProcess Library/Bee/artifacts/1300b0aE.dag/post-processed/Assembly-CSharp-Editor.dll (+pdb)
Processing assembly Library/Bee/artifacts/1300b0aE.dag/Assembly-CSharp-Editor.dll, with 148 defines and 323 references

processors: Unity.Jobs.CodeGen.JobsILPostProcessor, Unity.Netcode.Editor.CodeGen.INetworkMessageILPP, Unity.Netcode.Editor.CodeGen.INetworkSerializableILPP, Unity.Netcode.Editor.CodeGen.NetworkBehaviourILPP, Unity.Netcode.Editor.CodeGen.RuntimeAccessModifiersILPP, zzzUnity.Burst.CodeGen.BurstILPostProcessor

running Unity.Jobs.CodeGen.JobsILPostProcessor

running Unity.Netcode.Editor.CodeGen.INetworkMessageILPP

running Unity.Netcode.Editor.CodeGen.INetworkSerializableILPP

running Unity.Netcode.Editor.CodeGen.NetworkBehaviourILPP

running Unity.Netcode.Editor.CodeGen.RuntimeAccessModifiersILPP

running zzzUnity.Burst.CodeGen.BurstILPostProcessor
[764/769    0s] ILPostProcess Library/Bee/artifacts/1300b0aE.dag/post-processed/Assembly-CSharp.dll (+pdb)
Processing assembly Library/Bee/artifacts/1300b0aE.dag/Assembly-CSharp.dll, with 150 defines and 282 references

processors: Unity.Jobs.CodeGen.JobsILPostProcessor, Unity.Netcode.Editor.CodeGen.INetworkMessageILPP, Unity.Netcode.Editor.CodeGen.INetworkSerializableILPP, Unity.Netcode.Editor.CodeGen.NetworkBehaviourILPP, Unity.Netcode.Editor.CodeGen.RuntimeAccessModifiersILPP, zzzUnity.Burst.CodeGen.BurstILPostProcessor

running Unity.Jobs.CodeGen.JobsILPostProcessor

running Unity.Netcode.Editor.CodeGen.INetworkMessageILPP

running Unity.Netcode.Editor.CodeGen.INetworkSerializableILPP

running Unity.Netcode.Editor.CodeGen.NetworkBehaviourILPP

running Unity.Netcode.Editor.CodeGen.RuntimeAccessModifiersILPP

running zzzUnity.Burst.CodeGen.BurstILPostProcessor
[765/769    0s] CopyFiles Library/ScriptAssemblies/Assembly-CSharp-Editor.pdb
[766/769    0s] CopyFiles Library/ScriptAssemblies/Assembly-CSharp-Editor.dll
[767/769    0s] CopyFiles Library/ScriptAssemblies/Assembly-CSharp.pdb
[768/769    0s] CopyFiles Library/ScriptAssemblies/Assembly-CSharp.dll
*** Tundra build success (3.23 seconds), 120 items updated, 769 evaluated
Total cache size 206069581
Total cache size after purge 206069581, took 00:00:00.5094772
AssetDatabase: script compilation time: 6.256173s
Begin MonoManager ReloadAssembly
Refreshing native plugins compatible for Editor in 2.12 ms, found 0 plugins.
Native extension for Android target not found
Native extension for WindowsStandalone target not found
ScheduleIndexationOnStartup MainProcess:True IndexOnStartup:True
Mono: successfully reloaded assembly
- Finished resetting the current domain, in  2.804 seconds
Domain Reload Profiling: 3886ms
	BeginReloadAssembly (333ms)
		DisableScriptedObjects (35ms)
		CreateAndSetChildDomain (74ms)
	RebuildCommonClasses (13ms)
	RebuildNativeTypeToScriptingClass (22ms)
	initialDomainReloadingComplete (95ms)
	LoadAllAssembliesAndSetupDomain (617ms)
		LoadAssemblies (502ms)
		AnalyzeDomain (140ms)
			TypeCache.Refresh (94ms)
				TypeCache.ScanAssembly (81ms)
			BuildScriptInfoCaches (42ms)
	FinalizeReload (2806ms)
		SetupLoadedEditorAssemblies (0ms)
			InitializePlatformSupportModulesInManaged (10ms)
			BeforeProcessingInitializeOnLoad (112ms)
			ProcessInitializeOnLoadAttributes (1932ms)
			ProcessInitializeOnLoadMethodAttributes (475ms)
			AfterProcessingInitializeOnLoad (17ms)
		AwakeInstancesAfterBackupRestoration (38ms)
Starting new worker id: 0 with log in C:/Users/NMAdmin/Downloads/Codex/paper_io_multi_clone/Logs/AssetImportWorkerHW0.log
Refreshing native plugins compatible for Editor in 2.12 ms, found 0 plugins.

Asset Pipeline Refresh (id=022838894c07b5943b3fa198842fb7d4): Total: 10.836 seconds - Initiated by InitialRefreshV2(ForceSynchronousImport)
	(Values over 0.05ms)
	Summary:
		Imports: total=88 (actual=0, local cache=88, cache server=0)
		Asset DB Process Time: managed=0 ms, native=3152 ms
		Asset DB Callback time: managed=182 ms, native=27 ms
		Scripting: domain reloads=1, domain reload time=1155 ms, compile time=6260 ms, other=57 ms
		Project Asset Count: scripts=733, non-scripts=288
		Asset File Changes: new=0, changed=1, moved=0, deleted=0
		Scan Filter Count: 0
	InvokePackagesCallback: 20.115ms
	ApplyChangesToAssetFolders: 0.621ms
	Scan: 111.186ms
	Collect global state as custom dependencies: 15.176ms
	OnSourceAssetsModified: 0.703ms
	CategorizeScriptCompilationAssets: 17.128ms
	ProcessAssetsWithTransientArtifactChanges: 38.626ms
	CategorizeAssets: 10.320ms
	CompileScripts: 6259.646ms
	ImportOutOfDateAssets: 2836.704ms (2817.459ms without children)
		UnloadImportedAssets: 2.414ms
		EnsureUptoDateAssetsAreRegisteredWithGuidPM: 0.267ms
		ImportSchedulerStart: 16.556ms
	PostProcessAllAssets: 185.902ms
		VCAutoAddAssetPostprocess 2.530ms
		XRBuildSystem.XRAssetImported 0.891ms
		MonoPostProcessAllAssets: 181.682ms
			StyleCatalogPostProcessor.OnPostprocessAllAssets 65.891ms
			AssetPostprocessorProxy.OnPostprocessAllAssets 17.791ms
			AssetPostprocessor.OnPostprocessAllAssets 14.375ms
			BuilderAssetPostprocessor.OnPostprocessAllAssets 11.473ms
			WindowAssetPostprocessingWatcher.OnPostprocessAllAssets 10.154ms
			NetworkPrefabProcessor.OnPostprocessAllAssets 3.337ms
			SyncVS.PostprocessSyncProject 2.462ms
			AssetChangedListener.OnPostprocessAllAssets 1.773ms
			RetainedModeAssetPostprocessor.OnPostprocessAllAssets 1.311ms
			EditModeScopePostprocessor.OnPostprocessAllAssets 1.125ms
			ArtifactBrowserPostProcessor.OnPostprocessAllAssets 1.061ms
			SpeedTree9Postprocessor.OnPostprocessAllAssets 0.865ms
			TextAssetPostProcessor.OnPostprocessAllAssets 0.556ms
			AudioMixerPostprocessor.OnPostprocessAllAssets 0.548ms
			TMPro_TexturePostProcessor.OnPostprocessAllAssets 0.512ms
			ReferencedClipsPostProcessor.OnPostprocessAllAssets 0.317ms
			AssetEvents.OnPostprocessAllAssets 0.297ms
			TerrainToolbarOverlayPostProcessor.OnPostprocessAllAssets 0.278ms
			SpeedTreePostProcessor.OnPostprocessAllAssets 0.181ms
			ScenarioDriftAssetsTracker.OnPostprocessAllAssets 0.176ms
			AssetDatabaseCallbacks.OnPostprocessAllAssets 0.174ms
			ConfigAssetsTracker.OnPostprocessAllAssets 0.174ms
			AudioContainerPostProcessor.OnPostprocessAllAssets 0.160ms
			RenderPipelineGlobalSettingsPostprocessor.OnPostprocessAllAssets 0.110ms
	PostAssetChangesProfiler: 5.688ms
	UnloadStreamsBegin: 1.834ms
	PersistCurrentRevisions: 0.318ms
	GenerateScriptTypeHashes: 1.532ms
	GenerateScriptTypeSerializationHashes: 3.110ms
	Untracked: 1326.208ms

Application.AssetDatabase Initial Refresh End
Scanning for USB devices : 5.350ms
Initializing Unity extensions:
[MODES] ModeService[none].Initialize
[MODES] ModeService[none].LoadModes
[MODES] Loading mode Default (0) for mode-current-id-PaperTrails
Worker ready: AssetImportWorkerHW0 0
Unloading 7 Unused Serialized files (Serialized files now loaded: 0)
Unloading 3216 unused Assets / (2.2 MB). Loaded Objects now: 3837.
Memory consumption went from 272.2 MB to 270.0 MB.
Total: 10.642700 ms (FindLiveObjects: 0.572600 ms CreateObjectMapping: 1.426300 ms MarkObjects: 6.925100 ms  DeleteObjects: 1.710500 ms)

Unloading 1 Unused Serialized files (Serialized files now loaded: 0)
Unloading 0 unused Assets / (2.2 KB). Loaded Objects now: 3839.
Memory consumption went from 263.3 MB to 263.3 MB.
Total: 8.069600 ms (FindLiveObjects: 0.286700 ms CreateObjectMapping: 0.647300 ms MarkObjects: 7.122800 ms  DeleteObjects: 0.011600 ms)

Importing 'GUID: 07ab82c0341d32944bd53a87d323449f - Path: Assets/PaperTrails/Scenes/PaperTrails.unity' with importer (DefaultImporter)
Imported 'GUID: 07ab82c0341d32944bd53a87d323449f' -> (Import Result ID: '7f8bb626c56b051413d98dcc8ea5a910') in 0.005 seconds [static dependencies only]. Details - ImportResultOutputID=a08b31c3e58561ebe93d624d75674bb7 DependenciesID=5b58d1c3fc2c82cbe34fd7cfca4dcbd1 StaticDependenciesID=525b6aaccea62a2306ade6720513d4cb 
Refreshing native plugins compatible for Editor in 2.47 ms, found 0 plugins.
Asset Pipeline Refresh (id=e0a20c898e115e247bc0b0489ca76252): Total: 0.041 seconds - Initiated by StopAssetImportingV2(NoUpdateAssetOptions)
Importing 'GUID: 00000000000000004000000000000000 - Path: ProjectSettings/ProjectSettings.asset' with importer (LibraryAssetImporter)
Imported 'GUID: 00000000000000004000000000000000' -> (Import Result ID: '1fc2b04bfb6dba3cb60c1e98bf3272e8') in 0.002 seconds [static dependencies only]. Details - ImportResultOutputID=276a810dac73e1f29404d5e5f692e214 DependenciesID=b5b74bdb028cd9902436d5834bdabe05 StaticDependenciesID=050e110637cdf5e3edb49b04a6567dea 
Asset Pipeline Refresh (id=8590ea539d918ed40b1f74a0a172db40): Total: 0.029 seconds - Initiated by StopAssetImportingV2(NoUpdateAssetOptions)
Asset Pipeline Refresh (id=b81ab2728a6d4dd448cf35be34baebac): Total: 0.029 seconds - Initiated by RefreshV2(NoUpdateAssetOptions)
Asset Pipeline Refresh (id=b100e0b6ebddfd041812aa6fe2122d8a): Total: 0.032 seconds - Initiated by RefreshV2(NoUpdateAssetOptions)
[ServicesCore]: To use Unity's dashboard services, you need to link your Unity project to a project ID. To do this, go to Project Settings to select your organization, select your project and then link a project ID. You also need to make sure your organization has access to the required products. Visit https://dashboard.unity3d.com to sign up.
UnityEngine.Debug:ExtractStackTraceNoAlloc (byte*,int,string)
UnityEngine.StackTraceUtility:ExtractStackTrace ()
UnityEngine.DebugLogHandler:Internal_Log (UnityEngine.LogType,UnityEngine.LogOption,string,UnityEngine.Object)
UnityEngine.DebugLogHandler:LogFormat (UnityEngine.LogType,UnityEngine.Object,string,object[])
UnityEngine.Logger:LogWarning (string,object)
Unity.Services.Core.Internal.CoreLogger:LogWarning (object) (at ./Library/PackageCache/com.unity.services.core@3464cb68d709/Runtime/Core.Internal/Logging/CoreLogger.cs:15)
Unity.Services.Core.Editor.ProjectUnlinkBuildWarning:OnPreprocessBuild (UnityEditor.Build.Reporting.BuildReport) (at ./Library/PackageCache/com.unity.services.core@3464cb68d709/Editor/Core/Build/ProjectUnlinkBuildWarning.cs:29)
UnityEditor.Build.BuildPipelineInterfaces/<>c__DisplayClass17_0:<OnBuildPreProcess>b__1 (UnityEditor.Build.IPreprocessBuildWithReport)
UnityEditor.Build.BuildPipelineInterfaces:InvokeCallbackInterfacesPair<UnityEditor.Build.IPreprocessBuild, UnityEditor.Build.IPreprocessBuildWithReport> (System.Collections.Generic.List`1<UnityEditor.Build.IPreprocessBuild>,System.Action`1<UnityEditor.Build.IPreprocessBuild>,System.Collections.Generic.List`1<UnityEditor.Build.IPreprocessBuildWithReport>,System.Action`1<UnityEditor.Build.IPreprocessBuildWithReport>,bool)
UnityEditor.Build.BuildPipelineInterfaces:OnBuildPreProcess (UnityEditor.Build.Reporting.BuildReport)
UnityEditor.BuildPipeline:BuildPlayerInternal (string[],string,string,UnityEditor.BuildTargetGroup,UnityEditor.BuildTarget,int,UnityEditor.BuildOptions,string[],string[],bool)
UnityEditor.BuildPipeline:BuildPlayer (UnityEditor.BuildPlayerOptions)
PaperTrails.Editor.ProjectBuilder:Build (string,UnityEditor.BuildTarget) (at Assets/PaperTrails/Editor/ProjectBuilder.cs:50)
PaperTrails.Editor.ProjectBuilder:Android () (at Assets/PaperTrails/Editor/ProjectBuilder.cs:46)

(Filename: ./Library/PackageCache/com.unity.services.core@3464cb68d709/Editor/Core/Build/ProjectUnlinkBuildWarning.cs Line: 29)

Importing 'GUID: de10c155bbe1f09459bcedee5eb344dc - Path: Assets/Resources' with importer (DefaultImporter)
Imported 'GUID: de10c155bbe1f09459bcedee5eb344dc' -> (Import Result ID: '82010fef86ff3f100173758dcf343fe3') in 0.010 seconds [static dependencies only]. Details - ImportResultOutputID=b41efcf46e58d703c1f31734756abbea DependenciesID=8fd3b686b4688f1dfe0f95f6897755d9 StaticDependenciesID=212cd3aca0efc87a14edee5c6cf85c5c 
Asset Pipeline Refresh (id=0a44aa12c1624e44b94be6590a8bbc69): Total: 0.049 seconds - Initiated by StopAssetImportingV2(NoUpdateAssetOptions)
[TestRunBuilder] Creating new file 'Assets/Resources/PerformanceTestRunInfo.json' (1834 bytes)
UnityEngine.Debug:ExtractStackTraceNoAlloc (byte*,int,string)
UnityEngine.StackTraceUtility:ExtractStackTrace ()
UnityEngine.DebugLogHandler:Internal_Log (UnityEngine.LogType,UnityEngine.LogOption,string,UnityEngine.Object)
UnityEngine.DebugLogHandler:LogFormat (UnityEngine.LogType,UnityEngine.Object,string,object[])
UnityEngine.Logger:Log (UnityEngine.LogType,object)
UnityEngine.Debug:Log (object)
Unity.PerformanceTesting.Editor.TestRunBuilder:SaveToStorage (object,string) (at ./Library/PackageCache/com.unity.test-framework.performance@8b56083ec0f0/Editor/TestRunBuilder.cs:242)
Unity.PerformanceTesting.Editor.TestRunBuilder:OnPreprocessBuild (UnityEditor.Build.Reporting.BuildReport) (at ./Library/PackageCache/com.unity.test-framework.performance@8b56083ec0f0/Editor/TestRunBuilder.cs:35)
UnityEditor.Build.BuildPipelineInterfaces/<>c__DisplayClass17_0:<OnBuildPreProcess>b__1 (UnityEditor.Build.IPreprocessBuildWithReport)
UnityEditor.Build.BuildPipelineInterfaces:InvokeCallbackInterfacesPair<UnityEditor.Build.IPreprocessBuild, UnityEditor.Build.IPreprocessBuildWithReport> (System.Collections.Generic.List`1<UnityEditor.Build.IPreprocessBuild>,System.Action`1<UnityEditor.Build.IPreprocessBuild>,System.Collections.Generic.List`1<UnityEditor.Build.IPreprocessBuildWithReport>,System.Action`1<UnityEditor.Build.IPreprocessBuildWithReport>,bool)
UnityEditor.Build.BuildPipelineInterfaces:OnBuildPreProcess (UnityEditor.Build.Reporting.BuildReport)
UnityEditor.BuildPipeline:BuildPlayerInternal (string[],string,string,UnityEditor.BuildTargetGroup,UnityEditor.BuildTarget,int,UnityEditor.BuildOptions,string[],string[],bool)
UnityEditor.BuildPipeline:BuildPlayer (UnityEditor.BuildPlayerOptions)
PaperTrails.Editor.ProjectBuilder:Build (string,UnityEditor.BuildTarget) (at Assets/PaperTrails/Editor/ProjectBuilder.cs:50)
PaperTrails.Editor.ProjectBuilder:Android () (at Assets/PaperTrails/Editor/ProjectBuilder.cs:46)

(Filename: ./Library/PackageCache/com.unity.test-framework.performance@8b56083ec0f0/Editor/TestRunBuilder.cs Line: 242)

[TestRunBuilder] Creating new file 'Assets/Resources/PerformanceTestRunSettings.json' (23 bytes)
UnityEngine.Debug:ExtractStackTraceNoAlloc (byte*,int,string)
UnityEngine.StackTraceUtility:ExtractStackTrace ()
UnityEngine.DebugLogHandler:Internal_Log (UnityEngine.LogType,UnityEngine.LogOption,string,UnityEngine.Object)
UnityEngine.DebugLogHandler:LogFormat (UnityEngine.LogType,UnityEngine.Object,string,object[])
UnityEngine.Logger:Log (UnityEngine.LogType,object)
UnityEngine.Debug:Log (object)
Unity.PerformanceTesting.Editor.TestRunBuilder:SaveToStorage (object,string) (at ./Library/PackageCache/com.unity.test-framework.performance@8b56083ec0f0/Editor/TestRunBuilder.cs:242)
Unity.PerformanceTesting.Editor.TestRunBuilder:OnPreprocessBuild (UnityEditor.Build.Reporting.BuildReport) (at ./Library/PackageCache/com.unity.test-framework.performance@8b56083ec0f0/Editor/TestRunBuilder.cs:38)
UnityEditor.Build.BuildPipelineInterfaces/<>c__DisplayClass17_0:<OnBuildPreProcess>b__1 (UnityEditor.Build.IPreprocessBuildWithReport)
UnityEditor.Build.BuildPipelineInterfaces:InvokeCallbackInterfacesPair<UnityEditor.Build.IPreprocessBuild, UnityEditor.Build.IPreprocessBuildWithReport> (System.Collections.Generic.List`1<UnityEditor.Build.IPreprocessBuild>,System.Action`1<UnityEditor.Build.IPreprocessBuild>,System.Collections.Generic.List`1<UnityEditor.Build.IPreprocessBuildWithReport>,System.Action`1<UnityEditor.Build.IPreprocessBuildWithReport>,bool)
UnityEditor.Build.BuildPipelineInterfaces:OnBuildPreProcess (UnityEditor.Build.Reporting.BuildReport)
UnityEditor.BuildPipeline:BuildPlayerInternal (string[],string,string,UnityEditor.BuildTargetGroup,UnityEditor.BuildTarget,int,UnityEditor.BuildOptions,string[],string[],bool)
UnityEditor.BuildPipeline:BuildPlayer (UnityEditor.BuildPlayerOptions)
PaperTrails.Editor.ProjectBuilder:Build (string,UnityEditor.BuildTarget) (at Assets/PaperTrails/Editor/ProjectBuilder.cs:50)
PaperTrails.Editor.ProjectBuilder:Android () (at Assets/PaperTrails/Editor/ProjectBuilder.cs:46)

(Filename: ./Library/PackageCache/com.unity.test-framework.performance@8b56083ec0f0/Editor/TestRunBuilder.cs Line: 242)

Importing 'GUID: 00000000000000004000000000000000 - Path: ProjectSettings/ProjectSettings.asset' with importer (LibraryAssetImporter)
Imported 'GUID: 00000000000000004000000000000000' -> (Import Result ID: '1fc2b04bfb6dba3cb60c1e98bf3272e8') in 0.001 seconds [static dependencies only]. Details - ImportResultOutputID=276a810dac73e1f29404d5e5f692e214 DependenciesID=b5b74bdb028cd9902436d5834bdabe05 StaticDependenciesID=050e110637cdf5e3edb49b04a6567dea 
Asset Pipeline Refresh (id=25570adcd685c144fa818258dd33ee0b): Total: 0.025 seconds - Initiated by StopAssetImportingV2(NoUpdateAssetOptions)
DisplayProgressbar: Checking prerequisites
Reporting tool paths:
 JDK: 'C:\Program Files\Unity\Hub\Editor\6000.5.6f1\Editor\Data\PlaybackEngines\AndroidPlayer\OpenJDK'
 Android SDK: 'C:\Program Files\Unity\Hub\Editor\6000.5.6f1\Editor\Data\PlaybackEngines\AndroidPlayer\SDK'
 Android NDK: 'C:\Program Files\Unity\Hub\Editor\6000.5.6f1\Editor\Data\PlaybackEngines\AndroidPlayer\NDK'
 Gradle: 'C:\Program Files\Unity\Hub\Editor\6000.5.6f1\Editor\Data\PlaybackEngines\AndroidPlayer\Tools\gradle' (Gradle Version: '9.1.0' Android Plugin Version: '9.0.0')
Android PostProcess task "Checking prerequisites" took 26.2563 ms
DisplayProgressbar: Detect Java Development Kit (JDK)
Android PostProcess task "Detect Java Development Kit (JDK)" took 113.6717 ms
DisplayProgressbar: Detecting Android SDK
AndroidSDKTools:

	root          : C:\Program Files\Unity\Hub\Editor\6000.5.6f1\Editor\Data\PlaybackEngines\AndroidPlayer\SDK
	cmdline-tools : C:\Program Files\Unity\Hub\Editor\6000.5.6f1\Editor\Data\PlaybackEngines\AndroidPlayer\SDK\cmdline-tools\16.0
	platform-tools: C:\Program Files\Unity\Hub\Editor\6000.5.6f1\Editor\Data\PlaybackEngines\AndroidPlayer\SDK\platform-tools
	build-tools   : C:\Program Files\Unity\Hub\Editor\6000.5.6f1\Editor\Data\PlaybackEngines\AndroidPlayer\SDK\build-tools\36.0.0

	adb           : C:\Program Files\Unity\Hub\Editor\6000.5.6f1\Editor\Data\PlaybackEngines\AndroidPlayer\SDK\platform-tools\adb.exe

Android PostProcess task "Detecting Android SDK" took 3048.512 ms
DisplayProgressbar: Detect Android NDK
Android PostProcess task "Detect Android NDK" took 3.8695 ms
Android PostProcess task "Trying to find a suitable Android device" took 0.8256 ms
DisplayProgressbar: Check resources
Android PostProcess task "Check resources" took 0.5729 ms
DisplayProgressbar: Check Android Player Settings
Android PostProcess task "Check Android Player Settings" took 2.9379 ms
Launched and connected shader compiler UnityShaderCompiler.exe after 0.01 seconds
Starting: C:\Program Files\Unity\Hub\Editor\6000.5.6f1\Editor\Data\Tools\BuildPipeline\bee_backend.exe --ipc --defer-dag-verification --dagfile="Library/Bee/1300b0aESkipCompile.dag" --continue-on-failure --profile="Library/Bee/backend1.traceevents" ScriptAssembliesAndTypeDB
WorkingDir: C:/Users/NMAdmin/Downloads/Codex/paper_io_multi_clone
DisplayProgressbar: Compiling Scripts
ExitCode: 0 Duration: 1s193ms
[3/4        1s] BuildPlayerDataGenerator Library/BuildPlayerData/Editor/TypeDb-All.json
*** Tundra build success (1.16 seconds), 1 items updated, 4 evaluated
Importing 'GUID: d3dcfa270ca54434882ec7614a1f4b43 - Path: Assets/Resources/PerformanceTestRunInfo.json' with importer (TextScriptImporter)
Imported 'GUID: d3dcfa270ca54434882ec7614a1f4b43' -> (Import Result ID: 'ede4b4bd5d86808d22fa6b8f5b13116a') in 0.010 seconds [static dependencies only]. Details - ImportResultOutputID=bb9ae07d33d41da5b775028747162eaf DependenciesID=5c0ad7e1e4b1036e4a9456b9c954c686 StaticDependenciesID=c82cb9c212e447987ddb4bf5ac881555 
Importing 'GUID: a554a477a49fee343a59e9abcf6211f6 - Path: Assets/Resources/PerformanceTestRunSettings.json' with importer (TextScriptImporter)
Imported 'GUID: a554a477a49fee343a59e9abcf6211f6' -> (Import Result ID: 'b238f69e3012206a43f23092e79039a8') in 0.009 seconds [static dependencies only]. Details - ImportResultOutputID=bddb4eee8651c0a0d9596e9d4b1fe67e DependenciesID=38d855b8e84cc14edabe11535aaf1f74 StaticDependenciesID=0c79413804c3889a31475ceb591e2d68 
Asset Pipeline Refresh (id=d259b6a7f929b71448d9905f4ffe0eba): Total: 0.047 seconds - Initiated by RefreshV2(NoUpdateAssetOptions)
[ScriptCompilation] Requested script compilation because: Recompiling scripts for player build.
BuildPlayer: start building target 13
Starting: C:\Program Files\Unity\Hub\Editor\6000.5.6f1\Editor\Data\Tools\BuildPipeline\bee_backend.exe --ipc --defer-dag-verification --dagfile="Library/Bee/1300b0aP.dag" --continue-on-failure --profile="Library/Bee/backend1.traceevents" ScriptAssembliesAndTypeDB
WorkingDir: C:/Users/NMAdmin/Downloads/Codex/paper_io_multi_clone
Total cache size 206069581
Total cache size after purge 206069581, took 00:00:00.6700669
ExitCode: 0 Duration: 5s602ms
[406/603    0s] WriteResponseFile Library/Bee/artifacts/rsp/4747638433968585886.rsp
[515/603    0s] ILPP-Configuration Library/ilpp-configuration.nevergeneratedoutput
[543/603    0s] CopyFiles Library/Bee/PlayerScriptAssemblies/Unity.Services.Core.Networking.dll
[544/603    0s] CopyFiles Library/Bee/PlayerScriptAssemblies/Unity.Burst.dll
[545/603    0s] CopyFiles Library/Bee/PlayerScriptAssemblies/Unity.Services.Core.Environments.Internal.dll
[546/603    0s] CopyFiles Library/Bee/PlayerScriptAssemblies/Unity.Services.Wire.Internal.dll
[547/603    0s] CopyFiles Library/Bee/PlayerScriptAssemblies/Unity.Services.Core.Analytics.dll
[548/603    0s] CopyFiles Library/Bee/PlayerScriptAssemblies/Unity.Services.Core.Telemetry.dll
[549/603    0s] CopyFiles Library/Bee/PlayerScriptAssemblies/Unity.Services.Core.Environments.dll
[550/603    0s] CopyFiles Library/Bee/PlayerScriptAssemblies/Unity.Mathematics.dll
[551/603    0s] CopyFiles Library/Bee/PlayerScriptAssemblies/UnityEngine.UI.dll
[552/603    0s] CopyFiles Library/Bee/PlayerScriptAssemblies/Unity.Networking.Transport.dll
[553/603    0s] CopyFiles Library/Bee/PlayerScriptAssemblies/Unity.Services.Core.Components.dll
[554/603    0s] CopyFiles Library/Bee/PlayerScriptAssemblies/Unity.Services.Core.Scheduler.dll
[555/603    0s] CopyFiles Library/Bee/PlayerScriptAssemblies/Unity.InternalAPIEngineBridge.004.dll
[556/603    0s] CopyFiles Library/Bee/PlayerScriptAssemblies/Unity.Services.Core.Internal.dll
[557/603    0s] CopyFiles Library/Bee/PlayerScriptAssemblies/Unity.Collections.dll
[558/603    0s] CopyFiles Library/Bee/PlayerScriptAssemblies/Unity.Services.QoS.dll
[559/603    0s] CopyFiles Library/Bee/PlayerScriptAssemblies/Unity.Services.Core.Registration.dll
[560/603    0s] CopyFiles Library/Bee/PlayerScriptAssemblies/Unity.Services.Core.Device.dll
[561/603    0s] CopyFiles Library/Bee/PlayerScriptAssemblies/Unity.Services.Core.dll
[562/603    0s] CopyFiles Library/Bee/PlayerScriptAssemblies/Unity.Services.Core.Internal.pdb
[563/603    0s] CopyFiles Library/Bee/PlayerScriptAssemblies/unity-websocket-sharp.dll
[564/603    0s] CopyFiles Library/Bee/PlayerScriptAssemblies/Unity.Services.Core.pdb
[565/603    0s] CopyFiles Library/Bee/PlayerScriptAssemblies/Unity.Services.Core.Threading.dll
[566/603    0s] CopyFiles Library/Bee/PlayerScriptAssemblies/Unity.Netcode.Runtime.pdb
[567/603    0s] CopyFiles Library/Bee/PlayerScriptAssemblies/Unity.Services.Core.Telemetry.pdb
[568/603    0s] CopyFiles Library/Bee/PlayerScriptAssemblies/Unity.Services.Core.Configuration.dll
[569/603    0s] CopyFiles Library/Bee/PlayerScriptAssemblies/Unity.Services.Core.Scheduler.pdb
[570/603    0s] CopyFiles Library/Bee/PlayerScriptAssemblies/Unity.Services.Core.Analytics.pdb
[571/603    0s] CopyFiles Library/Bee/PlayerScriptAssemblies/Unity.Netcode.Runtime.dll
[572/603    0s] CopyFiles Library/Bee/PlayerScriptAssemblies/Unity.Services.Core.Environments.Internal.pdb
[573/603    0s] CopyFiles Library/Bee/PlayerScriptAssemblies/Unity.TextMeshPro.pdb
[574/603    0s] CopyFiles Library/Bee/PlayerScriptAssemblies/Unity.Services.Core.Networking.pdb
[575/603    0s] CopyFiles Library/Bee/PlayerScriptAssemblies/Unity.Services.Wire.Internal.pdb
[576/603    0s] CopyFiles Library/Bee/PlayerScriptAssemblies/Unity.Services.Core.Configuration.pdb
[577/603    0s] CopyFiles Library/Bee/PlayerScriptAssemblies/UnityEngine.UI.pdb
[578/603    0s] CopyFiles Library/Bee/PlayerScriptAssemblies/Unity.Services.Authentication.PlayerAccounts.pdb
[579/603    0s] CopyFiles Library/Bee/PlayerScriptAssemblies/Unity.Services.Multiplayer.pdb
[580/603    0s] CopyFiles Library/Bee/PlayerScriptAssemblies/Unity.Services.Core.Components.pdb
[581/603    0s] CopyFiles Library/Bee/PlayerScriptAssemblies/Unity.Services.Core.Threading.pdb
[582/603    0s] CopyFiles Library/Bee/PlayerScriptAssemblies/unity-websocket-sharp.pdb
[583/603    0s] CopyFiles Library/Bee/PlayerScriptAssemblies/Unity.Networking.Transport.pdb
[584/603    0s] CopyFiles Library/Bee/PlayerScriptAssemblies/Unity.Collections.pdb
[585/603    0s] CopyFiles Library/Bee/PlayerScriptAssemblies/Unity.Services.Core.Registration.pdb
[586/603    0s] CopyFiles Library/Bee/PlayerScriptAssemblies/Unity.Services.Authentication.PlayerAccounts.dll
[587/603    0s] CopyFiles Library/Bee/PlayerScriptAssemblies/Unity.Mathematics.pdb
[588/603    0s] CopyFiles Library/Bee/PlayerScriptAssemblies/Unity.Services.QoS.pdb
[589/603    0s] CopyFiles Library/Bee/PlayerScriptAssemblies/Unity.Burst.pdb
[590/603    0s] CopyFiles Library/Bee/PlayerScriptAssemblies/Unity.Services.Multiplayer.dll
[591/603    0s] CopyFiles Library/Bee/PlayerScriptAssemblies/Unity.Services.Authentication.dll
[592/603    0s] CopyFiles Library/Bee/PlayerScriptAssemblies/Unity.Services.Authentication.pdb
[593/603    0s] CopyFiles Library/Bee/PlayerScriptAssemblies/Unity.TextMeshPro.dll
[594/603    0s] CopyFiles Library/Bee/PlayerScriptAssemblies/Unity.Services.Core.Environments.pdb
[595/603    0s] CopyFiles Library/Bee/PlayerScriptAssemblies/Unity.InternalAPIEngineBridge.004.pdb
[596/603    0s] CopyFiles Library/Bee/PlayerScriptAssemblies/Unity.Services.Core.Device.pdb
[597/603    3s] Csc Library/Bee/artifacts/1300b0aP.dag/Assembly-CSharp.dll (+2 others)
[598/603    0s] ILPostProcess Library/Bee/artifacts/1300b0aP.dag/post-processed/Assembly-CSharp.dll (+pdb)
Processing assembly Library/Bee/artifacts/1300b0aP.dag/Assembly-CSharp.dll, with 139 defines and 206 references

processors: Unity.Jobs.CodeGen.JobsILPostProcessor, Unity.Netcode.Editor.CodeGen.INetworkMessageILPP, Unity.Netcode.Editor.CodeGen.INetworkSerializableILPP, Unity.Netcode.Editor.CodeGen.NetworkBehaviourILPP, Unity.Netcode.Editor.CodeGen.RuntimeAccessModifiersILPP, zzzUnity.Burst.CodeGen.BurstILPostProcessor

running Unity.Jobs.CodeGen.JobsILPostProcessor

running Unity.Netcode.Editor.CodeGen.INetworkMessageILPP

running Unity.Netcode.Editor.CodeGen.INetworkSerializableILPP

running Unity.Netcode.Editor.CodeGen.NetworkBehaviourILPP

running Unity.Netcode.Editor.CodeGen.RuntimeAccessModifiersILPP

running zzzUnity.Burst.CodeGen.BurstILPostProcessor
[599/603    0s] CopyFiles Library/Bee/PlayerScriptAssemblies/Assembly-CSharp.pdb
[600/603    0s] CopyFiles Library/Bee/PlayerScriptAssemblies/Assembly-CSharp.dll
[602/603    0s] BuildPlayerDataGenerator Library/BuildPlayerData/Player/RuntimeInitializeOnLoads.json (+1 other)
*** Tundra build success (5.57 seconds), 61 items updated, 603 evaluated
Rebuilding Data files because Assets/Resources/PerformanceTestRunInfo.json is dirty (hash)


Mono dependencies included in the build
Dependency assembly - System.Diagnostics.FileVersionInfo.dll
Dependency assembly - System.Security.Cryptography.Algorithms.dll
Dependency assembly - System.Net.Mail.dll
Dependency assembly - System.ServiceModel.Discovery.dll
Dependency assembly - Microsoft.Extensions.DependencyInjection.Abstractions.dll
Dependency assembly - System.Net.ServicePoint.dll
Dependency assembly - System.ServiceModel.Activation.dll
Dependency assembly - System.Core.dll
Dependency assembly - System.Runtime.Serialization.Formatters.Soap.dll
Dependency assembly - System.Runtime.Remoting.dll
Dependency assembly - System.Reflection.Emit.ILGeneration.dll
Dependency assembly - System.ValueTuple.dll
Dependency assembly - System.Reflection.DispatchProxy.dll
Dependency assembly - System.EnterpriseServices.dll
Dependency assembly - System.dll
Dependency assembly - Unity.InternalAPIEngineBridge.004.dll
Dependency assembly - System.Text.Encoding.dll
Dependency assembly - System.Messaging.dll
Dependency assembly - Unity.Services.Wire.Internal.dll
Dependency assembly - Microsoft.Win32.Registry.dll
Dependency assembly - System.Threading.AccessControl.dll
Dependency assembly - System.Reflection.Context.dll
Dependency assembly - System.Data.Services.dll
Dependency assembly - System.Web.RegularExpressions.dll
Dependency assembly - System.ComponentModel.dll
Dependency assembly - System.Threading.Tasks.Parallel.dll
Dependency assembly - System.Data.Entity.dll
Dependency assembly - System.Diagnostics.Tracing.dll
Dependency assembly - System.Runtime.Serialization.Formatters.dll
Dependency assembly - System.Data.dll
Dependency assembly - System.Web.Services.dll
Dependency assembly - System.ServiceModel.NetTcp.dll
Dependency assembly - System.Runtime.Serialization.Json.dll
Dependency assembly - System.Web.Extensions.Design.dll
Dependency assembly - System.ServiceProcess.dll
Dependency assembly - System.IdentityModel.dll
Dependency assembly - System.Reflection.Emit.dll
Dependency assembly - Assembly-CSharp.dll
Dependency assembly - System.Drawing.dll
Dependency assembly - System.Dynamic.Runtime.dll
Dependency assembly - System.Net.Requests.dll
Dependency assembly - System.Runtime.dll
Dependency assembly - System.Diagnostics.TraceSource.dll
Dependency assembly - System.Reflection.Metadata.dll
Dependency assembly - System.Text.RegularExpressions.dll
Dependency assembly - System.Reflection.TypeExtensions.dll
Dependency assembly - System.Web.DynamicData.dll
Dependency assembly - System.Xml.XDocument.dll
Dependency assembly - System.Net.Utilities.dll
Dependency assembly - System.Security.Claims.dll
Dependency assembly - I18N.dll
Dependency assembly - Unity.Services.Core.Configuration.dll
Dependency assembly - System.Numerics.Vectors.dll
Dependency assembly - System.DirectoryServices.Protocols.dll
Dependency assembly - System.Collections.NonGeneric.dll
Dependency assembly - System.Reflection.Emit.Lightweight.dll
Dependency assembly - System.Security.Cryptography.RandomNumberGenerator.dll
Dependency assembly - Microsoft.Win32.Registry.AccessControl.dll
Dependency assembly - System.Net.AuthenticationManager.dll
Dependency assembly - System.Reflection.dll
Dependency assembly - Mono.Security.dll
Dependency assembly - System.Web.dll
Dependency assembly - System.Numerics.dll
Dependency assembly - System.ServiceModel.Routing.dll
Dependency assembly - System.Windows.dll
Dependency assembly - System.Security.Cryptography.Encryption.ECDiffieHellman.dll
Dependency assembly - System.Collections.dll
Dependency assembly - System.Security.Cryptography.Cng.dll
Dependency assembly - System.ComponentModel.Primitives.dll
Dependency assembly - System.Reflection.Extensions.dll
Dependency assembly - Accessibility.dll
Dependency assembly - System.Console.dll
Dependency assembly - System.Text.Encoding.CodePages.dll
Dependency assembly - Unity.Services.Core.Registration.dll
Dependency assembly - Unity.Services.Core.Environments.dll
Dependency assembly - System.AppContext.dll
Dependency assembly - System.IO.Compression.FileSystem.dll
Dependency assembly - System.IO.Compression.dll
Dependency assembly - System.Net.WebSockets.dll
Dependency assembly - System.Security.Cryptography.Encryption.Aes.dll
Dependency assembly - Microsoft.CSharp.dll
Dependency assembly - Unity.Services.Core.Device.dll
Dependency assembly - System.Net.Cache.dll
Dependency assembly - System.Data.SqlClient.dll
Dependency assembly - System.ComponentModel.DataAnnotations.dll
Dependency assembly - System.Net.Ping.dll
Dependency assembly - System.Text.Json.dll
Dependency assembly - I18N.Rare.dll
Dependency assembly - System.Linq.Parallel.dll
Dependency assembly - System.Runtime.Extensions.dll
Dependency assembly - System.Collections.Immutable.dll
Dependency assembly - System.Net.NameResolution.dll
Dependency assembly - System.ComponentModel.TypeConverter.dll
Dependency assembly - System.Security.Cryptography.Encryption.dll
Dependency assembly - Unity.Services.Core.Internal.dll
Dependency assembly - System.Diagnostics.TextWriterTraceListener.dll
Dependency assembly - System.Security.Principal.Windows.dll
Dependency assembly - System.Xml.XPath.dll
Dependency assembly - Unity.Burst.Unsafe.dll
Dependency assembly - System.IO.UnmanagedMemoryStream.dll
Dependency assembly - System.Security.Cryptography.Encoding.dll
Dependency assembly - System.Net.Http.WebRequest.dll
Dependency assembly - System.ServiceModel.Internals.dll
Dependency assembly - System.Management.dll
Dependency assembly - System.Security.Cryptography.X509Certificates.dll
Dependency assembly - System.ComponentModel.Annotations.dll
Dependency assembly - System.ServiceModel.Web.dll
Dependency assembly - System.Security.Cryptography.ProtectedData.dll
Dependency assembly - System.IO.MemoryMappedFiles.dll
Dependency assembly - System.Reflection.Primitives.dll
Dependency assembly - System.Threading.Thread.dll
Dependency assembly - System.Security.SecureString.dll
Dependency assembly - System.ComponentModel.Composition.dll
Dependency assembly - System.Runtime.Loader.dll
Dependency assembly - System.IO.FileSystem.DriveInfo.dll
Dependency assembly - System.IO.dll
Dependency assembly - System.Security.Cryptography.DeriveBytes.dll
Dependency assembly - Unity.Networking.Transport.dll
Dependency assembly - System.Data.Services.Client.dll
Dependency assembly - System.Transactions.dll
Dependency assembly - System.Configuration.Install.dll
Dependency assembly - System.Diagnostics.TraceEvent.dll
Dependency assembly - System.Xml.Serialization.dll
Dependency assembly - System.ServiceModel.Http.dll
Dependency assembly - System.Xml.Linq.dll
Dependency assembly - System.Runtime.Numerics.dll
Dependency assembly - System.Security.Cryptography.Encryption.ECDsa.dll
Dependency assembly - System.Security.Cryptography.Hashing.dll
Dependency assembly - System.Xaml.dll
Dependency assembly - System.Net.dll
Dependency assembly - System.Security.Principal.dll
Dependency assembly - System.Threading.ThreadPool.dll
Dependency assembly - System.ServiceModel.Primitives.dll
Dependency assembly - Unity.Services.Multiplayer.dll
Dependency assembly - System.Diagnostics.Contracts.dll
Dependency assembly - System.ServiceModel.Duplex.dll
Dependency assembly - System.Linq.dll
Dependency assembly - System.Security.Cryptography.OpenSsl.dll
Dependency assembly - System.Diagnostics.Debug.dll
Dependency assembly - System.Xml.dll
Dependency assembly - System.DirectoryServices.dll
Dependency assembly - System.Globalization.Extensions.dll
Dependency assembly - System.ServiceProcess.ServiceController.dll
Dependency assembly - Unity.Services.QoS.dll
Dependency assembly - System.Windows.Forms.DataVisualization.dll
Dependency assembly - System.Windows.Forms.dll
Dependency assembly - websocket-sharp.dll
Dependency assembly - System.Linq.Queryable.dll
Dependency assembly - UnityEngine.UI.dll
Dependency assembly - System.ServiceModel.dll
Dependency assembly - System.Runtime.Serialization.dll
Dependency assembly - System.Resources.ReaderWriter.dll
Dependency assembly - System.ComponentModel.EventBasedAsync.dll
Dependency assembly - Unity.Netcode.Runtime.dll
Dependency assembly - System.Runtime.Serialization.Primitives.dll
Dependency assembly - System.IO.Compression.ZipFile.dll
Dependency assembly - Mono.Data.Sqlite.dll
Dependency assembly - System.Net.Http.dll
Dependency assembly - System.ObjectModel.dll
Dependency assembly - Microsoft.Extensions.Logging.Abstractions.dll
Dependency assembly - Unity.Collections.dll
Dependency assembly - System.Threading.Tasks.dll
Dependency assembly - System.Runtime.CompilerServices.Unsafe.dll
Dependency assembly - System.Data.Linq.dll
Dependency assembly - Unity.Services.Authentication.PlayerAccounts.dll
Dependency assembly - System.Text.Encodings.Web.dll
Dependency assembly - System.Drawing.Design.dll
Dependency assembly - System.Threading.Tasks.Extensions.dll
Dependency assembly - System.Design.dll
Dependency assembly - Unity.Services.Authentication.dll
Dependency assembly - System.Data.OracleClient.dll
Dependency assembly - System.IO.FileSystem.Primitives.dll
Dependency assembly - System.Diagnostics.StackTrace.dll
Dependency assembly - Microsoft.Win32.Primitives.dll
Dependency assembly - System.Memory.dll
Dependency assembly - System.Resources.Writer.dll
Dependency assembly - Unity.Services.Core.Analytics.dll
Dependency assembly - System.Runtime.InteropServices.WindowsRuntime.dll
Dependency assembly - System.Security.AccessControl.dll
Dependency assembly - Microsoft.Bcl.AsyncInterfaces.dll
Dependency assembly - System.Runtime.DurableInstancing.dll
Dependency assembly - System.Collections.Concurrent.dll
Dependency assembly - System.Collections.Specialized.dll
Dependency assembly - Unity.TextMeshPro.dll
Dependency assembly - I18N.CJK.dll
Dependency assembly - System.Runtime.Caching.dll
Dependency assembly - System.Globalization.Calendars.dll
Dependency assembly - System.Linq.Expressions.dll
Dependency assembly - System.Resources.Reader.dll
Dependency assembly - System.Threading.Overlapped.dll
Dependency assembly - System.Security.Cryptography.Pkcs.dll
Dependency assembly - Unity.Services.Core.Networking.dll
Dependency assembly - Unity.Services.Core.dll
Dependency assembly - System.IO.FileSystem.Watcher.dll
Dependency assembly - System.Runtime.CompilerServices.VisualC.dll
Dependency assembly - System.Threading.Timer.dll
Dependency assembly - System.Net.WebSockets.Client.dll
Dependency assembly - System.Net.WebHeaderCollection.dll
Dependency assembly - Unity.Burst.dll
Dependency assembly - Unity.Services.Core.Scheduler.dll
Dependency assembly - System.Web.ApplicationServices.dll
Dependency assembly - System.Configuration.dll
Dependency assembly - System.Buffers.dll
Dependency assembly - System.Globalization.dll
Dependency assembly - System.Xml.XPath.XmlDocument.dll
Dependency assembly - System.Net.Primitives.dll
Dependency assembly - System.Xml.ReaderWriter.dll
Dependency assembly - Mono.Data.Tds.dll
Dependency assembly - System.Security.Cryptography.Csp.dll
Dependency assembly - System.Xml.XPath.XDocument.dll
Dependency assembly - I18N.Other.dll
Dependency assembly - System.Data.Common.dll
Dependency assembly - System.IO.FileSystem.AccessControl.dll
Dependency assembly - System.IO.IsolatedStorage.dll
Dependency assembly - System.IO.FileSystem.dll
Dependency assembly - Unity.Services.Core.Threading.dll
Dependency assembly - System.Xml.XmlDocument.dll
Dependency assembly - I18N.West.dll
Dependency assembly - System.Json.dll
Dependency assembly - I18N.MidEast.dll
Dependency assembly - System.Net.HttpListener.dll
Dependency assembly - mscorlib.dll
Dependency assembly - System.Net.Security.dll
Dependency assembly - System.Net.Sockets.dll
Dependency assembly - System.Net.NetworkInformation.dll
Dependency assembly - Unity.Collections.LowLevel.ILSupport.dll
Dependency assembly - Unity.Services.Core.Components.dll
Dependency assembly - System.Xml.Xsl.Primitives.dll
Dependency assembly - netstandard.dll
Dependency assembly - Unity.Services.Core.Environments.Internal.dll
Dependency assembly - System.Diagnostics.Process.dll
Dependency assembly - Unity.Mathematics.dll
Dependency assembly - System.Diagnostics.Tools.dll
Dependency assembly - System.Runtime.Handles.dll
Dependency assembly - System.Security.Cryptography.RSA.dll
Dependency assembly - System.Diagnostics.DiagnosticSource.dll
Dependency assembly - System.Runtime.InteropServices.RuntimeInformation.dll
Dependency assembly - System.Drawing.Primitives.dll
Dependency assembly - Unity.Services.Core.Telemetry.dll
Dependency assembly - System.IO.Hashing.dll
Dependency assembly - System.Data.DataSetExtensions.dll
Dependency assembly - System.IO.Pipes.dll
Dependency assembly - System.Security.Cryptography.Primitives.dll
Dependency assembly - Newtonsoft.Json.dll
Dependency assembly - System.ServiceModel.Security.dll
Dependency assembly - System.Web.Extensions.dll
Dependency assembly - System.Xml.XmlSerializer.dll
Dependency assembly - System.Resources.ResourceManager.dll
Dependency assembly - System.Runtime.InteropServices.dll
Dependency assembly - unity-websocket-sharp.dll
Dependency assembly - System.Security.Cryptography.Hashing.Algorithms.dll
Dependency assembly - System.Threading.dll
Dependency assembly - System.Security.dll
Dependency assembly - System.IdentityModel.Selectors.dll
Dependency assembly - System.Runtime.Serialization.Xml.dll
Dependency assembly - System.Text.Encoding.Extensions.dll

DisplayProgressbar: Fetching assembly references
Total cache size 206069581
Total cache size after purge 206069581, took 00:00:00.4394373
Opening scene 'Assets/PaperTrails/Scenes/PaperTrails.unity'
Unloading 2 Unused Serialized files (Serialized files now loaded: 0)
Loaded scene 'Assets/PaperTrails/Scenes/PaperTrails.unity'
	Deserialize:            0.517 ms
	Integration:            268.999 ms
	Integration of assets:  0.004 ms
	Thread Wait Time:       0.232 ms
	Total Operation Time:   269.752 ms
Unloading 58 unused Assets / (1.2 MB). Loaded Objects now: 3854.
Memory consumption went from 302.2 MB to 301.0 MB.
Total: 8.856700 ms (FindLiveObjects: 0.311300 ms CreateObjectMapping: 0.437300 ms MarkObjects: 7.626800 ms  DeleteObjects: 0.480200 ms)

Unloading 4 Unused Serialized files (Serialized files now loaded: 0)
Unloading 30 unused Assets / (1.2 MB). Loaded Objects now: 3861.
Memory consumption went from 302.9 MB to 301.7 MB.
Total: 7.705800 ms (FindLiveObjects: 0.181900 ms CreateObjectMapping: 0.299000 ms MarkObjects: 6.749100 ms  DeleteObjects: 0.474600 ms)

Unloading 0 Unused Serialized files (Serialized files now loaded: 0)
Unloading 0 unused Assets / (Unknown). Loaded Objects now: 3861.
Memory consumption went from 301.7 MB to 301.7 MB.
Total: 8.352600 ms (FindLiveObjects: 0.221600 ms CreateObjectMapping: 0.324500 ms MarkObjects: 7.786600 ms  DeleteObjects: 0.018800 ms)

Unloading 1 Unused Serialized files (Serialized files now loaded: 0)
Unloading 185 unused Assets / (150.9 MB). Loaded Objects now: 3861.
Memory consumption went from 453.6 MB to 302.7 MB.
Total: 34.215400 ms (FindLiveObjects: 0.227600 ms CreateObjectMapping: 0.361300 ms MarkObjects: 7.885800 ms  DeleteObjects: 25.739600 ms)

Compiling shader "PaperTrails/Turf"
  Pass "" (vp)
    Target graphics API: gles3
    Full variant space:         1
    After settings filtering:   1
    After built-in stripping:   3
    After scriptable stripping: 3
    Processed in 0.01 seconds
  Pass  (vp, gles3) finished in 0.01 seconds. Local cache hits 3 (0.03s CPU time), remote cache hits 0 (0.00s CPU time), compiled 0 variants (0.00s CPU time), skipped 0 variants.
    Prepared data for serialisation in 0.00s
Serialized binary data for shader PaperTrails/Turf in 0.00s
    gles3 (total internal programs: 3, unique: 1)
Compiling shader "Skybox/Procedural"
  Pass "" (vp)
    Target graphics API: gles3
    Full variant space:         3
    After settings filtering:   3
    After built-in stripping:   9
    After scriptable stripping: 9
    Processed in 0.00 seconds
  Pass  (vp, gles3) finished in 0.00 seconds. Local cache hits 9 (0.00s CPU time), remote cache hits 0 (0.00s CPU time), compiled 0 variants (0.00s CPU time), skipped 0 variants.
    Prepared data for serialisation in 0.00s
Serialized binary data for shader Skybox/Procedural in 0.00s
    gles3 (total internal programs: 9, unique: 3)
Compiling shader "Legacy Shaders/VertexLit"
  Pass "" (vp)
    Target graphics API: gles3
    Full variant space:         12
    After settings filtering:   12
    After built-in stripping:   9
    After scriptable stripping: 9
    Processed in 0.00 seconds
  Pass "" (vp)
    Target graphics API: gles3
    Full variant space:         4
    After settings filtering:   4
    After built-in stripping:   3
    After scriptable stripping: 3
    Processed in 0.00 seconds
  Pass "ShadowCaster" (vp)
    Target graphics API: gles3
    Full variant space:         4
    After settings filtering:   4
    After built-in stripping:   6
    After scriptable stripping: 6
    Processed in 0.00 seconds
  Pass  (vp, gles3) finished in 0.00 seconds. Local cache hits 9 (0.00s CPU time), remote cache hits 0 (0.00s CPU time), compiled 0 variants (0.00s CPU time), skipped 0 variants.
    Prepared data for serialisation in 0.00s
  Pass  (vp, gles3) finished in 0.00 seconds. Local cache hits 3 (0.00s CPU time), remote cache hits 0 (0.00s CPU time), compiled 0 variants (0.00s CPU time), skipped 0 variants.
    Prepared data for serialisation in 0.00s
  Pass ShadowCaster (vp, gles3) finished in 0.00 seconds. Local cache hits 6 (0.00s CPU time), remote cache hits 0 (0.00s CPU time), compiled 0 variants (0.00s CPU time), skipped 0 variants.
    Prepared data for serialisation in 0.00s
Serialized binary data for shader Legacy Shaders/VertexLit in 0.00s
    gles3 (total internal programs: 18, unique: 6)
Compiling shader "Legacy Shaders/Diffuse"
  Pass "FORWARD" (vp)
    Target graphics API: gles3
    Full variant space:         664
    After settings filtering:   664
    After built-in stripping:   24
    After scriptable stripping: 24
    Processed in 0.00 seconds
  Pass "FORWARD" (vp)
    Target graphics API: gles3
    Full variant space:         20
    After settings filtering:   20
    After built-in stripping:   15
    After scriptable stripping: 15
    Processed in 0.00 seconds
  Pass "DEFERRED" (vp)
    Target graphics API: gles3
    Full variant space:         76
    After settings filtering:   76
    After built-in stripping:   12
    After scriptable stripping: 12
    Processed in 0.00 seconds
  Pass FORWARD (vp, gles3) finished in 0.00 seconds. Local cache hits 24 (0.01s CPU time), remote cache hits 0 (0.00s CPU time), compiled 0 variants (0.00s CPU time), skipped 0 variants.
    Prepared data for serialisation in 0.00s
  Pass FORWARD (vp, gles3) finished in 0.00 seconds. Local cache hits 15 (0.00s CPU time), remote cache hits 0 (0.00s CPU time), compiled 0 variants (0.00s CPU time), skipped 0 variants.
    Prepared data for serialisation in 0.00s
  Pass DEFERRED (vp, gles3) finished in 0.00 seconds. Local cache hits 12 (0.00s CPU time), remote cache hits 0 (0.00s CPU time), compiled 0 variants (0.00s CPU time), skipped 0 variants.
    Prepared data for serialisation in 0.00s
Serialized binary data for shader Legacy Shaders/Diffuse in 0.00s
    gles3 (total internal programs: 51, unique: 17)
Compiling shader "Hidden/Internal-StencilWrite"
  Pass "" (vp)
    Target graphics API: gles3
    Full variant space:         1
    After settings filtering:   1
    After built-in stripping:   3
    After scriptable stripping: 3
    Processed in 0.00 seconds
  Pass  (vp, gles3) finished in 0.00 seconds. Local cache hits 3 (0.00s CPU time), remote cache hits 0 (0.00s CPU time), compiled 0 variants (0.00s CPU time), skipped 0 variants.
    Prepared data for serialisation in 0.00s
Serialized binary data for shader Hidden/Internal-StencilWrite in 0.00s
    gles3 (total internal programs: 3, unique: 1)
Compiling shader "Standard"
  Pass "FORWARD" (vp)
    Target graphics API: gles3
    Full variant space:         664
    After settings filtering:   664
    After built-in stripping:   24
    After scriptable stripping: 24
    Processed in 0.00 seconds
  Pass "FORWARD_DELTA" (vp)
    Target graphics API: gles3
    Full variant space:         188
    After settings filtering:   188
    After built-in stripping:   39
    After scriptable stripping: 39
    Processed in 0.00 seconds
  Pass "ShadowCaster" (vp)
    Target graphics API: gles3
    Full variant space:         4
    After settings filtering:   4
    After built-in stripping:   6
    After scriptable stripping: 6
    Processed in 0.00 seconds
  Pass "DEFERRED" (vp)
    Target graphics API: gles3
    Full variant space:         76
    After settings filtering:   76
    After built-in stripping:   12
    After scriptable stripping: 12
    Processed in 0.00 seconds
  Pass "FORWARD" (vp)
    Target graphics API: gles3
    Full variant space:         208
    After settings filtering:   208
    After built-in stripping:   24
    After scriptable stripping: 24
    Processed in 0.00 seconds
  Pass "FORWARD_DELTA" (vp)
    Target graphics API: gles3
    Full variant space:         140
    After settings filtering:   140
    After built-in stripping:   30
    After scriptable stripping: 30
    Processed in 0.00 seconds
  Pass "ShadowCaster" (vp)
    Target graphics API: gles3
    Full variant space:         2
    After settings filtering:   2
    After built-in stripping:   6
    After scriptable stripping: 6
    Processed in 0.00 seconds
  Pass FORWARD (vp, gles3) finished in 0.01 seconds. Local cache hits 24 (0.01s CPU time), remote cache hits 0 (0.00s CPU time), compiled 0 variants (0.00s CPU time), skipped 0 variants.
    Prepared data for serialisation in 0.00s
  Pass FORWARD_DELTA (vp, gles3) finished in 0.01 seconds. Local cache hits 39 (0.01s CPU time), remote cache hits 0 (0.00s CPU time), compiled 0 variants (0.00s CPU time), skipped 0 variants.
    Prepared data for serialisation in 0.00s
  Pass ShadowCaster (vp, gles3) finished in 0.01 seconds. Local cache hits 6 (0.00s CPU time), remote cache hits 0 (0.00s CPU time), compiled 0 variants (0.00s CPU time), skipped 0 variants.
    Prepared data for serialisation in 0.00s
  Pass DEFERRED (vp, gles3) finished in 0.01 seconds. Local cache hits 12 (0.00s CPU time), remote cache hits 0 (0.00s CPU time), compiled 0 variants (0.00s CPU time), skipped 0 variants.
    Prepared data for serialisation in 0.00s
  Pass FORWARD (vp, gles3) finished in 0.00 seconds. Local cache hits 24 (0.01s CPU time), remote cache hits 0 (0.00s CPU time), compiled 0 variants (0.00s CPU time), skipped 0 variants.
    Prepared data for serialisation in 0.00s
  Pass FORWARD_DELTA (vp, gles3) finished in 0.00 seconds. Local cache hits 30 (0.01s CPU time), remote cache hits 0 (0.00s CPU time), compiled 0 variants (0.00s CPU time), skipped 0 variants.
    Prepared data for serialisation in 0.00s
  Pass ShadowCaster (vp, gles3) finished in 0.00 seconds. Local cache hits 6 (0.00s CPU time), remote cache hits 0 (0.00s CPU time), compiled 0 variants (0.00s CPU time), skipped 0 variants.
    Prepared data for serialisation in 0.00s
Serialized binary data for shader Standard in 0.00s
    gles3 (total internal programs: 141, unique: 60)
Compiling shader "Hidden/Internal-DepthNormalsTexture"
  Pass "" (vp)
    Target graphics API: gles3
    Full variant space:         1
    After settings filtering:   1
    After built-in stripping:   3
    After scriptable stripping: 3
    Processed in 0.00 seconds
  Pass "" (vp)
    Target graphics API: gles3
    Full variant space:         1
    After settings filtering:   1
    After built-in stripping:   3
    After scriptable stripping: 3
    Processed in 0.00 seconds
  Pass "" (vp)
    Target graphics API: gles3
    Full variant space:         1
    After settings filtering:   1
    After built-in stripping:   3
    After scriptable stripping: 3
    Processed in 0.00 seconds
  Pass "" (vp)
    Target graphics API: gles3
    Full variant space:         1
    After settings filtering:   1
    After built-in stripping:   3
    After scriptable stripping: 3
    Processed in 0.00 seconds
  Pass "" (vp)
    Target graphics API: gles3
    Full variant space:         1
    After settings filtering:   1
    After built-in stripping:   3
    After scriptable stripping: 3
    Processed in 0.00 seconds
  Pass "" (vp)
    Target graphics API: gles3
    Full variant space:         1
    After settings filtering:   1
    After built-in stripping:   3
    After scriptable stripping: 3
    Processed in 0.00 seconds
  Pass "" (vp)
    Target graphics API: gles3
    Full variant space:         1
    After settings filtering:   1
    After built-in stripping:   3
    After scriptable stripping: 3
    Processed in 0.00 seconds
  Pass "" (vp)
    Target graphics API: gles3
    Full variant space:         1
    After settings filtering:   1
    After built-in stripping:   3
    After scriptable stripping: 3
    Processed in 0.00 seconds
  Pass "" (vp)
    Target graphics API: gles3
    Full variant space:         1
    After settings filtering:   1
    After built-in stripping:   3
    After scriptable stripping: 3
    Processed in 0.00 seconds
  Pass "" (vp)
    Target graphics API: gles3
    Full variant space:         1
    After settings filtering:   1
    After built-in stripping:   3
    After scriptable stripping: 3
    Processed in 0.00 seconds
  Pass  (vp, gles3) finished in 0.00 seconds. Local cache hits 3 (0.00s CPU time), remote cache hits 0 (0.00s CPU time), compiled 0 variants (0.00s CPU time), skipped 0 variants.
    Prepared data for serialisation in 0.00s
  Pass  (vp, gles3) finished in 0.00 seconds. Local cache hits 3 (0.00s CPU time), remote cache hits 0 (0.00s CPU time), compiled 0 variants (0.00s CPU time), skipped 0 variants.
    Prepared data for serialisation in 0.00s
  Pass  (vp, gles3) finished in 0.00 seconds. Local cache hits 3 (0.00s CPU time), remote cache hits 0 (0.00s CPU time), compiled 0 variants (0.00s CPU time), skipped 0 variants.
    Prepared data for serialisation in 0.00s
  Pass  (vp, gles3) finished in 0.00 seconds. Local cache hits 3 (0.00s CPU time), remote cache hits 0 (0.00s CPU time), compiled 0 variants (0.00s CPU time), skipped 0 variants.
    Prepared data for serialisation in 0.00s
  Pass  (vp, gles3) finished in 0.00 seconds. Local cache hits 3 (0.00s CPU time), remote cache hits 0 (0.00s CPU time), compiled 0 variants (0.00s CPU time), skipped 0 variants.
    Prepared data for serialisation in 0.00s
  Pass  (vp, gles3) finished in 0.00 seconds. Local cache hits 3 (0.00s CPU time), remote cache hits 0 (0.00s CPU time), compiled 0 variants (0.00s CPU time), skipped 0 variants.
    Prepared data for serialisation in 0.00s
  Pass  (vp, gles3) finished in 0.00 seconds. Local cache hits 3 (0.00s CPU time), remote cache hits 0 (0.00s CPU time), compiled 0 variants (0.00s CPU time), skipped 0 variants.
    Prepared data for serialisation in 0.00s
  Pass  (vp, gles3) finished in 0.00 seconds. Local cache hits 3 (0.00s CPU time), remote cache hits 0 (0.00s CPU time), compiled 0 variants (0.00s CPU time), skipped 0 variants.
    Prepared data for serialisation in 0.00s
  Pass  (vp, gles3) finished in 0.00 seconds. Local cache hits 3 (0.00s CPU time), remote cache hits 0 (0.00s CPU time), compiled 0 variants (0.00s CPU time), skipped 0 variants.
    Prepared data for serialisation in 0.00s
  Pass  (vp, gles3) finished in 0.00 seconds. Local cache hits 3 (0.00s CPU time), remote cache hits 0 (0.00s CPU time), compiled 0 variants (0.00s CPU time), skipped 0 variants.
    Prepared data for serialisation in 0.00s
Serialized binary data for shader Hidden/Internal-DepthNormalsTexture in 0.00s
    gles3 (total internal programs: 30, unique: 10)
Compiling shader "Hidden/Internal-ScreenSpaceShadows"
  Pass "" (vp)
    Target graphics API: gles3
    Full variant space:         4
    After settings filtering:   4
    After built-in stripping:   12
    After scriptable stripping: 12
    Processed in 0.00 seconds
  Pass "" (vp)
    Target graphics API: gles3
    Full variant space:         4
    After settings filtering:   4
    After built-in stripping:   12
    After scriptable stripping: 12
    Processed in 0.00 seconds
  Pass "" (vp)
    Target graphics API: gles3
    Full variant space:         4
    After settings filtering:   4
    After built-in stripping:   12
    After scriptable stripping: 12
    Processed in 0.00 seconds
  Pass "" (vp)
    Target graphics API: gles3
    Full variant space:         4
    After settings filtering:   4
    After built-in stripping:   12
    After scriptable stripping: 12
    Processed in 0.00 seconds
  Pass  (vp, gles3) finished in 0.00 seconds. Local cache hits 12 (0.00s CPU time), remote cache hits 0 (0.00s CPU time), compiled 0 variants (0.00s CPU time), skipped 0 variants.
    Prepared data for serialisation in 0.00s
  Pass  (vp, gles3) finished in 0.00 seconds. Local cache hits 12 (0.00s CPU time), remote cache hits 0 (0.00s CPU time), compiled 0 variants (0.00s CPU time), skipped 0 variants.
    Prepared data for serialisation in 0.00s
  Pass  (vp, gles3) finished in 0.00 seconds. Local cache hits 12 (0.00s CPU time), remote cache hits 0 (0.00s CPU time), compiled 0 variants (0.00s CPU time), skipped 0 variants.
    Prepared data for serialisation in 0.00s
  Pass  (vp, gles3) finished in 0.00 seconds. Local cache hits 12 (0.00s CPU time), remote cache hits 0 (0.00s CPU time), compiled 0 variants (0.00s CPU time), skipped 0 variants.
    Prepared data for serialisation in 0.00s
Serialized binary data for shader Hidden/Internal-ScreenSpaceShadows in 0.00s
    gles3 (total internal programs: 48, unique: 16)
Compiling shader "Hidden/Internal-CombineDepthNormals"
  Pass "" (vp)
    Target graphics API: gles3
    Full variant space:         1
    After settings filtering:   1
    After built-in stripping:   3
    After scriptable stripping: 3
    Processed in 0.00 seconds
  Pass  (vp, gles3) finished in 0.00 seconds. Local cache hits 3 (0.00s CPU time), remote cache hits 0 (0.00s CPU time), compiled 0 variants (0.00s CPU time), skipped 0 variants.
    Prepared data for serialisation in 0.00s
Serialized binary data for shader Hidden/Internal-CombineDepthNormals in 0.00s
    gles3 (total internal programs: 3, unique: 1)
Compiling shader "Hidden/BlitCopy"
  Pass "" (vp)
    Target graphics API: gles3
    Full variant space:         1
    After settings filtering:   1
    After built-in stripping:   3
    After scriptable stripping: 3
    Processed in 0.00 seconds
  Pass  (vp, gles3) finished in 0.00 seconds. Local cache hits 3 (0.00s CPU time), remote cache hits 0 (0.00s CPU time), compiled 0 variants (0.00s CPU time), skipped 0 variants.
    Prepared data for serialisation in 0.00s
Serialized binary data for shader Hidden/BlitCopy in 0.00s
    gles3 (total internal programs: 3, unique: 1)
Compiling shader "Hidden/BlitCopyDepth"
  Pass "" (vp)
    Target graphics API: gles3
    Full variant space:         1
    After settings filtering:   1
    After built-in stripping:   3
    After scriptable stripping: 3
    Processed in 0.00 seconds
  Pass  (vp, gles3) finished in 0.00 seconds. Local cache hits 3 (0.00s CPU time), remote cache hits 0 (0.00s CPU time), compiled 0 variants (0.00s CPU time), skipped 0 variants.
    Prepared data for serialisation in 0.00s
Serialized binary data for shader Hidden/BlitCopyDepth in 0.00s
    gles3 (total internal programs: 3, unique: 1)
Compiling shader "Hidden/ConvertTexture"
  Pass "" (vp)
    Target graphics API: gles3
    Full variant space:         1
    After settings filtering:   1
    After built-in stripping:   3
    After scriptable stripping: 3
    Processed in 0.00 seconds
  Pass  (vp, gles3) finished in 0.00 seconds. Local cache hits 3 (0.00s CPU time), remote cache hits 0 (0.00s CPU time), compiled 0 variants (0.00s CPU time), skipped 0 variants.
    Prepared data for serialisation in 0.00s
Serialized binary data for shader Hidden/ConvertTexture in 0.00s
    gles3 (total internal programs: 3, unique: 1)
Compiling shader "Hidden/Internal-DeferredShading"
  Pass "" (vp)
    Target graphics API: gles3
    Full variant space:         94
    After settings filtering:   94
    After built-in stripping:   78
    After scriptable stripping: 78
    Processed in 0.00 seconds
  Pass "" (vp)
    Target graphics API: gles3
    Full variant space:         1
    After settings filtering:   1
    After built-in stripping:   3
    After scriptable stripping: 3
    Processed in 0.00 seconds
  Pass  (vp, gles3) finished in 0.00 seconds. Local cache hits 78 (0.02s CPU time), remote cache hits 0 (0.00s CPU time), compiled 0 variants (0.00s CPU time), skipped 0 variants.
    Prepared data for serialisation in 0.00s
  Pass  (vp, gles3) finished in 0.00 seconds. Local cache hits 3 (0.00s CPU time), remote cache hits 0 (0.00s CPU time), compiled 0 variants (0.00s CPU time), skipped 0 variants.
    Prepared data for serialisation in 0.00s
Serialized binary data for shader Hidden/Internal-DeferredShading in 0.00s
    gles3 (total internal programs: 81, unique: 53)
Compiling shader "Hidden/Internal-DeferredReflections"
  Pass "" (vp)
    Target graphics API: gles3
    Full variant space:         1
    After settings filtering:   1
    After built-in stripping:   3
    After scriptable stripping: 3
    Processed in 0.00 seconds
  Pass "" (vp)
    Target graphics API: gles3
    Full variant space:         2
    After settings filtering:   2
    After built-in stripping:   6
    After scriptable stripping: 6
    Processed in 0.00 seconds
  Pass  (vp, gles3) finished in 0.00 seconds. Local cache hits 3 (0.00s CPU time), remote cache hits 0 (0.00s CPU time), compiled 0 variants (0.00s CPU time), skipped 0 variants.
    Prepared data for serialisation in 0.00s
  Pass  (vp, gles3) finished in 0.00 seconds. Local cache hits 6 (0.00s CPU time), remote cache hits 0 (0.00s CPU time), compiled 0 variants (0.00s CPU time), skipped 0 variants.
    Prepared data for serialisation in 0.00s
Serialized binary data for shader Hidden/Internal-DeferredReflections in 0.00s
    gles3 (total internal programs: 9, unique: 4)
Compiling shader "Hidden/Internal-MotionVectors"
  Pass "" (vp)
    Target graphics API: gles3
    Full variant space:         1
    After settings filtering:   1
    After built-in stripping:   3
    After scriptable stripping: 3
    Processed in 0.00 seconds
  Pass "" (vp)
    Target graphics API: gles3
    Full variant space:         1
    After settings filtering:   1
    After built-in stripping:   3
    After scriptable stripping: 3
    Processed in 0.00 seconds
  Pass "" (vp)
    Target graphics API: gles3
    Full variant space:         1
    After settings filtering:   1
    After built-in stripping:   3
    After scriptable stripping: 3
    Processed in 0.00 seconds
  Pass  (vp, gles3) finished in 0.00 seconds. Local cache hits 3 (0.00s CPU time), remote cache hits 0 (0.00s CPU time), compiled 0 variants (0.00s CPU time), skipped 0 variants.
    Prepared data for serialisation in 0.00s
  Pass  (vp, gles3) finished in 0.00 seconds. Local cache hits 3 (0.00s CPU time), remote cache hits 0 (0.00s CPU time), compiled 0 variants (0.00s CPU time), skipped 0 variants.
    Prepared data for serialisation in 0.00s
  Pass  (vp, gles3) finished in 0.00 seconds. Local cache hits 3 (0.00s CPU time), remote cache hits 0 (0.00s CPU time), compiled 0 variants (0.00s CPU time), skipped 0 variants.
    Prepared data for serialisation in 0.00s
Serialized binary data for shader Hidden/Internal-MotionVectors in 0.00s
    gles3 (total internal programs: 9, unique: 3)
Compiling shader "Hidden/Internal-Flare"
  Pass "" (vp)
    Target graphics API: gles3
    Full variant space:         1
    After settings filtering:   1
    After built-in stripping:   3
    After scriptable stripping: 3
    Processed in 0.00 seconds
  Pass  (vp, gles3) finished in 0.00 seconds. Local cache hits 3 (0.00s CPU time), remote cache hits 0 (0.00s CPU time), compiled 0 variants (0.00s CPU time), skipped 0 variants.
    Prepared data for serialisation in 0.00s
Serialized binary data for shader Hidden/Internal-Flare in 0.00s
    gles3 (total internal programs: 3, unique: 1)
Compiling shader "Hidden/Internal-Halo"
  Pass "" (vp)
    Target graphics API: gles3
    Full variant space:         4
    After settings filtering:   4
    After built-in stripping:   3
    After scriptable stripping: 3
    Processed in 0.00 seconds
  Pass  (vp, gles3) finished in 0.00 seconds. Local cache hits 3 (0.00s CPU time), remote cache hits 0 (0.00s CPU time), compiled 0 variants (0.00s CPU time), skipped 0 variants.
    Prepared data for serialisation in 0.00s
Serialized binary data for shader Hidden/Internal-Halo in 0.00s
    gles3 (total internal programs: 3, unique: 1)
Compiling shader "Hidden/BlitCopyWithDepth"
  Pass "" (vp)
    Target graphics API: gles3
    Full variant space:         1
    After settings filtering:   1
    After built-in stripping:   3
    After scriptable stripping: 3
    Processed in 0.00 seconds
  Pass  (vp, gles3) finished in 0.00 seconds. Local cache hits 3 (0.00s CPU time), remote cache hits 0 (0.00s CPU time), compiled 0 variants (0.00s CPU time), skipped 0 variants.
    Prepared data for serialisation in 0.00s
Serialized binary data for shader Hidden/BlitCopyWithDepth in 0.00s
    gles3 (total internal programs: 3, unique: 1)
Compiling shader "Hidden/BlitToDepth"
  Pass "" (vp)
    Target graphics API: gles3
    Full variant space:         1
    After settings filtering:   1
    After built-in stripping:   3
    After scriptable stripping: 3
    Processed in 0.00 seconds
  Pass  (vp, gles3) finished in 0.00 seconds. Local cache hits 3 (0.00s CPU time), remote cache hits 0 (0.00s CPU time), compiled 0 variants (0.00s CPU time), skipped 0 variants.
    Prepared data for serialisation in 0.00s
Serialized binary data for shader Hidden/BlitToDepth in 0.00s
    gles3 (total internal programs: 3, unique: 1)
Compiling shader "Hidden/BlitToDepth_MSAA"
  Pass "" (vp)
    Target graphics API: gles3
    Full variant space:         1
    After settings filtering:   1
    After built-in stripping:   3
    After scriptable stripping: 3
    Processed in 0.00 seconds
  Pass  (vp, gles3) finished in 0.00 seconds. Local cache hits 3 (0.00s CPU time), remote cache hits 0 (0.00s CPU time), compiled 0 variants (0.00s CPU time), skipped 0 variants.
    Prepared data for serialisation in 0.00s
Serialized binary data for shader Hidden/BlitToDepth_MSAA in 0.00s
    gles3 (total internal programs: 3, unique: 1)
Compiling shader "Hidden/BlitCopyHDRTonemap"
  Pass "" (vp)
    Target graphics API: gles3
    Full variant space:         1
    After settings filtering:   1
    After built-in stripping:   3
    After scriptable stripping: 3
    Processed in 0.00 seconds
  Pass  (vp, gles3) finished in 0.00 seconds. Local cache hits 3 (0.00s CPU time), remote cache hits 0 (0.00s CPU time), compiled 0 variants (0.00s CPU time), skipped 0 variants.
    Prepared data for serialisation in 0.00s
Serialized binary data for shader Hidden/BlitCopyHDRTonemap in 0.00s
    gles3 (total internal programs: 3, unique: 1)
Compiling shader "Hidden/Internal-DebugPattern"
  Pass "Target Color and DepthStencil" (vp)
    Target graphics API: gles3
    Full variant space:         1
    After settings filtering:   1
    After built-in stripping:   3
    After scriptable stripping: 3
    Processed in 0.00 seconds
  Pass "Target only Color" (vp)
    Target graphics API: gles3
    Full variant space:         1
    After settings filtering:   1
    After built-in stripping:   3
    After scriptable stripping: 3
    Processed in 0.00 seconds
  Pass "Target only DepthStencil" (vp)
    Target graphics API: gles3
    Full variant space:         1
    After settings filtering:   1
    After built-in stripping:   3
    After scriptable stripping: 3
    Processed in 0.00 seconds
  Pass Target Color and DepthStencil (vp, gles3) finished in 0.00 seconds. Local cache hits 3 (0.00s CPU time), remote cache hits 0 (0.00s CPU time), compiled 0 variants (0.00s CPU time), skipped 0 variants.
    Prepared data for serialisation in 0.00s
  Pass Target only Color (vp, gles3) finished in 0.00 seconds. Local cache hits 3 (0.00s CPU time), remote cache hits 0 (0.00s CPU time), compiled 0 variants (0.00s CPU time), skipped 0 variants.
    Prepared data for serialisation in 0.00s
  Pass Target only DepthStencil (vp, gles3) finished in 0.00 seconds. Local cache hits 3 (0.00s CPU time), remote cache hits 0 (0.00s CPU time), compiled 0 variants (0.00s CPU time), skipped 0 variants.
    Prepared data for serialisation in 0.00s
Serialized binary data for shader Hidden/Internal-DebugPattern in 0.00s
    gles3 (total internal programs: 9, unique: 3)
Compiling shader "Hidden/Internal-GUITextureClip"
  Pass "" (vp)
    Target graphics API: gles3
    Full variant space:         1
    After settings filtering:   1
    After built-in stripping:   3
    After scriptable stripping: 3
    Processed in 0.00 seconds
  Pass "" (vp)
    Target graphics API: gles3
    Full variant space:         1
    After settings filtering:   1
    After built-in stripping:   3
    After scriptable stripping: 3
    Processed in 0.00 seconds
  Pass  (vp, gles3) finished in 0.00 seconds. Local cache hits 3 (0.00s CPU time), remote cache hits 0 (0.00s CPU time), compiled 0 variants (0.00s CPU time), skipped 0 variants.
    Prepared data for serialisation in 0.00s
  Pass  (vp, gles3) finished in 0.00 seconds. Local cache hits 3 (0.00s CPU time), remote cache hits 0 (0.00s CPU time), compiled 0 variants (0.00s CPU time), skipped 0 variants.
    Prepared data for serialisation in 0.00s
Serialized binary data for shader Hidden/Internal-GUITextureClip in 0.00s
    gles3 (total internal programs: 6, unique: 1)
Compiling shader "Hidden/Internal-GUITextureClipText"
  Pass "" (vp)
    Target graphics API: gles3
    Full variant space:         1
    After settings filtering:   1
    After built-in stripping:   3
    After scriptable stripping: 3
    Processed in 0.00 seconds
  Pass "" (vp)
    Target graphics API: gles3
    Full variant space:         1
    After settings filtering:   1
    After built-in stripping:   3
    After scriptable stripping: 3
    Processed in 0.00 seconds
  Pass  (vp, gles3) finished in 0.00 seconds. Local cache hits 3 (0.00s CPU time), remote cache hits 0 (0.00s CPU time), compiled 0 variants (0.00s CPU time), skipped 0 variants.
    Prepared data for serialisation in 0.00s
  Pass  (vp, gles3) finished in 0.00 seconds. Local cache hits 3 (0.00s CPU time), remote cache hits 0 (0.00s CPU time), compiled 0 variants (0.00s CPU time), skipped 0 variants.
    Prepared data for serialisation in 0.00s
Serialized binary data for shader Hidden/Internal-GUITextureClipText in 0.00s
    gles3 (total internal programs: 6, unique: 1)
Compiling shader "Hidden/Internal-GUITexture"
  Pass "" (vp)
    Target graphics API: gles3
    Full variant space:         1
    After settings filtering:   1
    After built-in stripping:   3
    After scriptable stripping: 3
    Processed in 0.00 seconds
  Pass "" (vp)
    Target graphics API: gles3
    Full variant space:         1
    After settings filtering:   1
    After built-in stripping:   3
    After scriptable stripping: 3
    Processed in 0.00 seconds
  Pass  (vp, gles3) finished in 0.00 seconds. Local cache hits 3 (0.00s CPU time), remote cache hits 0 (0.00s CPU time), compiled 0 variants (0.00s CPU time), skipped 0 variants.
    Prepared data for serialisation in 0.00s
  Pass  (vp, gles3) finished in 0.00 seconds. Local cache hits 3 (0.00s CPU time), remote cache hits 0 (0.00s CPU time), compiled 0 variants (0.00s CPU time), skipped 0 variants.
    Prepared data for serialisation in 0.00s
Serialized binary data for shader Hidden/Internal-GUITexture in 0.00s
    gles3 (total internal programs: 6, unique: 1)
Compiling shader "Hidden/Internal-GUITextureBlit"
  Pass "" (vp)
    Target graphics API: gles3
    Full variant space:         1
    After settings filtering:   1
    After built-in stripping:   3
    After scriptable stripping: 3
    Processed in 0.00 seconds
  Pass "" (vp)
    Target graphics API: gles3
    Full variant space:         1
    After settings filtering:   1
    After built-in stripping:   3
    After scriptable stripping: 3
    Processed in 0.00 seconds
  Pass  (vp, gles3) finished in 0.00 seconds. Local cache hits 3 (0.00s CPU time), remote cache hits 0 (0.00s CPU time), compiled 0 variants (0.00s CPU time), skipped 0 variants.
    Prepared data for serialisation in 0.00s
  Pass  (vp, gles3) finished in 0.00 seconds. Local cache hits 3 (0.00s CPU time), remote cache hits 0 (0.00s CPU time), compiled 0 variants (0.00s CPU time), skipped 0 variants.
    Prepared data for serialisation in 0.00s
Serialized binary data for shader Hidden/Internal-GUITextureBlit in 0.00s
    gles3 (total internal programs: 6, unique: 1)
Compiling shader "Hidden/Internal-GUIRoundedRect"
  Pass "" (vp)
    Target graphics API: gles3
    Full variant space:         1
    After settings filtering:   1
    After built-in stripping:   3
    After scriptable stripping: 3
    Processed in 0.00 seconds
  Pass "" (vp)
    Target graphics API: gles3
    Full variant space:         1
    After settings filtering:   1
    After built-in stripping:   3
    After scriptable stripping: 3
    Processed in 0.00 seconds
  Pass  (vp, gles3) finished in 0.00 seconds. Local cache hits 3 (0.00s CPU time), remote cache hits 0 (0.00s CPU time), compiled 0 variants (0.00s CPU time), skipped 0 variants.
    Prepared data for serialisation in 0.00s
  Pass  (vp, gles3) finished in 0.00 seconds. Local cache hits 3 (0.00s CPU time), remote cache hits 0 (0.00s CPU time), compiled 0 variants (0.00s CPU time), skipped 0 variants.
    Prepared data for serialisation in 0.00s
Serialized binary data for shader Hidden/Internal-GUIRoundedRect in 0.00s
    gles3 (total internal programs: 6, unique: 1)
Compiling shader "Hidden/Internal-GUIRoundedRectWithColorPerBorder"
  Pass "" (vp)
    Target graphics API: gles3
    Full variant space:         1
    After settings filtering:   1
    After built-in stripping:   3
    After scriptable stripping: 3
    Processed in 0.00 seconds
  Pass "" (vp)
    Target graphics API: gles3
    Full variant space:         1
    After settings filtering:   1
    After built-in stripping:   3
    After scriptable stripping: 3
    Processed in 0.00 seconds
  Pass  (vp, gles3) finished in 0.00 seconds. Local cache hits 3 (0.00s CPU time), remote cache hits 0 (0.00s CPU time), compiled 0 variants (0.00s CPU time), skipped 0 variants.
    Prepared data for serialisation in 0.00s
  Pass  (vp, gles3) finished in 0.00 seconds. Local cache hits 3 (0.00s CPU time), remote cache hits 0 (0.00s CPU time), compiled 0 variants (0.00s CPU time), skipped 0 variants.
    Prepared data for serialisation in 0.00s
Serialized binary data for shader Hidden/Internal-GUIRoundedRectWithColorPerBorder in 0.00s
    gles3 (total internal programs: 6, unique: 1)
Compiling shader "Hidden/Internal-UIRDefault"
  Pass "" (vp)
    Target graphics API: gles3
    Full variant space:         40
    After settings filtering:   40
    After built-in stripping:   120
    After scriptable stripping: 120
    Processed in 0.01 seconds
  Pass  (vp, gles3) finished in 0.00 seconds. Local cache hits 120 (0.04s CPU time), remote cache hits 0 (0.00s CPU time), compiled 0 variants (0.00s CPU time), skipped 0 variants.
    Prepared data for serialisation in 0.00s
Serialized binary data for shader Hidden/Internal-UIRDefault in 0.00s
    gles3 (total internal programs: 120, unique: 40)
Compiling shader "Hidden/Internal-UIRAtlasBlitCopy"
  Pass "" (vp)
    Target graphics API: gles3
    Full variant space:         1
    After settings filtering:   1
    After built-in stripping:   3
    After scriptable stripping: 3
    Processed in 0.00 seconds
  Pass  (vp, gles3) finished in 0.00 seconds. Local cache hits 3 (0.00s CPU time), remote cache hits 0 (0.00s CPU time), compiled 0 variants (0.00s CPU time), skipped 0 variants.
    Prepared data for serialisation in 0.00s
Serialized binary data for shader Hidden/Internal-UIRAtlasBlitCopy in 0.00s
    gles3 (total internal programs: 3, unique: 1)
Compiling shader "Sprites/Default"
  Pass "" (vp)
    Target graphics API: gles3
    Full variant space:         8
    After settings filtering:   8
    After built-in stripping:   12
    After scriptable stripping: 12
    Processed in 0.00 seconds
  Pass  (vp, gles3) finished in 0.00 seconds. Local cache hits 12 (0.00s CPU time), remote cache hits 0 (0.00s CPU time), compiled 0 variants (0.00s CPU time), skipped 0 variants.
    Prepared data for serialisation in 0.00s
Serialized binary data for shader Sprites/Default in 0.00s
    gles3 (total internal programs: 12, unique: 4)
Compiling shader "Sprites/Mask"
  Pass "" (vp)
    Target graphics API: gles3
    Full variant space:         4
    After settings filtering:   4
    After built-in stripping:   12
    After scriptable stripping: 12
    Processed in 0.00 seconds
  Pass  (vp, gles3) finished in 0.00 seconds. Local cache hits 12 (0.01s CPU time), remote cache hits 0 (0.00s CPU time), compiled 0 variants (0.00s CPU time), skipped 0 variants.
    Prepared data for serialisation in 0.00s
Serialized binary data for shader Sprites/Mask in 0.00s
    gles3 (total internal programs: 12, unique: 4)
Compiling shader "UI/Default"
  Pass "Default" (vp)
    Target graphics API: gles3
    Full variant space:         4
    After settings filtering:   4
    After built-in stripping:   12
    After scriptable stripping: 12
    Processed in 0.00 seconds
  Pass "XRMotionVectors" (vp)
    Target graphics API: gles3
    Full variant space:         4
    After settings filtering:   4
    After built-in stripping:   12
    After scriptable stripping: 12
    Processed in 0.00 seconds
  Pass Default (vp, gles3) finished in 0.00 seconds. Local cache hits 12 (0.00s CPU time), remote cache hits 0 (0.00s CPU time), compiled 0 variants (0.00s CPU time), skipped 0 variants.
    Prepared data for serialisation in 0.00s
  Pass XRMotionVectors (vp, gles3) finished in 0.00 seconds. Local cache hits 12 (0.00s CPU time), remote cache hits 0 (0.00s CPU time), compiled 0 variants (0.00s CPU time), skipped 0 variants.
    Prepared data for serialisation in 0.00s
Serialized binary data for shader UI/Default in 0.00s
    gles3 (total internal programs: 24, unique: 8)
Compiling shader "UI/DefaultETC1"
  Pass "Default" (vp)
    Target graphics API: gles3
    Full variant space:         4
    After settings filtering:   4
    After built-in stripping:   12
    After scriptable stripping: 12
    Processed in 0.00 seconds
  Pass "XRMotionVectors" (vp)
    Target graphics API: gles3
    Full variant space:         4
    After settings filtering:   4
    After built-in stripping:   12
    After scriptable stripping: 12
    Processed in 0.00 seconds
  Pass Default (vp, gles3) finished in 0.00 seconds. Local cache hits 12 (0.00s CPU time), remote cache hits 0 (0.00s CPU time), compiled 0 variants (0.00s CPU time), skipped 0 variants.
    Prepared data for serialisation in 0.00s
  Pass XRMotionVectors (vp, gles3) finished in 0.00 seconds. Local cache hits 12 (0.00s CPU time), remote cache hits 0 (0.00s CPU time), compiled 0 variants (0.00s CPU time), skipped 0 variants.
    Prepared data for serialisation in 0.00s
Serialized binary data for shader UI/DefaultETC1 in 0.00s
    gles3 (total internal programs: 24, unique: 8)
Compiling shader "Hidden/CubeBlur"
  Pass "" (vp)
    Target graphics API: gles3
    Full variant space:         1
    After settings filtering:   1
    After built-in stripping:   3
    After scriptable stripping: 3
    Processed in 0.00 seconds
  Pass "" (vp)
    Target graphics API: gles3
    Full variant space:         1
    After settings filtering:   1
    After built-in stripping:   3
    After scriptable stripping: 3
    Processed in 0.00 seconds
  Pass  (vp, gles3) finished in 0.00 seconds. Local cache hits 3 (0.00s CPU time), remote cache hits 0 (0.00s CPU time), compiled 0 variants (0.00s CPU time), skipped 0 variants.
    Prepared data for serialisation in 0.00s
  Pass  (vp, gles3) finished in 0.00 seconds. Local cache hits 3 (0.00s CPU time), remote cache hits 0 (0.00s CPU time), compiled 0 variants (0.00s CPU time), skipped 0 variants.
    Prepared data for serialisation in 0.00s
Serialized binary data for shader Hidden/CubeBlur in 0.00s
    gles3 (total internal programs: 6, unique: 2)
Compiling shader "Hidden/CubeCopy"
  Pass "" (vp)
    Target graphics API: gles3
    Full variant space:         1
    After settings filtering:   1
    After built-in stripping:   3
    After scriptable stripping: 3
    Processed in 0.00 seconds
  Pass "" (vp)
    Target graphics API: gles3
    Full variant space:         1
    After settings filtering:   1
    After built-in stripping:   3
    After scriptable stripping: 3
    Processed in 0.00 seconds
  Pass  (vp, gles3) finished in 0.00 seconds. Local cache hits 3 (0.00s CPU time), remote cache hits 0 (0.00s CPU time), compiled 0 variants (0.00s CPU time), skipped 0 variants.
    Prepared data for serialisation in 0.00s
  Pass  (vp, gles3) finished in 0.00 seconds. Local cache hits 3 (0.00s CPU time), remote cache hits 0 (0.00s CPU time), compiled 0 variants (0.00s CPU time), skipped 0 variants.
    Prepared data for serialisation in 0.00s
Serialized binary data for shader Hidden/CubeCopy in 0.00s
    gles3 (total internal programs: 6, unique: 1)
Compiling shader "Hidden/CubeBlend"
  Pass "" (vp)
    Target graphics API: gles3
    Full variant space:         1
    After settings filtering:   1
    After built-in stripping:   3
    After scriptable stripping: 3
    Processed in 0.00 seconds
  Pass "" (vp)
    Target graphics API: gles3
    Full variant space:         1
    After settings filtering:   1
    After built-in stripping:   3
    After scriptable stripping: 3
    Processed in 0.00 seconds
  Pass  (vp, gles3) finished in 0.00 seconds. Local cache hits 3 (0.00s CPU time), remote cache hits 0 (0.00s CPU time), compiled 0 variants (0.00s CPU time), skipped 0 variants.
    Prepared data for serialisation in 0.00s
  Pass  (vp, gles3) finished in 0.00 seconds. Local cache hits 3 (0.00s CPU time), remote cache hits 0 (0.00s CPU time), compiled 0 variants (0.00s CPU time), skipped 0 variants.
    Prepared data for serialisation in 0.00s
Serialized binary data for shader Hidden/CubeBlend in 0.00s
    gles3 (total internal programs: 6, unique: 1)
Compiling shader "Hidden/VR/BlitTexArraySlice"
  Pass "" (vp)
    Target graphics API: gles3
    Full variant space:         1
    After settings filtering:   1
    After built-in stripping:   3
    After scriptable stripping: 3
    Processed in 0.00 seconds
  Pass  (vp, gles3) finished in 0.00 seconds. Local cache hits 3 (0.00s CPU time), remote cache hits 0 (0.00s CPU time), compiled 0 variants (0.00s CPU time), skipped 0 variants.
    Prepared data for serialisation in 0.00s
Serialized binary data for shader Hidden/VR/BlitTexArraySlice in 0.00s
    gles3 (total internal programs: 3, unique: 1)
Compiling shader "Hidden/Internal-ODSWorldTexture"
  Pass "" (vp)
    Target graphics API: gles3
    Full variant space:         1
    After settings filtering:   1
    After built-in stripping:   3
    After scriptable stripping: 3
    Processed in 0.00 seconds
  Pass "" (vp)
    Target graphics API: gles3
    Full variant space:         1
    After settings filtering:   1
    After built-in stripping:   3
    After scriptable stripping: 3
    Processed in 0.00 seconds
  Pass "" (vp)
    Target graphics API: gles3
    Full variant space:         1
    After settings filtering:   1
    After built-in stripping:   3
    After scriptable stripping: 3
    Processed in 0.00 seconds
  Pass "" (vp)
    Target graphics API: gles3
    Full variant space:         1
    After settings filtering:   1
    After built-in stripping:   3
    After scriptable stripping: 3
    Processed in 0.00 seconds
  Pass "" (vp)
    Target graphics API: gles3
    Full variant space:         1
    After settings filtering:   1
    After built-in stripping:   3
    After scriptable stripping: 3
    Processed in 0.00 seconds
  Pass "" (vp)
    Target graphics API: gles3
    Full variant space:         1
    After settings filtering:   1
    After built-in stripping:   3
    After scriptable stripping: 3
    Processed in 0.00 seconds
  Pass "" (vp)
    Target graphics API: gles3
    Full variant space:         1
    After settings filtering:   1
    After built-in stripping:   3
    After scriptable stripping: 3
    Processed in 0.00 seconds
  Pass "" (vp)
    Target graphics API: gles3
    Full variant space:         1
    After settings filtering:   1
    After built-in stripping:   3
    After scriptable stripping: 3
    Processed in 0.00 seconds
  Pass "" (vp)
    Target graphics API: gles3
    Full variant space:         1
    After settings filtering:   1
    After built-in stripping:   3
    After scriptable stripping: 3
    Processed in 0.00 seconds
  Pass "" (vp)
    Target graphics API: gles3
    Full variant space:         1
    After settings filtering:   1
    After built-in stripping:   3
    After scriptable stripping: 3
    Processed in 0.00 seconds
  Pass  (vp, gles3) finished in 0.00 seconds. Local cache hits 3 (0.00s CPU time), remote cache hits 0 (0.00s CPU time), compiled 0 variants (0.00s CPU time), skipped 0 variants.
    Prepared data for serialisation in 0.00s
  Pass  (vp, gles3) finished in 0.00 seconds. Local cache hits 3 (0.00s CPU time), remote cache hits 0 (0.00s CPU time), compiled 0 variants (0.00s CPU time), skipped 0 variants.
    Prepared data for serialisation in 0.00s
  Pass  (vp, gles3) finished in 0.00 seconds. Local cache hits 3 (0.00s CPU time), remote cache hits 0 (0.00s CPU time), compiled 0 variants (0.00s CPU time), skipped 0 variants.
    Prepared data for serialisation in 0.00s
  Pass  (vp, gles3) finished in 0.00 seconds. Local cache hits 3 (0.00s CPU time), remote cache hits 0 (0.00s CPU time), compiled 0 variants (0.00s CPU time), skipped 0 variants.
    Prepared data for serialisation in 0.00s
  Pass  (vp, gles3) finished in 0.00 seconds. Local cache hits 3 (0.00s CPU time), remote cache hits 0 (0.00s CPU time), compiled 0 variants (0.00s CPU time), skipped 0 variants.
    Prepared data for serialisation in 0.00s
  Pass  (vp, gles3) finished in 0.00 seconds. Local cache hits 3 (0.00s CPU time), remote cache hits 0 (0.00s CPU time), compiled 0 variants (0.00s CPU time), skipped 0 variants.
    Prepared data for serialisation in 0.00s
  Pass  (vp, gles3) finished in 0.00 seconds. Local cache hits 3 (0.00s CPU time), remote cache hits 0 (0.00s CPU time), compiled 0 variants (0.00s CPU time), skipped 0 variants.
    Prepared data for serialisation in 0.00s
  Pass  (vp, gles3) finished in 0.00 seconds. Local cache hits 3 (0.00s CPU time), remote cache hits 0 (0.00s CPU time), compiled 0 variants (0.00s CPU time), skipped 0 variants.
    Prepared data for serialisation in 0.00s
  Pass  (vp, gles3) finished in 0.00 seconds. Local cache hits 3 (0.00s CPU time), remote cache hits 0 (0.00s CPU time), compiled 0 variants (0.00s CPU time), skipped 0 variants.
    Prepared data for serialisation in 0.00s
  Pass  (vp, gles3) finished in 0.00 seconds. Local cache hits 3 (0.00s CPU time), remote cache hits 0 (0.00s CPU time), compiled 0 variants (0.00s CPU time), skipped 0 variants.
    Prepared data for serialisation in 0.00s
Serialized binary data for shader Hidden/Internal-ODSWorldTexture in 0.00s
    gles3 (total internal programs: 30, unique: 9)
Compiling shader "Hidden/Internal-CubemapToEquirect"
  Pass "" (vp)
    Target graphics API: gles3
    Full variant space:         1
    After settings filtering:   1
    After built-in stripping:   3
    After scriptable stripping: 3
    Processed in 0.00 seconds
  Pass  (vp, gles3) finished in 0.00 seconds. Local cache hits 3 (0.00s CPU time), remote cache hits 0 (0.00s CPU time), compiled 0 variants (0.00s CPU time), skipped 0 variants.
    Prepared data for serialisation in 0.00s
Serialized binary data for shader Hidden/Internal-CubemapToEquirect in 0.00s
    gles3 (total internal programs: 3, unique: 1)
Compiling shader "Hidden/VR/BlitFromTex2DToTexArraySlice"
  Pass "" (vp)
    Target graphics API: gles3
    Full variant space:         1
    After settings filtering:   1
    After built-in stripping:   3
    After scriptable stripping: 3
    Processed in 0.00 seconds
  Pass "" (vp)
    Target graphics API: gles3
    Full variant space:         1
    After settings filtering:   1
    After built-in stripping:   3
    After scriptable stripping: 3
    Processed in 0.00 seconds
  Pass  (vp, gles3) finished in 0.00 seconds. Local cache hits 3 (0.00s CPU time), remote cache hits 0 (0.00s CPU time), compiled 0 variants (0.00s CPU time), skipped 0 variants.
    Prepared data for serialisation in 0.00s
  Pass  (vp, gles3) finished in 0.00 seconds. Local cache hits 3 (0.00s CPU time), remote cache hits 0 (0.00s CPU time), compiled 0 variants (0.00s CPU time), skipped 0 variants.
    Prepared data for serialisation in 0.00s
Serialized binary data for shader Hidden/VR/BlitFromTex2DToTexArraySlice in 0.00s
    gles3 (total internal programs: 6, unique: 2)
Compiling shader "Hidden/VideoComposite"
  Pass "Default" (vp)
    Target graphics API: gles3
    Full variant space:         1
    After settings filtering:   1
    After built-in stripping:   3
    After scriptable stripping: 3
    Processed in 0.00 seconds
  Pass Default (vp, gles3) finished in 0.00 seconds. Local cache hits 3 (0.00s CPU time), remote cache hits 0 (0.00s CPU time), compiled 0 variants (0.00s CPU time), skipped 0 variants.
    Prepared data for serialisation in 0.00s
Serialized binary data for shader Hidden/VideoComposite in 0.00s
    gles3 (total internal programs: 3, unique: 1)
Compiling shader "Hidden/VideoDecode"
  Pass "YCbCr_To_RGB1" (vp)
    Target graphics API: gles3
    Full variant space:         2
    After settings filtering:   2
    After built-in stripping:   6
    After scriptable stripping: 6
    Processed in 0.00 seconds
  Pass "YCbCrA_To_RGBAFull" (vp)
    Target graphics API: gles3
    Full variant space:         2
    After settings filtering:   2
    After built-in stripping:   6
    After scriptable stripping: 6
    Processed in 0.00 seconds
  Pass "YCbCrA_To_RGBA" (vp)
    Target graphics API: gles3
    Full variant space:         2
    After settings filtering:   2
    After built-in stripping:   6
    After scriptable stripping: 6
    Processed in 0.00 seconds
  Pass "Flip_RGBA_To_RGBA" (vp)
    Target graphics API: gles3
    Full variant space:         2
    After settings filtering:   2
    After built-in stripping:   6
    After scriptable stripping: 6
    Processed in 0.00 seconds
  Pass "Flip_RGBASplit_To_RGBA" (vp)
    Target graphics API: gles3
    Full variant space:         2
    After settings filtering:   2
    After built-in stripping:   6
    After scriptable stripping: 6
    Processed in 0.00 seconds
  Pass "Flip_NV12_To_RGB1" (vp)
    Target graphics API: gles3
    Full variant space:         2
    After settings filtering:   2
    After built-in stripping:   6
    After scriptable stripping: 6
    Processed in 0.00 seconds
  Pass "Flip_NV12_To_RGBA" (vp)
    Target graphics API: gles3
    Full variant space:         2
    After settings filtering:   2
    After built-in stripping:   6
    After scriptable stripping: 6
    Processed in 0.00 seconds
  Pass "Flip_P010_To_RGB1" (vp)
    Target graphics API: gles3
    Full variant space:         1
    After settings filtering:   1
    After built-in stripping:   3
    After scriptable stripping: 3
    Processed in 0.00 seconds
  Pass YCbCr_To_RGB1 (vp, gles3) finished in 0.00 seconds. Local cache hits 6 (0.00s CPU time), remote cache hits 0 (0.00s CPU time), compiled 0 variants (0.00s CPU time), skipped 0 variants.
    Prepared data for serialisation in 0.00s
  Pass YCbCrA_To_RGBAFull (vp, gles3) finished in 0.00 seconds. Local cache hits 6 (0.00s CPU time), remote cache hits 0 (0.00s CPU time), compiled 0 variants (0.00s CPU time), skipped 0 variants.
    Prepared data for serialisation in 0.00s
  Pass YCbCrA_To_RGBA (vp, gles3) finished in 0.00 seconds. Local cache hits 6 (0.00s CPU time), remote cache hits 0 (0.00s CPU time), compiled 0 variants (0.00s CPU time), skipped 0 variants.
    Prepared data for serialisation in 0.00s
  Pass Flip_RGBA_To_RGBA (vp, gles3) finished in 0.00 seconds. Local cache hits 6 (0.00s CPU time), remote cache hits 0 (0.00s CPU time), compiled 0 variants (0.00s CPU time), skipped 0 variants.
    Prepared data for serialisation in 0.00s
  Pass Flip_RGBASplit_To_RGBA (vp, gles3) finished in 0.00 seconds. Local cache hits 6 (0.00s CPU time), remote cache hits 0 (0.00s CPU time), compiled 0 variants (0.00s CPU time), skipped 0 variants.
    Prepared data for serialisation in 0.00s
  Pass Flip_NV12_To_RGB1 (vp, gles3) finished in 0.00 seconds. Local cache hits 6 (0.00s CPU time), remote cache hits 0 (0.00s CPU time), compiled 0 variants (0.00s CPU time), skipped 0 variants.
    Prepared data for serialisation in 0.00s
  Pass Flip_NV12_To_RGBA (vp, gles3) finished in 0.00 seconds. Local cache hits 6 (0.00s CPU time), remote cache hits 0 (0.00s CPU time), compiled 0 variants (0.00s CPU time), skipped 0 variants.
    Prepared data for serialisation in 0.00s
  Pass Flip_P010_To_RGB1 (vp, gles3) finished in 0.00 seconds. Local cache hits 3 (0.00s CPU time), remote cache hits 0 (0.00s CPU time), compiled 0 variants (0.00s CPU time), skipped 0 variants.
    Prepared data for serialisation in 0.00s
Serialized binary data for shader Hidden/VideoDecode in 0.00s
    gles3 (total internal programs: 45, unique: 15)
Compiling shader "Hidden/VideoDecodeAndroid"
  Pass "RGBAExternal_To_RGBA" (vp)
    Target graphics API: gles3
    Full variant space:         2
    After settings filtering:   2
    After built-in stripping:   6
    After scriptable stripping: 6
    Processed in 0.00 seconds
  Pass "RGBASplitExternal_To_RGBA" (vp)
    Target graphics API: gles3
    Full variant space:         2
    After settings filtering:   2
    After built-in stripping:   6
    After scriptable stripping: 6
    Processed in 0.00 seconds
  Pass RGBAExternal_To_RGBA (vp, gles3) finished in 0.00 seconds. Local cache hits 6 (0.00s CPU time), remote cache hits 0 (0.00s CPU time), compiled 0 variants (0.00s CPU time), skipped 0 variants.
    Prepared data for serialisation in 0.00s
  Pass RGBASplitExternal_To_RGBA (vp, gles3) finished in 0.00 seconds. Local cache hits 6 (0.00s CPU time), remote cache hits 0 (0.00s CPU time), compiled 0 variants (0.00s CPU time), skipped 0 variants.
    Prepared data for serialisation in 0.00s
Serialized binary data for shader Hidden/VideoDecodeAndroid in 0.00s
    gles3 (total internal programs: 12, unique: 12)
Compiling shader "Hidden/TextCore/Distance Field SSD"
  Pass "" (vp)
    Target graphics API: gles3
    Full variant space:         1
    After settings filtering:   1
    After built-in stripping:   3
    After scriptable stripping: 3
    Processed in 0.00 seconds
  Pass  (vp, gles3) finished in 0.00 seconds. Local cache hits 3 (0.00s CPU time), remote cache hits 0 (0.00s CPU time), compiled 0 variants (0.00s CPU time), skipped 0 variants.
    Prepared data for serialisation in 0.00s
Serialized binary data for shader Hidden/TextCore/Distance Field SSD in 0.00s
    gles3 (total internal programs: 3, unique: 1)
Compiling shader "Hidden/Physics2D/SDF_CircleGeometry"
  Pass "" (vp)
    Target graphics API: gles3
    Full variant space:         2
    After settings filtering:   2
    After built-in stripping:   3
    After scriptable stripping: 3
    Processed in 0.00 seconds
  Pass  (vp, gles3) finished in 0.00 seconds. Local cache hits 3 (0.00s CPU time), remote cache hits 0 (0.00s CPU time), compiled 0 variants (0.00s CPU time), skipped 0 variants.
    Prepared data for serialisation in 0.00s
Serialized binary data for shader Hidden/Physics2D/SDF_CircleGeometry in 0.00s
    gles3 (total internal programs: 3, unique: 1)
Compiling shader "Hidden/Physics2D/SDF_CapsuleGeometry"
  Pass "" (vp)
    Target graphics API: gles3
    Full variant space:         2
    After settings filtering:   2
    After built-in stripping:   3
    After scriptable stripping: 3
    Processed in 0.00 seconds
  Pass  (vp, gles3) finished in 0.00 seconds. Local cache hits 3 (0.00s CPU time), remote cache hits 0 (0.00s CPU time), compiled 0 variants (0.00s CPU time), skipped 0 variants.
    Prepared data for serialisation in 0.00s
Serialized binary data for shader Hidden/Physics2D/SDF_CapsuleGeometry in 0.00s
    gles3 (total internal programs: 3, unique: 1)
Compiling shader "Hidden/Physics2D/SDF_PolygonGeometry"
  Pass "" (vp)
    Target graphics API: gles3
    Full variant space:         2
    After settings filtering:   2
    After built-in stripping:   3
    After scriptable stripping: 3
    Processed in 0.00 seconds
  Pass  (vp, gles3) finished in 0.00 seconds. Local cache hits 3 (0.00s CPU time), remote cache hits 0 (0.00s CPU time), compiled 0 variants (0.00s CPU time), skipped 0 variants.
    Prepared data for serialisation in 0.00s
Serialized binary data for shader Hidden/Physics2D/SDF_PolygonGeometry in 0.00s
    gles3 (total internal programs: 3, unique: 1)
Compiling shader "Hidden/Physics2D/SDF_Line"
  Pass "" (vp)
    Target graphics API: gles3
    Full variant space:         2
    After settings filtering:   2
    After built-in stripping:   3
    After scriptable stripping: 3
    Processed in 0.00 seconds
  Pass  (vp, gles3) finished in 0.00 seconds. Local cache hits 3 (0.00s CPU time), remote cache hits 0 (0.00s CPU time), compiled 0 variants (0.00s CPU time), skipped 0 variants.
    Prepared data for serialisation in 0.00s
Serialized binary data for shader Hidden/Physics2D/SDF_Line in 0.00s
    gles3 (total internal programs: 3, unique: 1)
Compiling shader "Hidden/Physics2D/SDF_Point"
  Pass "" (vp)
    Target graphics API: gles3
    Full variant space:         2
    After settings filtering:   2
    After built-in stripping:   3
    After scriptable stripping: 3
    Processed in 0.00 seconds
  Pass  (vp, gles3) finished in 0.00 seconds. Local cache hits 3 (0.00s CPU time), remote cache hits 0 (0.00s CPU time), compiled 0 variants (0.00s CPU time), skipped 0 variants.
    Prepared data for serialisation in 0.00s
Serialized binary data for shader Hidden/Physics2D/SDF_Point in 0.00s
    gles3 (total internal programs: 3, unique: 1)
Compiling shader "PaperTrails/Turf"
  Pass "" (vp)
    Target graphics API: gles3
    Full variant space:         1
    After settings filtering:   1
    After built-in stripping:   3
    After scriptable stripping: 3
    Processed in 0.00 seconds
  Pass  (vp, gles3) finished in 0.00 seconds. Local cache hits 3 (0.00s CPU time), remote cache hits 0 (0.00s CPU time), compiled 0 variants (0.00s CPU time), skipped 0 variants.
    Prepared data for serialisation in 0.00s
Serialized binary data for shader PaperTrails/Turf in 0.00s
    gles3 (total internal programs: 3, unique: 1)
SpriteAtlasDatabase::Cleanup
DisplayProgressbar: Initializing
Android PostProcess task "Initializing" took 1.3886 ms
DisplayProgressbar: Check gradle project collisions
Android PostProcess task "Check gradle project collisions" took 0.3824 ms
DisplayProgressbar: Preparing banner
Android PostProcess task "Preparing banner" took 0.665 ms
Starting: C:\Program Files\Unity\Hub\Editor\6000.5.6f1\Editor\Data\Tools\BuildPipeline\bee_backend.exe --ipc --dagfile="Library/Bee/Player3241bbe7.dag" --profile="Library/Bee/backend1.traceevents" Player
WorkingDir: C:/Users/NMAdmin/Downloads/Codex/paper_io_multi_clone
ExitCode: 4 Duration: 0s88ms
Starting: C:\Program Files\Unity\Hub\Editor\6000.5.6f1\Editor\Data\netcorerun\netcorerun.exe "C:\Program Files\Unity\Hub\Editor\6000.5.6f1\Editor\Data\PlaybackEngines\AndroidPlayer\AndroidPlayerBuildProgram.exe" "C:/Program Files/Unity/Hub/Editor/6000.5.6f1/Editor/Data/PlaybackEngines/AndroidPlayer/Bee;C:/Program Files/Unity/Hub/Editor/6000.5.6f1/Editor/Data/Tools/BuildPipeline" "Library/Bee/Player3241bbe7.dag.json" "Library/Bee/Player3241bbe7-inputdata.json" "Library\Bee\buildprogram0.traceevents"
WorkingDir: C:/Users/NMAdmin/Downloads/Codex/paper_io_multi_clone
DisplayProgressbar: Incremental Player Build
ExitCode: 0 Duration: 0s759ms
Starting: C:\Program Files\Unity\Hub\Editor\6000.5.6f1\Editor\Data\Tools\BuildPipeline\bee_backend.exe --ipc --dagfile="Library/Bee/Player3241bbe7.dag" --dagfilejson="Library\Bee\Player3241bbe7.dag.json" --profile="Library/Bee/backend2.traceevents" Player
WorkingDir: C:/Users/NMAdmin/Downloads/Codex/paper_io_multi_clone
Starting: C:\Program Files\Unity\Hub\Editor\6000.5.6f1\Editor\Data\netcorerun\netcorerun.exe "C:\Program Files\Unity\Hub\Editor\6000.5.6f1\Editor\Data\PlaybackEngines\AndroidPlayer\AndroidPlayerBuildProgram.exe" "C:/Program Files/Unity/Hub/Editor/6000.5.6f1/Editor/Data/PlaybackEngines/AndroidPlayer/Bee;C:/Program Files/Unity/Hub/Editor/6000.5.6f1/Editor/Data/Tools/BuildPipeline" "Library/Bee/Player3241bbe7.dag.json" "Library/Bee/Player3241bbe7-inputdata.json" "Library\Bee\buildprogram1.traceevents"
WorkingDir: C:/Users/NMAdmin/Downloads/Codex/paper_io_multi_clone
ExitCode: 4 Duration: 6s457ms
ExitCode: 0 Duration: 0s717ms
Starting: C:\Program Files\Unity\Hub\Editor\6000.5.6f1\Editor\Data\Tools\BuildPipeline\bee_backend.exe --ipc --dagfile="Library/Bee/Player3241bbe7.dag" --dagfilejson="Library\Bee\Player3241bbe7.dag.json" --profile="Library/Bee/backend3.traceevents" Player
WorkingDir: C:/Users/NMAdmin/Downloads/Codex/paper_io_multi_clone
C:/Users/NMAdmin/Downloads/Codex/paper_io_multi_clone/Library/PackageCache/com.unity.burst@6bb9aca3ef38/.Runtime\bcl.exe exited after 2163 ms.
stdout:
Starting 1 library requests
Done
stderr:

Starting: C:\Program Files\Unity\Hub\Editor\6000.5.6f1\Editor\Data\netcorerun\netcorerun.exe "C:\Program Files\Unity\Hub\Editor\6000.5.6f1\Editor\Data\PlaybackEngines\AndroidPlayer\AndroidPlayerBuildProgram.exe" "C:/Program Files/Unity/Hub/Editor/6000.5.6f1/Editor/Data/PlaybackEngines/AndroidPlayer/Bee;C:/Program Files/Unity/Hub/Editor/6000.5.6f1/Editor/Data/Tools/BuildPipeline" "Library/Bee/Player3241bbe7.dag.json" "Library/Bee/Player3241bbe7-inputdata.json" "Library\Bee\buildprogram2.traceevents"
WorkingDir: C:/Users/NMAdmin/Downloads/Codex/paper_io_multi_clone
ExitCode: 4 Duration: 17s
ExitCode: 0 Duration: 0s792ms
Starting: C:\Program Files\Unity\Hub\Editor\6000.5.6f1\Editor\Data\Tools\BuildPipeline\bee_backend.exe --ipc --dagfile="Library/Bee/Player3241bbe7.dag" --dagfilejson="Library\Bee\Player3241bbe7.dag.json" --profile="Library/Bee/backend4.traceevents" Player
WorkingDir: C:/Users/NMAdmin/Downloads/Codex/paper_io_multi_clone
ExitCode: 0 Duration: 0s251ms
DisplayProgressbar: Calling IPostGenerateGradleAndroidProject callbacks
Calling IPostGenerateGradleAndroidProject callbacks on 'C:\Users\NMAdmin\Downloads\Codex\paper_io_multi_clone\Library\Bee\Android\Prj\IL2CPP\Gradle\unityLibrary':
    Call "Unity.Services.Authentication.PlayerAccounts.Editor.AndroidBuildPostProcess.OnPostGenerateGradleAndroidProject" from assembly 'Unity.Services.Authentication.PlayerAccounts.Editor'
Android PostProcess task "Calling IPostGenerateGradleAndroidProject callbacks" took 3.5537 ms
DisplayProgressbar: Validate Gradle Project
Android PostProcess task "Validate Gradle Project" took 1.0631 ms
Android PostProcess task "Unity Services Symbol Upload" took 0.3187 ms
DisplayProgressbar: Building Gradle project
Total cache size 206069581
Total cache size after purge 206069581, took 00:00:00.4246299
Starting: C:\Program Files\Unity\Hub\Editor\6000.5.6f1\Editor\Data\PlaybackEngines\AndroidPlayer\OpenJDK\bin\java.exe -classpath "C:\Program Files\Unity\Hub\Editor\6000.5.6f1\Editor\Data\PlaybackEngines\AndroidPlayer\Tools\gradle\lib\gradle-launcher-9.1.0.jar" org.gradle.launcher.GradleMain "-Dorg.gradle.jvmargs=-Xmx4096m" "assembleRelease" 
WorkingDir: C:/Users/NMAdmin/Downloads/Codex/paper_io_multi_clone/Library/Bee/Android/Prj/IL2CPP/Gradle\launcher
Build log was saved at 'C:\Users\NMAdmin\Downloads\Codex\paper_io_multi_clone\Library\Bee\Android\Prj\IL2CPP\Gradle\launcher\build\outputs\logs\unity-assembleRelease-build.log'
Android PostProcess task "Building Gradle project" took 23848.7348 ms
DisplayProgressbar: Building Gradle Symbols
Android PostProcess task "Building Gradle Symbols" took 0.4603 ms
DisplayProgressbar: Processing Mapping File
Android PostProcess task "Processing Mapping File" took 0.4681 ms
DisplayProgressbar: Moving output package(s)
Deleting file 'C:/Users/NMAdmin/Downloads/Codex/paper_io_multi_clone/Builds/Android/PaperTrails.apk'
Copy 'C:/Users/NMAdmin/Downloads/Codex/paper_io_multi_clone/Library/Bee/Android/Prj/IL2CPP/Gradle\launcher\build\outputs\apk\release\launcher-release.apk' -> 
 'C:/Users/NMAdmin/Downloads/Codex/paper_io_multi_clone/Builds/Android/PaperTrails.apk'
Android PostProcess task "Moving output package(s)" took 28.3527 ms
Android PostProcess task "Checking Symbols size" took 0.9528 ms
Refreshing native plugins compatible for Editor in 3.33 ms, found 0 plugins.
Asset Pipeline Refresh (id=ba2d0c0784d28314caf1307504506d99): Total: 0.051 seconds - Initiated by RefreshV2(NoUpdateAssetOptions)
[Licensing::Client] Successfully resolved entitlement details
Refreshing native plugins compatible for Editor in 2.46 ms, found 0 plugins.

-------------------------------------------------------------------------------
Build Report
Uncompressed usage by category (Percentages based on user generated assets only):
Textures               3.2 mb	 93.8% 
Meshes                 0.0 kb	 0.0% 
Animations             0.0 kb	 0.0% 
Sounds                 0.0 kb	 0.0% 
Shaders                11.2 kb	 0.3% 
Other Assets           3.3 kb	 0.1% 
Levels                 0.7 kb	 0.0% 
File headers           40.6 kb	 1.2% 
Total User Assets      3.4 mb	 100.0% 
Complete build size    523.8 mb
Used Assets and files from the Resources folder, sorted by uncompressed size:
 2.7 mb	 0.5% Built-in Texture2D: Splash Screen Unity Logo
 520.6 kb	 0.1% Resources/unity_builtin_extra
 3.4 kb	 0.0% Assets/PaperTrails/Runtime/Turf.shader
 1.8 kb	 0.0% Assets/Resources/PerformanceTestRunInfo.json
 0.4 kb	 0.0% Built-in Sprite: 
 0.2 kb	 0.0% Packages/com.unity.services.authentication/Player Accounts/Runtime/PlayerAccountsPackageInitializer.cs
 0.2 kb	 0.0% Packages/com.unity.services.authentication/Player Accounts/Runtime/Exceptions/PlayerAccountsExceptionHandler.cs
 0.2 kb	 0.0% Packages/com.unity.services.multiplayer/Runtime/DistributedAuthority/SDK/IDistributedAuthoritySDKConfiguration.cs
 0.2 kb	 0.0% Packages/com.unity.services.multiplayer/Runtime/DistributedAuthority/SDK/Exceptions/DistributedAuthorityServiceException.cs
 0.2 kb	 0.0% Packages/com.unity.services.multiplayer/Runtime/DistributedAuthority/Apis/DistributedAuthorityApi.cs
 0.2 kb	 0.0% Packages/com.unity.services.core/Runtime/Configuration/StreamingAssetsConfigurationLoader.cs
 0.2 kb	 0.0% Packages/com.unity.services.authentication/Runtime/AuthenticationServiceInternal.UsernamePassword.cs
 0.2 kb	 0.0% Packages/com.unity.services.authentication/Runtime/AuthenticationServiceInternal.RestrictedToken.cs
 0.2 kb	 0.0% Packages/com.unity.services.authentication/Player Accounts/Runtime/UnityPlayerAccountSettings.cs
 0.2 kb	 0.0% Packages/com.unity.services.authentication/Player Accounts/Runtime/PlayerAccountServiceInternal.cs
 0.2 kb	 0.0% Packages/com.unity.services.authentication/Player Accounts/Runtime/Models/PlayerAccountsErrorResponse.cs
 0.2 kb	 0.0% Packages/com.unity.netcode.gameobjects/Runtime/Messaging/GenerateSerializationForGenericParameterAttribute.cs
 0.2 kb	 0.0% Packages/com.unity.services.authentication/Runtime/AuthenticationServiceInternal.PlayerNames.cs
 0.2 kb	 0.0% Packages/com.unity.services.authentication/Runtime/AuthenticationServiceInternal.Notification.cs
 0.2 kb	 0.0% Packages/com.unity.services.multiplayer/Runtime/DistributedAuthority/SDK/WrappedDistributedAuthorityService.cs
 0.2 kb	 0.0% Packages/com.unity.services.multiplayer/Runtime/DistributedAuthority/Apis/DistributedAuthorityApiRequests.cs
 0.2 kb	 0.0% Packages/com.unity.services.core/Runtime/Configuration/SerializableProjectConfiguration.cs
 0.2 kb	 0.0% Packages/com.unity.services.core/Runtime/Configuration/ConfigurationCollectionHelper.cs
 0.2 kb	 0.0% Packages/com.unity.services.authentication/Runtime/Models/RestrictedTokenOptionsExtensions.cs
 0.2 kb	 0.0% Packages/com.unity.services.authentication/Runtime/AuthenticationServiceInternal.External.cs
 0.2 kb	 0.0% Packages/com.unity.services.authentication/Runtime/AuthenticationServiceInternal.CodeLink.cs
 0.2 kb	 0.0% Packages/com.unity.services.authentication/Player Accounts/Runtime/Utilities/Network/INetworkConfiguration.cs
 0.2 kb	 0.0% Packages/com.unity.services.authentication/Player Accounts/Runtime/Utilities/CodeChallengeGenerator.cs
 0.2 kb	 0.0% Packages/com.unity.services.authentication/Player Accounts/Runtime/Utilities/Browser/StandaloneBrowserUtils.cs
 0.2 kb	 0.0% Packages/com.unity.services.authentication/Player Accounts/Runtime/IPlayerAccountService.cs
 0.2 kb	 0.0% Packages/com.unity.services.authentication/Player Accounts/Runtime/Exceptions/PlayerAccountsException.cs
 0.2 kb	 0.0% Packages/com.unity.services.authentication/Player Accounts/Runtime/Exceptions/PlayerAccountsErrorCodes.cs
 0.2 kb	 0.0% Packages/com.unity.services.multiplayer/Runtime/Lobbies/SDK/LobbyMigrationData/LobbyDownloadMigrationDataOptions.cs
 0.2 kb	 0.0% Packages/com.unity.services.multiplayer/Runtime/DistributedAuthority/Http/ResponseDeserializationException.cs
 0.2 kb	 0.0% Packages/com.unity.services.core/Runtime/Core.Internal/Components/Telemetry/IDiagnosticsComponentProvider.cs
 0.2 kb	 0.0% Packages/com.unity.services.core/Runtime/Core.Internal/Components/Analytics/IAnalyticsStandardEventComponent.cs
 0.2 kb	 0.0% Packages/com.unity.services.authentication/Runtime/AuthenticationServiceInternal.BYOI.cs
 0.2 kb	 0.0% Packages/com.unity.services.wire/Runtime/Centrifuge/ConcurrentDictSubscriptionRepository.cs
 0.2 kb	 0.0% Packages/com.unity.services.multiplayer/Runtime/DistributedAuthority/SDK/LobbyServiceExceptionExtensions.cs
 0.2 kb	 0.0% Packages/com.unity.services.multiplayer/Runtime/DistributedAuthority/SDK/DistributedAuthorityTransport.cs
 0.2 kb	 0.0% Packages/com.unity.services.multiplayer/Runtime/DistributedAuthority/ErrorMitigation/StatusCodePolicyConfig.cs
 0.2 kb	 0.0% Packages/com.unity.services.core/Runtime/Telemetry/Diagnotstics/DisabledDiagnosticsFactory.cs
 0.2 kb	 0.0% Packages/com.unity.services.core/Runtime/Scheduler/ScheduledInvocationComparer.cs
 0.2 kb	 0.0% Packages/com.unity.services.core/Runtime/Environments/EnvironmentsOptionsExtensions.cs
 0.2 kb	 0.0% Packages/com.unity.services.core/Runtime/Core.Internal/Registry/DependencyTreeInitializeOrderSorter.cs
 0.2 kb	 0.0% Packages/com.unity.services.core/Runtime/Configuration/MemoryConfigurationLoader.cs
 0.2 kb	 0.0% Packages/com.unity.services.authentication/Runtime/Network/AuthenticationWebRequestUtils.cs
 0.2 kb	 0.0% Packages/com.unity.services.authentication/Runtime/Models/Requests/SignInWithExternalTokenRequest.cs
 0.2 kb	 0.0% Packages/com.unity.services.authentication/Runtime/Models/Requests/GameCenter/SignInWithAppleGameCenterRequest.cs
 0.2 kb	 0.0% Packages/com.unity.services.authentication/Runtime/Models/Requests/GameCenter/LinkWithAppleGameCenterRequest.cs
 0.2 kb	 0.0% Packages/com.unity.services.authentication/Runtime/Exceptions/IAuthenticationExceptionHandler.cs
 0.2 kb	 0.0% Packages/com.unity.services.authentication/Runtime/Exceptions/AuthenticationExceptionHandler.cs
 0.2 kb	 0.0% Packages/com.unity.services.authentication/Runtime/Core/AuthenticationPackageInitializer.cs
 0.2 kb	 0.0% Packages/com.unity.services.authentication/Runtime/Components/PlayerAuthenticationEvents.cs
 0.2 kb	 0.0% Packages/com.unity.services.authentication/Runtime/AuthenticationServiceInternal.cs
 0.2 kb	 0.0% Packages/com.unity.services.authentication/Player Accounts/Runtime/Utilities/Network/WebRequestException.cs
 0.2 kb	 0.0% Packages/com.unity.services.authentication/Player Accounts/Runtime/Utilities/Network/NetworkConfiguration.cs
 0.2 kb	 0.0% Packages/com.unity.services.authentication/Player Accounts/Runtime/Utilities/Browser/AndroidBrowserUtils.cs
 0.2 kb	 0.0% Packages/com.unity.services.authentication/Player Accounts/Runtime/PlayerAccountService.cs
 0.2 kb	 0.0% Packages/com.unity.collections/Unity.Collections/GenerateTestsForBurstCompatibilityAttribute.cs
 0.2 kb	 0.0% Packages/com.unity.services.multiplayer/Runtime/Multiplayer/Components/SessionConnectorBehaviour.cs
 0.2 kb	 0.0% Packages/com.unity.services.multiplayer/Runtime/Matchmaker/Http/ResponseDeserializationException.cs
 0.2 kb	 0.0% Packages/com.unity.services.multiplayer/Runtime/Lobbies/SDK/LobbyMigrationData/LobbyUploadMigrationDataResults.cs
 0.2 kb	 0.0% Packages/com.unity.services.multiplayer/Runtime/Lobbies/SDK/LobbyMigrationData/LobbyUploadMigrationDataOptions.cs
 0.2 kb	 0.0% Packages/com.unity.transport/Runtime/Pipelines/UnreliableSequencedPipelineStage.cs
 0.2 kb	 0.0% Packages/com.unity.transport/Runtime/Pipelines/ReliableSequencedPipelineStage.cs
 0.2 kb	 0.0% Packages/com.unity.services.multiplayer/Runtime/Relay/Http/ResponseDeserializationException.cs
 0.2 kb	 0.0% Packages/com.unity.services.multiplayer/Runtime/Relay/Apis/RelayAllocationsApi.cs
 0.2 kb	 0.0% Packages/com.unity.services.multiplayer/Runtime/Multiplayer/Modules/Network/Handlers/NetworkHandler/GameObjectsNetcodeNetworkHandler.cs
 0.2 kb	 0.0% Packages/com.unity.services.multiplayer/Runtime/Matchmaker/ErrorMitigation/StatusCodePolicyConfig.cs
 0.2 kb	 0.0% Packages/com.unity.services.multiplayer/Runtime/Lobbies/Http/ResponseDeserializationException.cs
 0.2 kb	 0.0% Packages/com.unity.services.multiplayer/Runtime/DistributedAuthority/SDK/DistributedAuthorityService.cs
 0.2 kb	 0.0% Packages/com.unity.services.multiplayer/Runtime/DistributedAuthority/ErrorMitigation/RetryPolicyConfig.cs
 0.2 kb	 0.0% Packages/com.unity.services.core/Runtime/Threading/UnityThreadUtilsInternal.cs
 0.2 kb	 0.0% Packages/com.unity.services.core/Runtime/Telemetry/Metrics/DisabledMetricsFactory.cs
 0.2 kb	 0.0% Packages/com.unity.services.core/Runtime/Core.Internal/Components/Configuration/IProjectConfiguration.cs
 0.2 kb	 0.0% Packages/com.unity.services.core/Runtime/Configuration/ConfigurationResetter.cs
 0.2 kb	 0.0% Packages/com.unity.services.core/Runtime/Components/ServicesInitializationEvents.cs
 0.2 kb	 0.0% Packages/com.unity.services.core/Runtime/Analytics/AnalyticsOptionsExtensions.cs
 0.2 kb	 0.0% Packages/com.unity.services.authentication/Runtime/Network/IAuthenticationNetworkClient.cs
 0.2 kb	 0.0% Packages/com.unity.services.authentication/Runtime/Network/AuthenticationNetworkClient.cs
 0.2 kb	 0.0% Packages/com.unity.services.authentication/Runtime/Models/Responses/AuthenticationErrorResponse.cs
 0.2 kb	 0.0% Packages/com.unity.services.authentication/Runtime/Models/Requests/LinkWithExternalTokenRequest.cs
 0.2 kb	 0.0% Packages/com.unity.services.authentication/Runtime/Models/Requests/Code Linking/GenerateSignInCodeRequest.cs
 0.2 kb	 0.0% Packages/com.unity.services.authentication/Player Accounts/Runtime/Utilities/Network/NetworkHandler.cs
 0.2 kb	 0.0% Packages/com.unity.services.authentication/Player Accounts/Runtime/Utilities/Network/INetworkHandler.cs
 0.2 kb	 0.0% Packages/com.unity.services.authentication/Player Accounts/Runtime/Utilities/Network/HttpUtilities.cs
 0.2 kb	 0.0% Packages/com.unity.services.authentication/Player Accounts/Runtime/Utilities/DateTimeWrapper.cs
 0.2 kb	 0.0% Packages/com.unity.services.authentication/Player Accounts/Runtime/Utilities/Browser/IBrowserUtils.cs
 0.2 kb	 0.0% Packages/com.unity.services.authentication/Player Accounts/Runtime/Models/SignInResponse.cs
 0.2 kb	 0.0% Packages/com.unity.services.authentication/Player Accounts/Runtime/ICoreRegistry.cs
 0.2 kb	 0.0% Packages/com.unity.netcode.gameobjects/Runtime/Messaging/GenerateSerializationForTypeAttribute.cs
 0.1 kb	 0.0% Packages/com.unity.transport/Runtime/Relay/NetworkDriverRelayExtensions.cs
 0.1 kb	 0.0% Packages/com.unity.transport/Runtime/Relay/Messages/RelayMessageConnectRequest.cs
 0.1 kb	 0.0% Packages/com.unity.transport/Runtime/AtomicFreeList.cs
 0.1 kb	 0.0% Packages/com.unity.services.wire/Runtime/websocket-sharp/Net/WebSockets/TcpListenerWebSocketContext.cs
 0.1 kb	 0.0% Packages/com.unity.services.wire/Runtime/websocket-sharp/Net/WebSockets/HttpListenerWebSocketContext.cs
 0.1 kb	 0.0% Packages/com.unity.services.multiplayer/Runtime/Relay/Apis/RelayAllocationsApiRequests.cs
 0.1 kb	 0.0% Packages/com.unity.services.multiplayer/Runtime/MultiplayerInitializer.Matchmaker.cs
 0.1 kb	 0.0% Packages/com.unity.services.multiplayer/Runtime/Multiplayer/Components/SessionObserverEvents.cs
 0.1 kb	 0.0% Packages/com.unity.services.multiplayer/Runtime/Multiplayer/Components/SessionNetworkSettings.cs
 0.1 kb	 0.0% Packages/com.unity.services.multiplayer/Runtime/Multiplayer/Components/SessionConnectorEvents.cs
 0.1 kb	 0.0% Packages/com.unity.services.multiplayer/Runtime/Matchmaker/Models/TicketStatusResponseOneOf.cs
 0.1 kb	 0.0% Packages/com.unity.services.multiplayer/Runtime/Matchmaker/Models/MultiplayConnectionDetails.cs
 0.1 kb	 0.0% Packages/com.unity.services.multiplayer/Runtime/Matchmaker/Models/CreateBackfillTicketResponse.cs
 0.1 kb	 0.0% Packages/com.unity.services.multiplayer/Runtime/Matchmaker/Models/CreateBackfillTicketRequest.cs
 0.1 kb	 0.0% Packages/com.unity.services.multiplayer/Runtime/Lobbies/SDK/ILobbyServiceSDKConfiguration.cs
 0.1 kb	 0.0% Packages/com.unity.services.multiplayer/Runtime/Lobbies/ErrorMitigation/StatusCodePolicyConfig.cs
 0.1 kb	 0.0% Packages/com.unity.services.multiplayer/Runtime/DistributedAuthority/Scheduler/EngineStateHelper.cs
 0.1 kb	 0.0% Packages/com.unity.services.multiplayer/Runtime/DistributedAuthority/Http/UnityWebRequestHelpers.cs
 0.1 kb	 0.0% Packages/com.unity.services.multiplayer/Runtime/DistributedAuthority/Http/DeserializationSettings.cs
 0.1 kb	 0.0% Packages/com.unity.services.multiplayer/Runtime/DistributedAuthority/Http/DeserializationException.cs
 0.1 kb	 0.0% Packages/com.unity.services.core/Runtime/Core.Internal/Registry/DependencyTreeExceptions.cs
 0.1 kb	 0.0% Packages/com.unity.services.core/Runtime/Core.Internal/Components/Vivox/IVivoxTokenProviderInternal.cs
 0.1 kb	 0.0% Packages/com.unity.services.core/Runtime/Core.Internal/Components/Networking/HttpRequestExtensions.cs
 0.1 kb	 0.0% Packages/com.unity.services.core/Runtime/Core.Internal/Components/Authentication/IServerEnvironmentId.cs
 0.1 kb	 0.0% Packages/com.unity.services.core/Runtime/Core.Internal/Components/Authentication/IServerAccessToken.cs
 0.1 kb	 0.0% Packages/com.unity.services.authentication/Runtime/Generated/Shared/ApiRequestPathBuilder.cs
 0.1 kb	 0.0% Packages/com.unity.services.authentication/Runtime/Generated/Shared/AbstractOpenAPISchema.cs
 0.1 kb	 0.0% Packages/com.unity.netcode.gameobjects/Runtime/Transports/UTP/INetworkStreamDriverConstructor.cs
 0.1 kb	 0.0% Packages/com.unity.transport/Runtime/WebSocketNetworkInterface.cs
 0.1 kb	 0.0% Packages/com.unity.transport/Runtime/StreamSegmentationParameters.cs
 0.1 kb	 0.0% Packages/com.unity.transport/Runtime/Pipelines/FragmentationPipelineStage.cs
 0.1 kb	 0.0% Packages/com.unity.services.qos/Runtime/v2/Http/ResponseDeserializationException.cs
 0.1 kb	 0.0% Packages/com.unity.services.qos/Runtime/Models/QosServiceServersResponseBody.cs
 0.1 kb	 0.0% Packages/com.unity.services.multiplayer/Runtime/Relay/SDK/IRelayServiceSDKConfiguration.cs
 0.1 kb	 0.0% Packages/com.unity.services.multiplayer/Runtime/Relay/ErrorMitigation/StatusCodePolicyConfig.cs
 0.1 kb	 0.0% Packages/com.unity.services.multiplayer/Runtime/Multiplayer/WrappedMultiplayerService.cs
 0.1 kb	 0.0% Packages/com.unity.services.multiplayer/Runtime/Multiplayer/Modules/Matchmaker/EnableMatchmakerModuleOption.cs
 0.1 kb	 0.0% Packages/com.unity.services.multiplayer/Runtime/Matchmaker/SDK/IMatchmakerSdkConfiguration.cs
 0.1 kb	 0.0% Packages/com.unity.services.multiplayer/Runtime/Matchmaker/SDK/Exceptions/MatchmakerServiceException.cs
 0.1 kb	 0.0% Packages/com.unity.services.multiplayer/Runtime/Matchmaker/SDK/CreateBackfillTicketOptions.cs
 0.1 kb	 0.0% Packages/com.unity.services.multiplayer/Runtime/Matchmaker/InternalMatchmakerServiceSdk.cs
 0.1 kb	 0.0% Packages/com.unity.services.multiplayer/Runtime/Matchmaker/ErrorMitigation/RetryPolicyConfig.cs
 0.1 kb	 0.0% Packages/com.unity.services.multiplayer/Runtime/DistributedAuthority/SDK/InternalDaLobbyService.cs
 0.1 kb	 0.0% Packages/com.unity.services.multiplayer/Runtime/DistributedAuthority/Models/ErrorResponseBody.cs
 0.1 kb	 0.0% Packages/com.unity.services.multiplayer/Runtime/DistributedAuthority/ErrorMitigation/RetryPolicy.cs
 0.1 kb	 0.0% Packages/com.unity.services.multiplayer/Runtime/DistributedAuthority/ErrorMitigation/IRetryPolicy.cs
 0.1 kb	 0.0% Packages/com.unity.services.core/Runtime/Telemetry/Diagnotstics/DisabledDiagnostics.cs
 0.1 kb	 0.0% Packages/com.unity.services.core/Runtime/Telemetry/Diagnotstics/DiagnosticsFactory.cs
 0.1 kb	 0.0% Packages/com.unity.services.core/Runtime/Scheduler/ScheduledInvocation.cs
 0.1 kb	 0.0% Packages/com.unity.services.core/Runtime/Scheduler/MinimumBinaryHeap.cs
 0.1 kb	 0.0% Packages/com.unity.services.core/Runtime/Registration/CorePackageInitializer.cs
 0.1 kb	 0.0% Packages/com.unity.services.core/Runtime/Networking/UnityWebRequestClient.cs
 0.1 kb	 0.0% Packages/com.unity.services.core/Runtime/Environments/Internal/Environments.cs
 0.1 kb	 0.0% Packages/com.unity.services.core/Runtime/Core.Internal/Serialization/NewtonsoftSerializer.cs
 0.1 kb	 0.0% Packages/com.unity.services.core/Runtime/Core.Internal/Registry/PackageInitializationInfo.cs
 0.1 kb	 0.0% Packages/com.unity.services.core/Runtime/Core.Internal/Registry/CircularDependencyException.cs
 0.1 kb	 0.0% Packages/com.unity.services.core/Runtime/Core.Internal/Components/Device/IEngineInstallationId.cs
 0.1 kb	 0.0% Packages/com.unity.services.core/Runtime/Configuration/Utils/StreamingAssetsUtils.cs
 0.1 kb	 0.0% Packages/com.unity.services.core/Runtime/Configuration/ProjectConfiguration.cs
 0.1 kb	 0.0% Packages/com.unity.services.core/Runtime/Configuration/IConfigurationLoader.cs
 0.1 kb	 0.0% Packages/com.unity.services.core/Runtime/Configuration/ConfigurationUtils.cs
 0.1 kb	 0.0% Packages/com.unity.services.core/Runtime/Configuration/ConfigurationEntry.cs
 0.1 kb	 0.0% Packages/com.unity.services.core/Runtime/Components/ServicesInitialization.cs
 0.1 kb	 0.0% Packages/com.unity.services.authentication/Runtime/Utilities/CodeChallengeGenerator.cs
 0.1 kb	 0.0% Packages/com.unity.services.authentication/Runtime/Network/AuthenticationApiClient.cs
 0.1 kb	 0.0% Packages/com.unity.services.authentication/Runtime/Models/Settings/INetworkConfiguration.cs
 0.1 kb	 0.0% Packages/com.unity.services.authentication/Runtime/Models/Settings/IAuthenticationSettings.cs
 0.1 kb	 0.0% Packages/com.unity.services.authentication/Runtime/Models/Settings/AuthenticationSettings.cs
 0.1 kb	 0.0% Packages/com.unity.services.authentication/Runtime/Models/Security/AccessTokenExtraClaims.cs
 0.1 kb	 0.0% Packages/com.unity.services.authentication/Runtime/Models/RestrictedTokenResponse.cs
 0.1 kb	 0.0% Packages/com.unity.services.authentication/Runtime/Models/RestrictedTokenOptions.cs
 0.1 kb	 0.0% Packages/com.unity.services.authentication/Runtime/Models/Responses/GetNotificationsResponse.cs
 0.1 kb	 0.0% Packages/com.unity.services.authentication/Runtime/Models/Responses/CodeLinkConfirmResponse.cs
 0.1 kb	 0.0% Packages/com.unity.services.authentication/Runtime/Models/Requests/UsernamePasswordRequest.cs
 0.1 kb	 0.0% Packages/com.unity.services.authentication/Runtime/Models/Requests/UpdatePasswordRequest.cs
 0.1 kb	 0.0% Packages/com.unity.services.authentication/Runtime/Models/Requests/SignInWithSteamRequest.cs
 0.1 kb	 0.0% Packages/com.unity.services.authentication/Runtime/Models/Requests/SignInAnonymouslyRequest.cs
 0.1 kb	 0.0% Packages/com.unity.services.authentication/Runtime/Models/Requests/Oculus/SignInWithOculusRequest.cs
 0.1 kb	 0.0% Packages/com.unity.services.authentication/Runtime/Models/Requests/Oculus/LinkWithOculusRequest.cs
 0.1 kb	 0.0% Packages/com.unity.services.authentication/Runtime/Models/Requests/Code Linking/SignInWithCodeRequest.cs
 0.1 kb	 0.0% Packages/com.unity.services.authentication/Runtime/Models/Requests/Code Linking/ConfirmSignInCodeRequest.cs
 0.1 kb	 0.0% Packages/com.unity.services.authentication/Runtime/Models/Requests/AppleGameCenterConfig.cs
 0.1 kb	 0.0% Packages/com.unity.services.authentication/Runtime/Models/Components/SessionTokenComponent.cs
 0.1 kb	 0.0% Packages/com.unity.services.authentication/Runtime/Models/Components/EnvironmentIdComponent.cs
 0.1 kb	 0.0% Packages/com.unity.services.authentication/Runtime/Metrics/IAuthenticationMetrics.cs
 0.1 kb	 0.0% Packages/com.unity.services.authentication/Runtime/Metrics/AuthenticationMetrics.cs
 0.1 kb	 0.0% Packages/com.unity.services.authentication/Runtime/IAuthenticationService.cs
 0.1 kb	 0.0% Packages/com.unity.services.authentication/Runtime/Generated/PlayerNames/Model/UpdateNameRequest.cs
 0.1 kb	 0.0% Packages/com.unity.services.authentication/Runtime/Exceptions/AuthenticationException.cs
 0.1 kb	 0.0% Packages/com.unity.services.authentication/Runtime/Exceptions/AuthenticationErrorCodes.cs
 0.1 kb	 0.0% Packages/com.unity.services.authentication/Runtime/Core/AuthenticationExtensions.cs
 0.1 kb	 0.0% Packages/com.unity.services.authentication/Runtime/Components/PlayerAuthentication.cs
 0.1 kb	 0.0% Packages/com.unity.services.authentication/Runtime/AuthenticationService.cs
 0.1 kb	 0.0% Packages/com.unity.services.authentication/Player Accounts/Runtime/Utilities/UriHelper.cs
 0.1 kb	 0.0% Packages/com.unity.services.authentication/Player Accounts/Runtime/Utilities/Network/WebRequest.cs
 0.1 kb	 0.0% Packages/com.unity.services.authentication/Player Accounts/Runtime/Utilities/JwtDecoder.cs
 0.1 kb	 0.0% Packages/com.unity.services.authentication/Player Accounts/Runtime/Utilities/Browser/BrowserUtils.cs
 0.1 kb	 0.0% Packages/com.unity.services.authentication/Player Accounts/Runtime/Extensions/UnityServicesExtensions.cs
 0.1 kb	 0.0% Packages/com.unity.netcode.gameobjects/Runtime/Transports/SinglePlayer/SinglePlayerTransport.cs
 0.1 kb	 0.0% Packages/com.unity.netcode.gameobjects/Runtime/NetworkVariable/Serialization/TypedILPPInitializers.cs
 0.1 kb	 0.0% Packages/com.unity.netcode.gameobjects/Runtime/Messaging/Messages/AnticipationCounterSyncPingMessage.cs
 0.1 kb	 0.0% Packages/com.unity.netcode.gameobjects/Runtime/Components/Interpolator/BufferedLinearInterpolatorVector3.cs
 0.1 kb	 0.0% Packages/com.unity.netcode.gameobjects/Runtime/Components/Interpolator/BufferedLinearInterpolatorQuaternion.cs
 0.1 kb	 0.0% Packages/com.unity.collections/Unity.Collections/UnsafeParallelHashSetExtensions.gen.cs
 0.1 kb	 0.0% Packages/com.unity.collections/Unity.Collections/UnsafeParallelHashMap.cs
 0.1 kb	 0.0% Packages/com.unity.transport/Runtime/TLS/UnityTLSConfiguration.cs
 0.1 kb	 0.0% Packages/com.unity.transport/Runtime/TLS/SecureParameters.cs
 0.1 kb	 0.0% Packages/com.unity.transport/Runtime/Relay/RelayNetworkParameter.cs
 0.1 kb	 0.0% Packages/com.unity.transport/Runtime/Relay/Messages/RelayMessageDisconnect.cs
 0.1 kb	 0.0% Packages/com.unity.transport/Runtime/Analytics/ConnectionMedium.cs
 0.1 kb	 0.0% Packages/com.unity.services.wire/Runtime/Centrifuge/ProtocolSchema/UnsubscribeResult.cs
 0.1 kb	 0.0% Packages/com.unity.services.wire/Runtime/Centrifuge/ProtocolSchema/UnsubscribeRequest.cs
 0.1 kb	 0.0% Packages/com.unity.services.qos/Runtime/v2/ErrorMitigation/StatusCodePolicyConfig.cs
 0.1 kb	 0.0% Packages/com.unity.services.qos/Runtime/Http/ResponseDeserializationException.cs
 0.1 kb	 0.0% Packages/com.unity.services.multiplayer/Runtime/MultiplayerInitializer.Relay.cs
 0.1 kb	 0.0% Packages/com.unity.services.multiplayer/Runtime/MultiplayerInitializer.Lobby.cs
 0.1 kb	 0.0% Packages/com.unity.services.multiplayer/Runtime/MultiplayerInitializer.Da.cs
 0.1 kb	 0.0% Packages/com.unity.services.multiplayer/Runtime/Multiplayer/Components/SessionPlayerEvents.cs
 0.1 kb	 0.0% Packages/com.unity.services.multiplayer/Runtime/Multiplayer/Components/MultiplayerSession.cs
 0.1 kb	 0.0% Packages/com.unity.services.multiplayer/Runtime/Multiplayer/Components/JoinSessionOptions.cs
 0.1 kb	 0.0% Packages/com.unity.services.multiplayer/Runtime/Multiplayer/Components/DirectIpPortOptions.cs
 0.1 kb	 0.0% Packages/com.unity.services.multiplayer/Runtime/Multiplayer/Components/CreateSessionOptions.cs
 0.1 kb	 0.0% Packages/com.unity.services.multiplayer/Runtime/Matchmaker/SDK/PayloadProxyApiClient.cs
 0.1 kb	 0.0% Packages/com.unity.services.multiplayer/Runtime/Matchmaker/Models/StoredMatchmakingResults.cs
 0.1 kb	 0.0% Packages/com.unity.services.multiplayer/Runtime/Matchmaker/Models/StoredMatchProperties.cs
 0.1 kb	 0.0% Packages/com.unity.services.multiplayer/Runtime/Matchmaker/Models/RelayConnectionDetails.cs
 0.1 kb	 0.0% Packages/com.unity.services.multiplayer/Runtime/Matchmaker/Models/IpPortConnectionDetails.cs
 0.1 kb	 0.0% Packages/com.unity.services.multiplayer/Runtime/Matchmaker/Models/CustomConnectionDetails.cs
 0.1 kb	 0.0% Packages/com.unity.services.multiplayer/Runtime/Matchmaker/Models/ConnectionDetailsOneOf.cs
 0.1 kb	 0.0% Packages/com.unity.services.multiplayer/Runtime/Matchmaker/Models/BackfillTicketProperties.cs
 0.1 kb	 0.0% Packages/com.unity.services.multiplayer/Runtime/Matchmaker/Http/UnityWebRequestHelpers.cs
 0.1 kb	 0.0% Packages/com.unity.services.multiplayer/Runtime/Matchmaker/Http/DeserializationSettings.cs
 0.1 kb	 0.0% Packages/com.unity.services.multiplayer/Runtime/Matchmaker/Http/DeserializationException.cs
 0.1 kb	 0.0% Packages/com.unity.services.multiplayer/Runtime/Lobbies/SDK/LobbyUpdates/Internal/LobbyWireTokenProvider.cs
 0.1 kb	 0.0% Packages/com.unity.services.multiplayer/Runtime/Lobbies/SDK/ILobbyServiceInternal.cs
 0.1 kb	 0.0% Packages/com.unity.services.multiplayer/Runtime/Lobbies/ErrorMitigation/RetryPolicyConfig.cs
 0.1 kb	 0.0% Packages/com.unity.services.multiplayer/Runtime/DistributedAuthority/Models/DistributedAuthorityIOneOf.cs
 0.1 kb	 0.0% Packages/com.unity.services.multiplayer/Runtime/DistributedAuthority/Http/JsonObjectConverter.cs
 0.1 kb	 0.0% Packages/com.unity.services.multiplayer/Runtime/DistributedAuthority/Http/IsolatedJsonConvert.cs
 0.1 kb	 0.0% Packages/com.unity.services.multiplayer/Runtime/DistributedAuthority/Http/HttpClientResponse.cs
 0.1 kb	 0.0% Packages/com.unity.services.core/Runtime/Core/DynamicDependency/PreserveDependencyAttribute.cs
 0.1 kb	 0.0% Packages/com.unity.services.core/Runtime/Core.Internal/Components/Threading/IUnityThreadUtils.cs
 0.1 kb	 0.0% Packages/com.unity.services.core/Runtime/Core.Internal/Components/Telemetry/IDiagnosticsFactory.cs
 0.1 kb	 0.0% Packages/com.unity.services.core/Runtime/Core.Internal/Components/Networking/ReadOnlyHttpResponse.cs
 0.1 kb	 0.0% Packages/com.unity.services.core/Runtime/Core.Internal/Components/Networking/ReadOnlyHttpRequest.cs
 0.1 kb	 0.0% Packages/com.unity.services.core/Runtime/Core.Internal/Components/Authentication/ITargetingContext.cs
 0.1 kb	 0.0% Packages/com.unity.services.core/Runtime/Core.Internal/Components/Authentication/ITargetingActivation.cs
 0.1 kb	 0.0% Packages/com.unity.services.core/Runtime/Core.Internal/Components/Authentication/IPlayerNameComponent.cs
 0.1 kb	 0.0% Packages/com.unity.services.core/Runtime/Core.Internal/Components/Authentication/IAccessTokenObserver.cs
 0.1 kb	 0.0% Packages/com.unity.services.authentication/Runtime/Generated/Shared/OpenAPIDateConverter.cs
 0.1 kb	 0.0% Packages/com.unity.services.authentication/Runtime/Generated/Shared/IApiConfiguration.cs
 0.1 kb	 0.0% Packages/com.unity.services.authentication/Runtime/Generated/Shared/ApiRequestOptions.cs
 0.1 kb	 0.0% Packages/com.unity.netcode.gameobjects/Runtime/Transports/UTP/NetworkMetricsPipelineStage.cs
 0.1 kb	 0.0% Packages/com.unity.collections/Unity.Collections/UnsafeNotBurstCompatible.cs
 0.1 kb	 0.0% Packages/com.unity.transport/Runtime/WebSocket/WebSocketParameters.cs
 0.1 kb	 0.0% Packages/com.unity.transport/Runtime/UnderlyingConnectionList.cs
 0.1 kb	 0.0% Packages/com.unity.transport/Runtime/Pipelines/SimulatorPipelineStage.cs
 0.1 kb	 0.0% Packages/com.unity.transport/Runtime/Pipelines/FragmentationUtility.cs
 0.1 kb	 0.0% Packages/com.unity.transport/Runtime/NetworkDriverReceiver.cs
 0.1 kb	 0.0% Packages/com.unity.transport/Runtime/Layers/StreamToDatagramLayer.cs
 0.1 kb	 0.0% Packages/com.unity.transport/Runtime/Layers/StreamSegmentationLayer.cs
 0.1 kb	 0.0% Packages/com.unity.transport/Runtime/Layers/SimpleConnectionLayer.cs
 0.1 kb	 0.0% Packages/com.unity.transport/Runtime/BaselibNetworkArray.cs
 0.1 kb	 0.0% Packages/com.unity.transport/Runtime/Analytics/RunningStatistics.cs
 0.1 kb	 0.0% Packages/com.unity.transport/Runtime/Analytics/PacketSizeStatistics.cs
 0.1 kb	 0.0% Packages/com.unity.transport/Runtime/Analytics/ConnectionStatistics.cs
 0.1 kb	 0.0% Packages/com.unity.transport/Runtime/Analytics/BandwidthStatistics.cs
 0.1 kb	 0.0% Packages/com.unity.services.wire/Runtime/websocket-sharp/Net/HttpListenerPrefixCollection.cs
 0.1 kb	 0.0% Packages/com.unity.services.wire/Runtime/Exceptions/WireExceptions.cs
 0.1 kb	 0.0% Packages/com.unity.services.qos/Runtime/ErrorMitigation/StatusCodePolicyConfig.cs
 0.1 kb	 0.0% Packages/com.unity.services.multiplayer/Runtime/Relay/Http/UnityWebRequestHelpers.cs
 0.1 kb	 0.0% Packages/com.unity.services.multiplayer/Runtime/Relay/Http/DeserializationSettings.cs
 0.1 kb	 0.0% Packages/com.unity.services.multiplayer/Runtime/Relay/Http/DeserializationException.cs
 0.1 kb	 0.0% Packages/com.unity.services.multiplayer/Runtime/Relay/ErrorMitigation/RetryPolicyConfig.cs
 0.1 kb	 0.0% Packages/com.unity.services.multiplayer/Runtime/MultiplayerInitializer.cs
 0.1 kb	 0.0% Packages/com.unity.services.multiplayer/Runtime/Multiplayer/Session/Options/ReconnectSessionOptions.cs
 0.1 kb	 0.0% Packages/com.unity.services.multiplayer/Runtime/Multiplayer/Session/Models/Migration/IMigrationDataHandler.cs
 0.1 kb	 0.0% Packages/com.unity.services.multiplayer/Runtime/Multiplayer/Modules/PlayerName/SessionOptionsExtensions.cs
 0.1 kb	 0.0% Packages/com.unity.services.multiplayer/Runtime/Multiplayer/Modules/PlayerName/PlayerNameSessionOption.cs
 0.1 kb	 0.0% Packages/com.unity.services.multiplayer/Runtime/Multiplayer/Modules/PlayerName/PlayerNameModuleProvider.cs
 0.1 kb	 0.0% Packages/com.unity.services.multiplayer/Runtime/Multiplayer/Modules/Network/SessionOptionsExtensions.cs
 0.1 kb	 0.0% Packages/com.unity.services.multiplayer/Runtime/Multiplayer/Modules/Network/IClientSessionNetwork.cs
 0.1 kb	 0.0% Packages/com.unity.services.multiplayer/Runtime/Multiplayer/Modules/Network/Handlers/NetworkHandler/NetworkManagerSession.cs
 0.1 kb	 0.0% Packages/com.unity.services.multiplayer/Runtime/Multiplayer/Modules/Matchmaker/MatchmakerBackfillOption.cs
 0.1 kb	 0.0% Packages/com.unity.services.multiplayer/Runtime/Multiplayer/Modules/Matchmaker/BackfillingConfiguration.cs
 0.1 kb	 0.0% Packages/com.unity.services.multiplayer/Runtime/Matchmaker/Scheduler/EngineStateHelper.cs
 0.1 kb	 0.0% Packages/com.unity.services.multiplayer/Runtime/Matchmaker/SDK/WrappedMatchmakerService.cs
 0.1 kb	 0.0% Packages/com.unity.services.multiplayer/Runtime/Matchmaker/ErrorMitigation/RetryPolicy.cs
 0.1 kb	 0.0% Packages/com.unity.services.multiplayer/Runtime/Matchmaker/ErrorMitigation/IRetryPolicy.cs
 0.1 kb	 0.0% Packages/com.unity.services.multiplayer/Runtime/Matchmaker/Apis/TicketsApiRequests.cs
 0.1 kb	 0.0% Packages/com.unity.services.multiplayer/Runtime/Matchmaker/Apis/MatchesApiRequests.cs
 0.1 kb	 0.0% Packages/com.unity.services.multiplayer/Runtime/Matchmaker/Apis/BackfillApiRequests.cs
 0.1 kb	 0.0% Packages/com.unity.services.multiplayer/Runtime/Lobbies/Http/UnityWebRequestHelpers.cs
 0.1 kb	 0.0% Packages/com.unity.services.multiplayer/Runtime/Lobbies/Http/DeserializationSettings.cs
 0.1 kb	 0.0% Packages/com.unity.services.multiplayer/Runtime/Lobbies/Http/DeserializationException.cs
 0.1 kb	 0.0% Packages/com.unity.services.core/Runtime/Telemetry/Metrics/MetricsFactory.cs
 0.1 kb	 0.0% Packages/com.unity.services.core/Runtime/Telemetry/Metrics/DisabledMetrics.cs
 0.1 kb	 0.0% Packages/com.unity.services.core/Runtime/Scheduler/TimeProvider/UtcTimeProvider.cs
 0.1 kb	 0.0% Packages/com.unity.services.core/Runtime/Scheduler/TimeProvider/ITimeProvider.cs
 0.1 kb	 0.0% Packages/com.unity.services.core/Runtime/Scheduler/ActionScheduler.cs
 0.1 kb	 0.0% Packages/com.unity.services.core/Runtime/Networking/HttpServiceConfig.cs
 0.1 kb	 0.0% Packages/com.unity.services.core/Runtime/Device/UserIdProviders/UnityEngineIdentifier.cs
 0.1 kb	 0.0% Packages/com.unity.services.core/Runtime/Device/UserIdProviders/UnityAnalyticsIdentifier.cs
 0.1 kb	 0.0% Packages/com.unity.services.core/Runtime/Device/UserIdProviders/IUserIdentifierProvider.cs
 0.1 kb	 0.0% Packages/com.unity.services.core/Runtime/Core/Initialization/UnityProjectNotLinkedException.cs
 0.1 kb	 0.0% Packages/com.unity.services.core/Runtime/Core/Initialization/ServicesInitializationException.cs
 0.1 kb	 0.0% Packages/com.unity.services.core/Runtime/Core.Internal/UnityServicesInternal.cs
 0.1 kb	 0.0% Packages/com.unity.services.core/Runtime/Core.Internal/UnityServicesInitializer.cs
 0.1 kb	 0.0% Packages/com.unity.services.core/Runtime/Core.Internal/Serialization/IJsonSerializer.cs
 0.1 kb	 0.0% Packages/com.unity.services.core/Runtime/Core.Internal/Registry/ServiceRegistry/LockedServiceRegistry.cs
 0.1 kb	 0.0% Packages/com.unity.services.core/Runtime/Core.Internal/Registry/PackageRegistry/LockedPackageRegistry.cs
 0.1 kb	 0.0% Packages/com.unity.services.core/Runtime/Core.Internal/Registry/IInitializablePackageV2.cs
 0.1 kb	 0.0% Packages/com.unity.services.core/Runtime/Core.Internal/Registry/IInitializablePackage.cs
 0.1 kb	 0.0% Packages/com.unity.services.core/Runtime/Core.Internal/Registry/DependencyTreeExtensions.cs
 0.1 kb	 0.0% Packages/com.unity.services.core/Runtime/Core.Internal/Registry/CoreRegistryInitializer.cs
 0.1 kb	 0.0% Packages/com.unity.services.core/Runtime/Core.Internal/Registry/ComponentRegistry/LockedComponentRegistry.cs
 0.1 kb	 0.0% Packages/com.unity.services.core/Runtime/Core.Internal/Components/Wire/IChannelTokenProvider.cs
 0.1 kb	 0.0% Packages/com.unity.services.core/Runtime/Core.Internal/Components/Environments/IEnvironments.cs
 0.1 kb	 0.0% Packages/com.unity.services.core/Runtime/Core.Internal/Components/Configuration/IExternalUserId.cs
 0.1 kb	 0.0% Packages/com.unity.services.core/Runtime/Core.Internal/Components/Configuration/ICloudProjectId.cs
 0.1 kb	 0.0% Packages/com.unity.services.core/Runtime/Core.Internal/AsyncOperation/IAsyncOperationAwaiter.cs
 0.1 kb	 0.0% Packages/com.unity.services.core/Runtime/Core.Internal/AsyncOperation/AsyncOperationExtensions.cs
 0.1 kb	 0.0% Packages/com.unity.services.core/Runtime/Core.Internal/AsyncOperation/AsyncOperationAwaiter.cs
 0.1 kb	 0.0% Packages/com.unity.services.core/Runtime/Configuration/ExternalUserId.cs
 0.1 kb	 0.0% Packages/com.unity.services.core/Runtime/Configuration/CloudProjectId.cs
 0.1 kb	 0.0% Packages/com.unity.services.core/Runtime/Components/ServicesBehaviour.cs
 0.1 kb	 0.0% Packages/com.unity.services.authentication/Runtime/Utilities/SerializerSettings.cs
 0.1 kb	 0.0% Packages/com.unity.services.authentication/Runtime/Utilities/IsolatedJsonConvert.cs
 0.1 kb	 0.0% Packages/com.unity.services.authentication/Runtime/Utilities/Cache/IAuthenticationCache.cs
 0.1 kb	 0.0% Packages/com.unity.services.authentication/Runtime/Utilities/Cache/AuthenticationCache.cs
 0.1 kb	 0.0% Packages/com.unity.services.authentication/Runtime/Network/WebRequestException.cs
 0.1 kb	 0.0% Packages/com.unity.services.authentication/Runtime/Models/Settings/NetworkConfiguration.cs
 0.1 kb	 0.0% Packages/com.unity.services.authentication/Runtime/Models/Responses/PlayerInfoResponse.cs
 0.1 kb	 0.0% Packages/com.unity.services.authentication/Runtime/Models/Responses/GenerateCodeResponse.cs
 0.1 kb	 0.0% Packages/com.unity.services.authentication/Runtime/Models/Responses/CodeLinkInfoResponse.cs
 0.1 kb	 0.0% Packages/com.unity.services.authentication/Runtime/Models/Requests/SessionTokenRequest.cs
 0.1 kb	 0.0% Packages/com.unity.services.authentication/Runtime/Models/Requests/LinkWithSteamRequest.cs
 0.1 kb	 0.0% Packages/com.unity.services.authentication/Runtime/Models/Requests/Code Linking/CodeLinkInfoRequest.cs
 0.1 kb	 0.0% Packages/com.unity.services.authentication/Runtime/Models/Components/TargetingComponent.cs
 0.1 kb	 0.0% Packages/com.unity.services.authentication/Runtime/Models/Components/PlayerNameComponent.cs
 0.1 kb	 0.0% Packages/com.unity.services.authentication/Runtime/Models/Components/PlayerIdComponent.cs
 0.1 kb	 0.0% Packages/com.unity.services.authentication/Runtime/Models/Components/AccessTokenComponent.cs
 0.1 kb	 0.0% Packages/com.unity.services.authentication/Runtime/Generated/PlayerNames/Api/PlayerNamesApi.cs
 0.1 kb	 0.0% Packages/com.unity.services.authentication/Player Accounts/Runtime/Utilities/Logger.cs
 0.1 kb	 0.0% Packages/com.unity.services.authentication/Player Accounts/Runtime/Models/IdToken.cs
 0.1 kb	 0.0% Packages/com.unity.services.authentication/Player Accounts/Runtime/Models/BaseJwt.cs
 0.1 kb	 0.0% Packages/com.unity.netcode.gameobjects/Runtime/Spawning/INetworkPrefabInstanceHandler.cs
 0.1 kb	 0.0% Packages/com.unity.netcode.gameobjects/Runtime/NetworkVariable/Serialization/CollectionSerializationUtility.cs
 0.1 kb	 0.0% Packages/com.unity.netcode.gameobjects/Runtime/Messaging/IDeferredNetworkMessageManager.cs
 0.1 kb	 0.0% Packages/com.unity.netcode.gameobjects/Runtime/Logging/LogContext/LogContextNetworkBehaviour.cs
 0.1 kb	 0.0% Packages/com.unity.netcode.gameobjects/Runtime/Exceptions/NetworkConfigurationException.cs
 0.1 kb	 0.0% Packages/com.unity.netcode.gameobjects/Runtime/Components/RigidbodyContactEventManager.cs
 0.1 kb	 0.0% Packages/com.unity.netcode.gameobjects/Runtime/Components/Interpolator/BufferedLinearInterpolatorFloat.cs
 0.1 kb	 0.0% Packages/com.unity.netcode.gameobjects/Runtime/Components/AnticipatedNetworkTransform.cs
 0.1 kb	 0.0% Packages/com.unity.collections/Unity.Collections/UnsafeScratchAllocator.cs
 0.1 kb	 0.0% Packages/com.unity.collections/Unity.Collections/NativeParallelHashMapExtensions.cs
 0.1 kb	 0.0% Packages/com.unity.ugui/Runtime/TMP/TMP_SpriteAssetImportFormats.cs
 0.1 kb	 0.0% Packages/com.unity.transport/Runtime/TLS/UnityTLSCallbacks.cs
 0.1 kb	 0.0% Packages/com.unity.transport/Runtime/Relay/RelayConnectionData.cs
 0.1 kb	 0.0% Packages/com.unity.transport/Runtime/Relay/RelayAllocationId.cs
 0.1 kb	 0.0% Packages/com.unity.transport/Runtime/Relay/Messages/RelayMessageRelay.cs
 0.1 kb	 0.0% Packages/com.unity.transport/Runtime/Relay/Messages/RelayMessageHeader.cs
 0.1 kb	 0.0% Packages/com.unity.transport/Runtime/Relay/Messages/RelayMessageError.cs
 0.1 kb	 0.0% Packages/com.unity.transport/Runtime/Relay/Messages/RelayMessageAccepted.cs
 0.1 kb	 0.0% Packages/com.unity.transport/Runtime/LoggingParameters.cs
 0.1 kb	 0.0% Packages/com.unity.services.wire/Runtime/websocket-sharp/Server/WebSocketSessionManager.cs
 0.1 kb	 0.0% Packages/com.unity.services.wire/Runtime/websocket-sharp/Server/WebSocketServiceManager.cs
 0.1 kb	 0.0% Packages/com.unity.services.wire/Runtime/Centrifuge/ProtocolSchema/SubscribeResult.cs
 0.1 kb	 0.0% Packages/com.unity.services.wire/Runtime/Centrifuge/ProtocolSchema/SubscribeRequest.cs
 0.1 kb	 0.0% Packages/com.unity.services.wire/Runtime/Centrifuge/ProtocolSchema/ConnectResult.cs
 0.1 kb	 0.0% Packages/com.unity.services.wire/Runtime/Centrifuge/ProtocolSchema/ConnectRequest.cs
 0.1 kb	 0.0% Packages/com.unity.services.qos/Runtime/v2/ErrorMitigation/RetryPolicyConfig.cs
 0.1 kb	 0.0% Packages/com.unity.services.qos/Runtime/v2/Apis/QosDiscoveryApiRequests.cs
 0.1 kb	 0.0% Packages/com.unity.services.qos/Runtime/v2/Apis/QosDiscoveryApi.cs
 0.1 kb	 0.0% Packages/com.unity.services.multiplayer/Runtime/Relay/Scheduler/EngineStateHelper.cs
 0.1 kb	 0.0% Packages/com.unity.services.multiplayer/Runtime/Multiplayer/Components/SessionEvents.cs
 0.1 kb	 0.0% Packages/com.unity.services.multiplayer/Runtime/Multiplayer/Components/SessionConnector.cs
 0.1 kb	 0.0% Packages/com.unity.services.multiplayer/Runtime/Matchmaker/Models/TicketStatusResponse.cs
 0.1 kb	 0.0% Packages/com.unity.services.multiplayer/Runtime/Matchmaker/Models/MultiplayAssignment.cs
 0.1 kb	 0.0% Packages/com.unity.services.multiplayer/Runtime/Matchmaker/Models/MatchmakingResults.cs
 0.1 kb	 0.0% Packages/com.unity.services.multiplayer/Runtime/Matchmaker/Models/MatchIdAssignment.cs
 0.1 kb	 0.0% Packages/com.unity.services.multiplayer/Runtime/Matchmaker/Models/LegacyBackfillTicket.cs
 0.1 kb	 0.0% Packages/com.unity.services.multiplayer/Runtime/Matchmaker/Models/CreateTicketResponse.cs
 0.1 kb	 0.0% Packages/com.unity.services.multiplayer/Runtime/Matchmaker/Models/CreateTicketRequest.cs
 0.1 kb	 0.0% Packages/com.unity.services.multiplayer/Runtime/Matchmaker/Models/ConversionExtensions.cs
 0.1 kb	 0.0% Packages/com.unity.services.multiplayer/Runtime/Matchmaker/Models/ConnectionDetails.cs
 0.1 kb	 0.0% Packages/com.unity.services.multiplayer/Runtime/Matchmaker/Http/JsonObjectConverter.cs
 0.1 kb	 0.0% Packages/com.unity.services.multiplayer/Runtime/Matchmaker/Http/IsolatedJsonConvert.cs
 0.1 kb	 0.0% Packages/com.unity.services.multiplayer/Runtime/Matchmaker/Http/HttpClientResponse.cs
 0.1 kb	 0.0% Packages/com.unity.services.multiplayer/Runtime/Matchmaker/Apis/TicketsApi.cs
 0.1 kb	 0.0% Packages/com.unity.services.multiplayer/Runtime/Matchmaker/Apis/MatchesApi.cs
 0.1 kb	 0.0% Packages/com.unity.services.multiplayer/Runtime/Matchmaker/Apis/BackfillApi.cs
 0.1 kb	 0.0% Packages/com.unity.services.multiplayer/Runtime/Lobbies/Scheduler/EngineStateHelper.cs
 0.1 kb	 0.0% Packages/com.unity.services.multiplayer/Runtime/Lobbies/SDK/WrappedLobbyService.cs
 0.1 kb	 0.0% Packages/com.unity.services.multiplayer/Runtime/Lobbies/SDK/QuickJoinLobbyOptions.cs
 0.1 kb	 0.0% Packages/com.unity.services.multiplayer/Runtime/Lobbies/SDK/LobbyMigrationData/LobbyMigrationData.cs
 0.1 kb	 0.0% Packages/com.unity.services.multiplayer/Runtime/Lobbies/SDK/JoinLobbyByCodeOptions.cs
 0.1 kb	 0.0% Packages/com.unity.services.multiplayer/Runtime/Lobbies/SDK/Exceptions/LobbyServiceException.cs
 0.1 kb	 0.0% Packages/com.unity.services.multiplayer/Runtime/Lobbies/Models/PlayerUpdateRequest.cs
 0.1 kb	 0.0% Packages/com.unity.services.multiplayer/Runtime/Lobbies/Models/MigrationDataInfo.cs
 0.1 kb	 0.0% Packages/com.unity.services.multiplayer/Runtime/Lobbies/Models/JoinByCodeRequest.cs
 0.1 kb	 0.0% Packages/com.unity.services.multiplayer/Runtime/Lobbies/Models/BulkUpdateRequest.cs
 0.1 kb	 0.0% Packages/com.unity.services.multiplayer/Runtime/Lobbies/ErrorMitigation/RetryPolicy.cs
 0.1 kb	 0.0% Packages/com.unity.services.multiplayer/Runtime/Lobbies/ErrorMitigation/IRetryPolicy.cs
 0.1 kb	 0.0% Packages/com.unity.services.multiplayer/Runtime/DistributedAuthority/Scheduler/ThreadHelper.cs
 0.1 kb	 0.0% Packages/com.unity.services.multiplayer/Runtime/DistributedAuthority/SDK/Exceptions/ApiErrorsExtenders.cs
 0.1 kb	 0.0% Packages/com.unity.services.multiplayer/Runtime/DistributedAuthority/Http/ResponseHandler.cs
 0.1 kb	 0.0% Packages/com.unity.services.multiplayer/Runtime/DistributedAuthority/Http/IDeserializable.cs
 0.1 kb	 0.0% Packages/com.unity.services.multiplayer/Runtime/DistributedAuthority/Http/HttpException.cs
 0.1 kb	 0.0% Packages/com.unity.services.multiplayer/Runtime/DistributedAuthority/Http/BaseApiClient.cs
 0.1 kb	 0.0% Packages/com.unity.services.core/Runtime/Core.Internal/Components/Telemetry/IMetricsFactory.cs
 0.1 kb	 0.0% Packages/com.unity.services.core/Runtime/Core.Internal/Components/Scheduler/IActionScheduler.cs
 0.1 kb	 0.0% Packages/com.unity.services.core/Runtime/Core.Internal/Components/Authentication/IEnvironmentId.cs
 0.1 kb	 0.0% Packages/com.unity.services.core/Runtime/Core.Internal/Components/Analytics/IAnalyticsUserId.cs
 0.1 kb	 0.0% Packages/com.unity.services.authentication/Runtime/Generated/Shared/ApiConfiguration.cs
 0.1 kb	 0.0% Packages/com.unity.services.authentication/Runtime/Core/UnityServicesExtensions.cs
 0.1 kb	 0.0% Packages/com.unity.services.authentication/Runtime/Compatibility/Utilities.cs
 0.1 kb	 0.0% Packages/com.unity.netcode.gameobjects/Runtime/Transports/UTP/NetworkMetricsContext.cs
 0.1 kb	 0.0% Packages/com.unity.collections/Unity.Collections/UnsafeAtomicCounter.cs
 0.1 kb	 0.0% Packages/com.unity.ugui/Runtime/UGUI/UI/Core/Layout/HorizontalOrVerticalLayoutGroup.cs
 0.1 kb	 0.0% Packages/com.unity.transport/Runtime/Utilities/ManagedCallWrapper.cs
 0.1 kb	 0.0% Packages/com.unity.transport/Runtime/UDPNetworkInterface.cs
 0.1 kb	 0.0% Packages/com.unity.transport/Runtime/TCPNetworkInterface.cs
 0.1 kb	 0.0% Packages/com.unity.transport/Runtime/Pipelines/SimulatorUtility.cs
 0.1 kb	 0.0% Packages/com.unity.transport/Runtime/Pipelines/ReliableUtility.cs
 0.1 kb	 0.0% Packages/com.unity.transport/Runtime/Pipelines/ReliableAckMask.cs
 0.1 kb	 0.0% Packages/com.unity.transport/Runtime/Pipelines/NullPipelineStage.cs
 0.1 kb	 0.0% Packages/com.unity.transport/Runtime/NetworkLayerWrapper.cs
 0.1 kb	 0.0% Packages/com.unity.transport/Runtime/NetworkEventQueue.cs
 0.1 kb	 0.0% Packages/com.unity.transport/Runtime/NetworkDriverSender.cs
 0.1 kb	 0.0% Packages/com.unity.transport/Runtime/NetworkConnection.cs
 0.1 kb	 0.0% Packages/com.unity.transport/Runtime/MultiNetworkDriver.cs
 0.1 kb	 0.0% Packages/com.unity.transport/Runtime/IPCNetworkInterface.cs
 0.1 kb	 0.0% Packages/com.unity.transport/Runtime/INetworkInterface.cs
 0.1 kb	 0.0% Packages/com.unity.transport/Runtime/Analytics/DriverStatistics.cs
 0.1 kb	 0.0% Packages/com.unity.services.wire/Runtime/websocket-sharp/Server/WebSocketServiceHost`1.cs
 0.1 kb	 0.0% Packages/com.unity.services.wire/Runtime/websocket-sharp/Net/ServerSslConfiguration.cs
 0.1 kb	 0.0% Packages/com.unity.services.wire/Runtime/websocket-sharp/Net/QueryStringCollection.cs
 0.1 kb	 0.0% Packages/com.unity.services.wire/Runtime/websocket-sharp/Net/HttpStreamAsyncResult.cs
 0.1 kb	 0.0% Packages/com.unity.services.wire/Runtime/websocket-sharp/Net/HttpListenerException.cs
 0.1 kb	 0.0% Packages/com.unity.services.wire/Runtime/websocket-sharp/Net/HttpListenerAsyncResult.cs
 0.1 kb	 0.0% Packages/com.unity.services.wire/Runtime/websocket-sharp/Net/ClientSslConfiguration.cs
 0.1 kb	 0.0% Packages/com.unity.services.wire/Runtime/websocket-sharp/Net/AuthenticationResponse.cs
 0.1 kb	 0.0% Packages/com.unity.services.wire/Runtime/websocket-sharp/Net/AuthenticationChallenge.cs
 0.1 kb	 0.0% Packages/com.unity.services.wire/Runtime/WireServiceProvider.cs
 0.1 kb	 0.0% Packages/com.unity.services.wire/Runtime/Utils/MaskedTokenConverter.cs
 0.1 kb	 0.0% Packages/com.unity.services.wire/Runtime/IWebsocketFactory.cs
 0.1 kb	 0.0% Packages/com.unity.services.wire/Runtime/Centrifuge/BatchMessagesUtil.cs
 0.1 kb	 0.0% Packages/com.unity.services.qos/Runtime/v2/Models/QosServersResponseBody.cs
 0.1 kb	 0.0% Packages/com.unity.services.qos/Runtime/v2/Http/UnityWebRequestHelpers.cs
 0.1 kb	 0.0% Packages/com.unity.services.qos/Runtime/v2/Http/DeserializationSettings.cs
 0.1 kb	 0.0% Packages/com.unity.services.qos/Runtime/v2/Http/DeserializationException.cs
 0.1 kb	 0.0% Packages/com.unity.services.qos/Runtime/Models/QosServiceServersList.cs
 0.1 kb	 0.0% Packages/com.unity.services.qos/Runtime/Models/QosServersResponseBody.cs
 0.1 kb	 0.0% Packages/com.unity.services.qos/Runtime/ErrorMitigation/RetryPolicyConfig.cs
 0.1 kb	 0.0% Packages/com.unity.services.qos/Runtime/Apis/QosDiscoveryApiRequests.cs
 0.1 kb	 0.0% Packages/com.unity.services.qos/Runtime/Apis/QosDiscoveryApi.cs
 0.1 kb	 0.0% Packages/com.unity.services.multiplayer/Runtime/UnityServicesExtensions.cs
 0.1 kb	 0.0% Packages/com.unity.services.multiplayer/Runtime/Relay/SDK/Exceptions/RelayServiceException.cs
 0.1 kb	 0.0% Packages/com.unity.services.multiplayer/Runtime/Relay/Models/RelayServerEndpoint.cs
 0.1 kb	 0.0% Packages/com.unity.services.multiplayer/Runtime/Relay/Models/RegionsResponseBody.cs
 0.1 kb	 0.0% Packages/com.unity.services.multiplayer/Runtime/Relay/Models/JoinCodeResponseBody.cs
 0.1 kb	 0.0% Packages/com.unity.services.multiplayer/Runtime/Relay/Models/JoinAllocationAllOf.cs
 0.1 kb	 0.0% Packages/com.unity.services.multiplayer/Runtime/Relay/Models/ErrorResponseBody.cs
 0.1 kb	 0.0% Packages/com.unity.services.multiplayer/Runtime/Relay/Models/AllocationRequest.cs
 0.1 kb	 0.0% Packages/com.unity.services.multiplayer/Runtime/Relay/Models/AllocateResponseBody.cs
 0.1 kb	 0.0% Packages/com.unity.services.multiplayer/Runtime/Relay/Http/JsonObjectConverter.cs
 0.1 kb	 0.0% Packages/com.unity.services.multiplayer/Runtime/Relay/Http/HttpClientResponse.cs
 0.1 kb	 0.0% Packages/com.unity.services.multiplayer/Runtime/Relay/ErrorMitigation/RetryPolicy.cs
 0.1 kb	 0.0% Packages/com.unity.services.multiplayer/Runtime/Relay/ErrorMitigation/IRetryPolicy.cs
 0.1 kb	 0.0% Packages/com.unity.services.multiplayer/Runtime/Multiplayer/Utils/UserAgentProvider.cs
 0.1 kb	 0.0% Packages/com.unity.services.multiplayer/Runtime/Multiplayer/Utils/JWT/ServerAccessToken.cs
 0.1 kb	 0.0% Packages/com.unity.services.multiplayer/Runtime/Multiplayer/Utils/IUserAgentProvider.cs
 0.1 kb	 0.0% Packages/com.unity.services.multiplayer/Runtime/Multiplayer/SessionBrowser/QuerySessionsResults.cs
 0.1 kb	 0.0% Packages/com.unity.services.multiplayer/Runtime/Multiplayer/SessionBrowser/QuerySessionsOptions.cs
 0.1 kb	 0.0% Packages/com.unity.services.multiplayer/Runtime/Multiplayer/Session/Options/JoinSessionOptions.cs
 0.1 kb	 0.0% Packages/com.unity.services.multiplayer/Runtime/Multiplayer/Session/Options/BaseSessionOptions.cs
 0.1 kb	 0.0% Packages/com.unity.services.multiplayer/Runtime/Multiplayer/Session/Options/AddingSessionOptions.cs
 0.1 kb	 0.0% Packages/com.unity.services.multiplayer/Runtime/Multiplayer/Session/Models/Migration/SessionMigrationData.cs
 0.1 kb	 0.0% Packages/com.unity.services.multiplayer/Runtime/Multiplayer/Session/Models/IVisibilityProperty.cs
 0.1 kb	 0.0% Packages/com.unity.services.multiplayer/Runtime/Multiplayer/Session/Migration/HostMigrationOption.cs
 0.1 kb	 0.0% Packages/com.unity.services.multiplayer/Runtime/Multiplayer/Session/Migration/HostMigrationHandler.cs
 0.1 kb	 0.0% Packages/com.unity.services.multiplayer/Runtime/Multiplayer/MultiplayerService.cs
 0.1 kb	 0.0% Packages/com.unity.services.multiplayer/Runtime/Multiplayer/Modules/Network/Models/RelayNetworkOptions.cs
 0.1 kb	 0.0% Packages/com.unity.services.multiplayer/Runtime/Multiplayer/Modules/Network/Models/NetworkInfoOption.cs
 0.1 kb	 0.0% Packages/com.unity.services.multiplayer/Runtime/Multiplayer/Modules/Network/Models/NetworkHandlerOption.cs
 0.1 kb	 0.0% Packages/com.unity.services.multiplayer/Runtime/Multiplayer/Modules/Network/Models/NetworkConfiguration.cs
 0.1 kb	 0.0% Packages/com.unity.services.multiplayer/Runtime/Multiplayer/Modules/Network/Models/DirectNetworkOptions.cs
 0.1 kb	 0.0% Packages/com.unity.services.multiplayer/Runtime/Multiplayer/Modules/Network/IHostSessionNetwork.cs
 0.1 kb	 0.0% Packages/com.unity.services.multiplayer/Runtime/Multiplayer/Modules/Matchmaker/MatchmakerProvider.cs
 0.1 kb	 0.0% Packages/com.unity.services.multiplayer/Runtime/Multiplayer/Modules/Matchmaker/MatchmakerExtensions.cs
 0.1 kb	 0.0% Packages/com.unity.services.multiplayer/Runtime/Multiplayer/Matchmaking/MatchmakerQueueAsset.cs
 0.1 kb	 0.0% Packages/com.unity.services.multiplayer/Runtime/Multiplayer/Matchmaking/MatchmakerOptions.cs
 0.1 kb	 0.0% Packages/com.unity.services.multiplayer/Runtime/Multiplayer/Matchmaking/MatchmakerManager.cs
 0.1 kb	 0.0% Packages/com.unity.services.multiplayer/Runtime/Matchmaker/SDK/MatchmakerService.cs
 0.1 kb	 0.0% Packages/com.unity.services.multiplayer/Runtime/Matchmaker/SDK/IMatchmakerService.cs
 0.1 kb	 0.0% Packages/com.unity.services.multiplayer/Runtime/Matchmaker/SDK/CreateTicketOptions.cs
 0.1 kb	 0.0% Packages/com.unity.services.multiplayer/Runtime/Matchmaker/Overrides/IABRemoteConfig.cs
 0.1 kb	 0.0% Packages/com.unity.services.multiplayer/Runtime/Matchmaker/Overrides/ABRemoteConfig.cs
 0.1 kb	 0.0% Packages/com.unity.services.multiplayer/Runtime/Matchmaker/MatchmakerServiceSdk.cs
 0.1 kb	 0.0% Packages/com.unity.services.multiplayer/Runtime/Lobbies/SDK/ApiTelemetryScope.cs
 0.1 kb	 0.0% Packages/com.unity.services.multiplayer/Runtime/Lobbies/Http/JsonObjectConverter.cs
 0.1 kb	 0.0% Packages/com.unity.services.multiplayer/Runtime/Lobbies/Http/IsolatedJsonConvert.cs
 0.1 kb	 0.0% Packages/com.unity.services.multiplayer/Runtime/Lobbies/Http/HttpClientResponse.cs
 0.1 kb	 0.0% Packages/com.unity.services.multiplayer/Runtime/Lobbies/Apis/LobbyApiNames.cs
 0.1 kb	 0.0% Packages/com.unity.services.multiplayer/Runtime/DistributedAuthority/SDK/DefaultClock.cs
 0.1 kb	 0.0% Packages/com.unity.services.multiplayer/Runtime/DistributedAuthority/SDK/ConnectPayload.cs
 0.1 kb	 0.0% Packages/com.unity.services.multiplayer/Runtime/DistributedAuthority/Models/ErrorDetail.cs
 0.1 kb	 0.0% Packages/com.unity.services.multiplayer/Runtime/DistributedAuthority/Http/AsyncOpRetry.cs
 0.1 kb	 0.0% Packages/com.unity.services.multiplayer/Runtime/DistributedAuthority/Configuration/Configuration.cs
 0.1 kb	 0.0% Packages/com.unity.services.core/Runtime/Telemetry/Diagnotstics/Diagnostics.cs
 0.1 kb	 0.0% Packages/com.unity.services.core/Runtime/Device/UserIdProviders/UnityAdsIdentifier.cs
 0.1 kb	 0.0% Packages/com.unity.services.core/Runtime/Device/EngineInstallationId.cs
 0.1 kb	 0.0% Packages/com.unity.services.core/Runtime/Core/Initialization/ServicesCreationException.cs
 0.1 kb	 0.0% Packages/com.unity.services.core/Runtime/Core.Internal/Utils/UnityWebRequestUtils.cs
 0.1 kb	 0.0% Packages/com.unity.services.core/Runtime/Core.Internal/Utils/DictionaryExtensions.cs
 0.1 kb	 0.0% Packages/com.unity.services.core/Runtime/Core.Internal/Registry/IServiceComponent.cs
 0.1 kb	 0.0% Packages/com.unity.services.core/Runtime/Core.Internal/Registry/CorePackageRegistry.cs
 0.1 kb	 0.0% Packages/com.unity.services.core/Runtime/Core.Internal/Registry/ComponentRegistry/IComponentRegistry.cs
 0.1 kb	 0.0% Packages/com.unity.services.core/Runtime/Core.Internal/Registry/ComponentRegistry/ComponentRegistry.cs
 0.1 kb	 0.0% Packages/com.unity.services.core/Runtime/Core.Internal/CoreInternalResetter.cs
 0.1 kb	 0.0% Packages/com.unity.services.core/Runtime/Core.Internal/Components/Device/IInstallationId.cs
 0.1 kb	 0.0% Packages/com.unity.services.core/Runtime/Core.Internal/Attributes/VisibilityAttribute.cs
 0.1 kb	 0.0% Packages/com.unity.services.core/Runtime/Core.Internal/AsyncOperation/TaskAsyncOperation.cs
 0.1 kb	 0.0% Packages/com.unity.services.core/Runtime/Core.Internal/AsyncOperation/AsyncOperationBase.cs
 0.1 kb	 0.0% Packages/com.unity.services.authentication/Runtime/Utilities/IdProviderKeys.cs
 0.1 kb	 0.0% Packages/com.unity.services.authentication/Runtime/Network/NetworkHandler.cs
 0.1 kb	 0.0% Packages/com.unity.services.authentication/Runtime/Network/INetworkHandler.cs
 0.1 kb	 0.0% Packages/com.unity.services.authentication/Runtime/Network/HttpUtilities.cs
 0.1 kb	 0.0% Packages/com.unity.services.authentication/Runtime/Models/SignInOptions.cs
 0.1 kb	 0.0% Packages/com.unity.services.authentication/Runtime/Models/SignInCodeInfo.cs
 0.1 kb	 0.0% Packages/com.unity.services.authentication/Runtime/Models/Responses/UnlinkResponse.cs
 0.1 kb	 0.0% Packages/com.unity.services.authentication/Runtime/Models/Responses/SignInResponse.cs
 0.1 kb	 0.0% Packages/com.unity.services.authentication/Runtime/Models/Responses/ExternalIdentity.cs
 0.1 kb	 0.0% Packages/com.unity.services.authentication/Runtime/Models/Requests/UnlinkRequest.cs
 0.1 kb	 0.0% Packages/com.unity.services.authentication/Runtime/Models/Components/Profile/ProfileEventArgs.cs
 0.1 kb	 0.0% Packages/com.unity.services.authentication/Runtime/Models/Components/Profile/ProfileComponent.cs
 0.1 kb	 0.0% Packages/com.unity.services.authentication/Runtime/Models/Components/IPlayerName.cs
 0.1 kb	 0.0% Packages/com.unity.services.authentication/Runtime/Generated/PlayerNames/Model/ErrorStatus.cs
 0.1 kb	 0.0% Packages/com.unity.services.authentication/Runtime/Core/ICoreRegistry.cs
 0.1 kb	 0.0% Packages/com.unity.netcode.gameobjects/Runtime/Serialization/NetworkBehaviourReference.cs
 0.1 kb	 0.0% Packages/com.unity.netcode.gameobjects/Runtime/Serialization/INetworkSerializeByMemcpy.cs
 0.1 kb	 0.0% Packages/com.unity.netcode.gameobjects/Runtime/SceneManagement/DefaultSceneManagerHandler.cs
 0.1 kb	 0.0% Packages/com.unity.netcode.gameobjects/Runtime/Messaging/Messages/NetworkVariableDeltaMessage.cs
 0.1 kb	 0.0% Packages/com.unity.netcode.gameobjects/Runtime/Messaging/Messages/ConnectionApprovedMessage.cs
 0.1 kb	 0.0% Packages/com.unity.netcode.gameobjects/Runtime/Messaging/Messages/ClientDisconnectedMessage.cs
 0.1 kb	 0.0% Packages/com.unity.netcode.gameobjects/Runtime/Logging/LogContext/LogContextNetworkObject.cs
 0.1 kb	 0.0% Packages/com.unity.netcode.gameobjects/Runtime/Logging/LogContext/LogContextNetworkManager.cs
 0.1 kb	 0.0% Packages/com.unity.netcode.gameobjects/Runtime/Exceptions/VisibilityChangeException.cs
 0.1 kb	 0.0% Packages/com.unity.collections/Unity.Collections/UnsafeUtilityEx.cs
 0.1 kb	 0.0% Packages/com.unity.collections/Unity.Collections/UnsafeAppendBuffer.cs
 0.1 kb	 0.0% Packages/com.unity.collections/Unity.Collections/NativeParallelHashSetExtensions.gen.cs
 0.1 kb	 0.0% Packages/com.unity.collections/Unity.Collections/Jobs/RegisterGenericJobTypeAttribute.cs
 0.1 kb	 0.0% Packages/com.unity.collections/Unity.Collections/DoubleRewindableAllocators.cs
 0.1 kb	 0.0% Packages/com.unity.collections/Unity.Collections/DataStreamExtensions.cs
 0.1 kb	 0.0% Packages/com.unity.ugui/Runtime/TMP/TMP_DynamicFontAssetUtilities.cs
 0.1 kb	 0.0% Packages/com.unity.transport/Runtime/TLS/FixedPEMString.cs
 0.1 kb	 0.0% Packages/com.unity.transport/Runtime/TLS/DTLSUtilities.cs
 0.1 kb	 0.0% Packages/com.unity.transport/Runtime/Relay/RelayServerData.cs
 0.1 kb	 0.0% Packages/com.unity.transport/Runtime/Relay/Messages/RelayMessagePing.cs
 0.1 kb	 0.0% Packages/com.unity.transport/Runtime/Relay/Messages/RelayMessageBind.cs
 0.1 kb	 0.0% Packages/com.unity.transport/Runtime/NetworkParams.cs
 0.1 kb	 0.0% Packages/com.unity.services.wire/Runtime/websocket-sharp/Server/WebSocketServiceHost.cs
 0.1 kb	 0.0% Packages/com.unity.services.wire/Runtime/websocket-sharp/Server/WebSocketBehavior.cs
 0.1 kb	 0.0% Packages/com.unity.services.wire/Runtime/websocket-sharp/Server/IWebSocketSession.cs
 0.1 kb	 0.0% Packages/com.unity.services.wire/Runtime/websocket-sharp/Server/HttpRequestEventArgs.cs
 0.1 kb	 0.0% Packages/com.unity.services.wire/Runtime/websocket-sharp/Net/WebSockets/WebSocketContext.cs
 0.1 kb	 0.0% Packages/com.unity.services.wire/Runtime/Centrifuge/ProtocolSchema/Unsubscribe.cs
 0.1 kb	 0.0% Packages/com.unity.services.wire/Runtime/Centrifuge/ProtocolSchema/Publication.cs
 0.1 kb	 0.0% Packages/com.unity.services.wire/Runtime/Centrifuge/ProtocolSchema/PingResult.cs
 0.1 kb	 0.0% Packages/com.unity.services.wire/Runtime/Centrifuge/ProtocolSchema/PingRequest.cs
 0.1 kb	 0.0% Packages/com.unity.services.wire/Runtime/Centrifuge/ProtocolSchema/CommandID.cs
 0.1 kb	 0.0% Packages/com.unity.services.wire/Runtime/Centrifuge/ProtocolSchema/ClientInfo.cs
 0.1 kb	 0.0% Packages/com.unity.services.qos/Runtime/v2/Scheduler/EngineStateHelper.cs
 0.1 kb	 0.0% Packages/com.unity.services.qos/Runtime/v2/ErrorMitigation/RetryPolicy.cs
 0.1 kb	 0.0% Packages/com.unity.services.qos/Runtime/v2/ErrorMitigation/IRetryPolicy.cs
 0.1 kb	 0.0% Packages/com.unity.services.qos/Runtime/Http/UnityWebRequestHelpers.cs
 0.1 kb	 0.0% Packages/com.unity.services.qos/Runtime/Http/DeserializationSettings.cs
 0.1 kb	 0.0% Packages/com.unity.services.qos/Runtime/Http/DeserializationException.cs
 0.1 kb	 0.0% Packages/com.unity.services.multiplayer/Runtime/Multiplayer/Components/RelayOptions.cs
 0.1 kb	 0.0% Packages/com.unity.services.multiplayer/Runtime/Multiplayer/Components/JoinOptions.cs
 0.1 kb	 0.0% Packages/com.unity.services.multiplayer/Runtime/Matchmaker/SDK/BackfillTicket.cs
 0.1 kb	 0.0% Packages/com.unity.services.multiplayer/Runtime/Matchmaker/Models/ProblemDetails.cs
 0.1 kb	 0.0% Packages/com.unity.services.multiplayer/Runtime/Matchmaker/Models/NoneAssignment.cs
 0.1 kb	 0.0% Packages/com.unity.services.multiplayer/Runtime/Matchmaker/Models/MatchProperties.cs
 0.1 kb	 0.0% Packages/com.unity.services.multiplayer/Runtime/Matchmaker/Models/IpPortAssignment.cs
 0.1 kb	 0.0% Packages/com.unity.services.multiplayer/Runtime/Matchmaker/Models/CustomAssignment.cs
 0.1 kb	 0.0% Packages/com.unity.services.multiplayer/Runtime/Matchmaker/Models/AbTestingResult.cs
 0.1 kb	 0.0% Packages/com.unity.services.multiplayer/Runtime/Matchmaker/Http/ResponseHandler.cs
 0.1 kb	 0.0% Packages/com.unity.services.multiplayer/Runtime/Matchmaker/Http/IDeserializable.cs
 0.1 kb	 0.0% Packages/com.unity.services.multiplayer/Runtime/Matchmaker/Http/HttpException.cs
 0.1 kb	 0.0% Packages/com.unity.services.multiplayer/Runtime/Matchmaker/Http/BaseApiClient.cs
 0.1 kb	 0.0% Packages/com.unity.services.multiplayer/Runtime/Lobbies/SDK/UpdatePlayerOptions.cs
 0.1 kb	 0.0% Packages/com.unity.services.multiplayer/Runtime/Lobbies/SDK/UpdateLobbyOptions.cs
 0.1 kb	 0.0% Packages/com.unity.services.multiplayer/Runtime/Lobbies/SDK/QueryLobbiesOptions.cs
 0.1 kb	 0.0% Packages/com.unity.services.multiplayer/Runtime/Lobbies/SDK/LobbyUpdates/LobbyPlayerJoined.cs
 0.1 kb	 0.0% Packages/com.unity.services.multiplayer/Runtime/Lobbies/SDK/LobbyUpdates/LobbyPlayerChanges.cs
 0.1 kb	 0.0% Packages/com.unity.services.multiplayer/Runtime/Lobbies/SDK/LobbyUpdates/Internal/LobbyPatcherChanges.cs
 0.1 kb	 0.0% Packages/com.unity.services.multiplayer/Runtime/Lobbies/SDK/JoinLobbyByIdOptions.cs
 0.1 kb	 0.0% Packages/com.unity.services.multiplayer/Runtime/Lobbies/SDK/InternalLobbyService.cs
 0.1 kb	 0.0% Packages/com.unity.services.multiplayer/Runtime/Lobbies/SDK/CreateLobbyOptions.cs
 0.1 kb	 0.0% Packages/com.unity.services.multiplayer/Runtime/Lobbies/Models/UpdateRequest.cs
 0.1 kb	 0.0% Packages/com.unity.services.multiplayer/Runtime/Lobbies/Models/QuickJoinRequest.cs
 0.1 kb	 0.0% Packages/com.unity.services.multiplayer/Runtime/Lobbies/Models/QueryResponse.cs
 0.1 kb	 0.0% Packages/com.unity.services.multiplayer/Runtime/Lobbies/Models/PlayerProfile.cs
 0.1 kb	 0.0% Packages/com.unity.services.multiplayer/Runtime/Lobbies/Models/PlayerDataObject.cs
 0.1 kb	 0.0% Packages/com.unity.services.multiplayer/Runtime/Lobbies/Models/JoinByIdRequest.cs
 0.1 kb	 0.0% Packages/com.unity.services.multiplayer/Runtime/Lobbies/Models/CreateRequest.cs
 0.1 kb	 0.0% Packages/com.unity.services.multiplayer/Runtime/Lobbies/Apis/LobbyApiRequests.cs
 0.1 kb	 0.0% Packages/com.unity.services.multiplayer/Runtime/DistributedAuthority/Http/JsonObject.cs
 0.1 kb	 0.0% Packages/com.unity.services.multiplayer/Runtime/DistributedAuthority/Http/JsonHelpers.cs
 0.1 kb	 0.0% Packages/com.unity.services.multiplayer/Runtime/DistributedAuthority/Http/IHttpClient.cs
 0.1 kb	 0.0% Packages/com.unity.services.multiplayer/Runtime/DistributedAuthority/Http/HttpClient.cs
 0.1 kb	 0.0% Packages/com.unity.services.core/Runtime/Core.Internal/Components/Telemetry/IDiagnostics.cs
 0.1 kb	 0.0% Packages/com.unity.services.core/Runtime/Core.Internal/Components/Networking/IHttpClient.cs
 0.1 kb	 0.0% Packages/com.unity.services.core/Runtime/Core.Internal/Components/Networking/HttpResponse.cs
 0.1 kb	 0.0% Packages/com.unity.services.core/Runtime/Core.Internal/Components/Networking/HttpRequest.cs
 0.1 kb	 0.0% Packages/com.unity.services.core/Runtime/Core.Internal/Components/Networking/HttpOptions.cs
 0.1 kb	 0.0% Packages/com.unity.services.core/Runtime/Core.Internal/Components/Authentication/IPlayerId.cs
 0.1 kb	 0.0% Packages/com.unity.services.core/Runtime/Core.Internal/Components/Authentication/IAccessToken.cs
 0.1 kb	 0.0% Packages/com.unity.services.authentication/Runtime/Generated/Shared/IApiClient.cs
 0.1 kb	 0.0% Packages/com.unity.services.authentication/Runtime/Generated/Shared/IApiAccessor.cs
 0.1 kb	 0.0% Packages/com.unity.services.authentication/Runtime/Generated/Shared/ApiResponse.cs
 0.1 kb	 0.0% Packages/com.unity.services.authentication/Runtime/Generated/Shared/ApiException.cs
 0.1 kb	 0.0% Packages/com.unity.services.authentication/Runtime/Compatibility/Models.cs
 0.1 kb	 0.0% Packages/com.unity.netcode.gameobjects/Runtime/Transports/UTP/SecretsLoaderHelper.cs
 0.1 kb	 0.0% Packages/com.unity.netcode.gameobjects/Runtime/Transports/UTP/BatchedReceiveQueue.cs
 0.1 kb	 0.0% Packages/com.unity.collections/Unity.Collections/NativeNotBurstCompatible.cs
 0.1 kb	 0.0% Packages/com.unity.ugui/Runtime/UGUI/EventSystem/InputModules/StandaloneInputModule.cs
 0.1 kb	 0.0% Packages/com.unity.transport/Runtime/PacketProcessor.cs
 0.1 kb	 0.0% Packages/com.unity.transport/Runtime/PacketMetadata.cs
 0.1 kb	 0.0% Packages/com.unity.transport/Runtime/OperationResult.cs
 0.1 kb	 0.0% Packages/com.unity.transport/Runtime/NetworkSettings.cs
 0.1 kb	 0.0% Packages/com.unity.transport/Runtime/NetworkPipeline.cs
 0.1 kb	 0.0% Packages/com.unity.transport/Runtime/NetworkEndpoint.cs
 0.1 kb	 0.0% Packages/com.unity.transport/Runtime/NetworkDriver.cs
 0.1 kb	 0.0% Packages/com.unity.transport/Runtime/Layers/WebSocketLayer.cs
 0.1 kb	 0.0% Packages/com.unity.transport/Runtime/Layers/SimulatorLayer.cs
 0.1 kb	 0.0% Packages/com.unity.transport/Runtime/Layers/AnalyticsLayer.cs
 0.1 kb	 0.0% Packages/com.unity.transport/Runtime/INetworkLayer.cs
 0.1 kb	 0.0% Packages/com.unity.transport/Runtime/ConnectionToken.cs
 0.1 kb	 0.0% Packages/com.unity.transport/Runtime/ConnectionList.cs
 0.1 kb	 0.0% Packages/com.unity.services.wire/Runtime/websocket-sharp/Net/WebHeaderCollection.cs
 0.1 kb	 0.0% Packages/com.unity.services.wire/Runtime/websocket-sharp/Net/NetworkCredential.cs
 0.1 kb	 0.0% Packages/com.unity.services.wire/Runtime/websocket-sharp/Net/HttpListenerResponse.cs
 0.1 kb	 0.0% Packages/com.unity.services.wire/Runtime/websocket-sharp/Net/HttpListenerRequest.cs
 0.1 kb	 0.0% Packages/com.unity.services.wire/Runtime/websocket-sharp/Net/HttpListenerPrefix.cs
 0.1 kb	 0.0% Packages/com.unity.services.wire/Runtime/websocket-sharp/Net/HttpListenerContext.cs
 0.1 kb	 0.0% Packages/com.unity.services.wire/Runtime/websocket-sharp/Net/HttpDigestIdentity.cs
 0.1 kb	 0.0% Packages/com.unity.services.wire/Runtime/websocket-sharp/Net/HttpBasicIdentity.cs
 0.1 kb	 0.0% Packages/com.unity.services.wire/Runtime/websocket-sharp/Net/ChunkedRequestStream.cs
 0.1 kb	 0.0% Packages/com.unity.services.wire/Runtime/Utils/BackoffStrategy.cs
 0.1 kb	 0.0% Packages/com.unity.services.wire/Runtime/Configuration.cs
 0.1 kb	 0.0% Packages/com.unity.services.wire/Runtime/Centrifuge/CommandManager.cs
 0.1 kb	 0.0% Packages/com.unity.services.qos/Runtime/v2/Models/QosServerAnnotations.cs
 0.1 kb	 0.0% Packages/com.unity.services.qos/Runtime/v2/Models/ErrorResponseBody.cs
 0.1 kb	 0.0% Packages/com.unity.services.qos/Runtime/v2/Http/JsonObjectConverter.cs
 0.1 kb	 0.0% Packages/com.unity.services.qos/Runtime/v2/Http/IsolatedJsonConvert.cs
 0.1 kb	 0.0% Packages/com.unity.services.qos/Runtime/v2/Http/HttpClientResponse.cs
 0.1 kb	 0.0% Packages/com.unity.services.qos/Runtime/UnityServicesExtensions.cs
 0.1 kb	 0.0% Packages/com.unity.services.qos/Runtime/Scheduler/EngineStateHelper.cs
 0.1 kb	 0.0% Packages/com.unity.services.qos/Runtime/Runner/QosAnnotatedResult.cs
 0.1 kb	 0.0% Packages/com.unity.services.qos/Runtime/QosPackageInitializer.cs
 0.1 kb	 0.0% Packages/com.unity.services.qos/Runtime/Models/ErrorResponseBody.cs
 0.1 kb	 0.0% Packages/com.unity.services.qos/Runtime/ErrorMitigation/RetryPolicy.cs
 0.1 kb	 0.0% Packages/com.unity.services.qos/Runtime/ErrorMitigation/IRetryPolicy.cs
 0.1 kb	 0.0% Packages/com.unity.services.multiplayer/Runtime/Relay/SDK/WrappedRelayService.cs
 0.1 kb	 0.0% Packages/com.unity.services.multiplayer/Runtime/Relay/Models/ResponseLinks.cs
 0.1 kb	 0.0% Packages/com.unity.services.multiplayer/Runtime/Relay/Models/JoinResponseBody.cs
 0.1 kb	 0.0% Packages/com.unity.services.multiplayer/Runtime/Relay/Models/JoinCodeRequest.cs
 0.1 kb	 0.0% Packages/com.unity.services.multiplayer/Runtime/Relay/Models/JoinAllocation.cs
 0.1 kb	 0.0% Packages/com.unity.services.multiplayer/Runtime/Relay/Models/AllocationUtils.cs
 0.1 kb	 0.0% Packages/com.unity.services.multiplayer/Runtime/Relay/Models/AllocationData.cs
 0.1 kb	 0.0% Packages/com.unity.services.multiplayer/Runtime/Relay/InternalRelayService.cs
 0.1 kb	 0.0% Packages/com.unity.services.multiplayer/Runtime/Relay/Http/ResponseHandler.cs
 0.1 kb	 0.0% Packages/com.unity.services.multiplayer/Runtime/Relay/Http/IDeserializable.cs
 0.1 kb	 0.0% Packages/com.unity.services.multiplayer/Runtime/Relay/Http/HttpException.cs
 0.1 kb	 0.0% Packages/com.unity.services.multiplayer/Runtime/Relay/Http/BaseApiClient.cs
 0.1 kb	 0.0% Packages/com.unity.services.multiplayer/Runtime/Multiplayer/Utils/JWT/DateTimeWrapper.cs
 0.1 kb	 0.0% Packages/com.unity.services.multiplayer/Runtime/Multiplayer/Utils/Compatibility.cs
 0.1 kb	 0.0% Packages/com.unity.services.multiplayer/Runtime/Multiplayer/SessionBrowser/SessionBrowser.cs
 0.1 kb	 0.0% Packages/com.unity.services.multiplayer/Runtime/Multiplayer/Session/SessionObserver.cs
 0.1 kb	 0.0% Packages/com.unity.services.multiplayer/Runtime/Multiplayer/Session/SessionManager.cs
 0.1 kb	 0.0% Packages/com.unity.services.multiplayer/Runtime/Multiplayer/Session/SessionHandler.cs
 0.1 kb	 0.0% Packages/com.unity.services.multiplayer/Runtime/Multiplayer/Session/Options/SessionOptions.cs
 0.1 kb	 0.0% Packages/com.unity.services.multiplayer/Runtime/Multiplayer/Session/Models/SessionProperty.cs
 0.1 kb	 0.0% Packages/com.unity.services.multiplayer/Runtime/Multiplayer/Session/Models/Player/PlayerProperty.cs
 0.1 kb	 0.0% Packages/com.unity.services.multiplayer/Runtime/Multiplayer/Session/Models/Player/IReadOnlyPlayer.cs
 0.1 kb	 0.0% Packages/com.unity.services.multiplayer/Runtime/Multiplayer/Session/Models/IValueProperty.cs
 0.1 kb	 0.0% Packages/com.unity.services.multiplayer/Runtime/Multiplayer/Operation/SessionException.cs
 0.1 kb	 0.0% Packages/com.unity.services.multiplayer/Runtime/Multiplayer/Modules/PlayerName/PlayerNameModule.cs
 0.1 kb	 0.0% Packages/com.unity.services.multiplayer/Runtime/Multiplayer/Modules/Network/NetworkProvider.cs
 0.1 kb	 0.0% Packages/com.unity.services.multiplayer/Runtime/Multiplayer/Modules/Network/NetworkModule.cs
 0.1 kb	 0.0% Packages/com.unity.services.multiplayer/Runtime/Multiplayer/Modules/Network/Models/NetworkOptions.cs
 0.1 kb	 0.0% Packages/com.unity.services.multiplayer/Runtime/Multiplayer/Modules/Network/Models/NetworkMetadata.cs
 0.1 kb	 0.0% Packages/com.unity.services.multiplayer/Runtime/Multiplayer/Modules/Network/Handlers/NetworkHandler/NetworkBuilder.cs
 0.1 kb	 0.0% Packages/com.unity.services.multiplayer/Runtime/Multiplayer/Modules/Network/Handlers/NetworkHandler/INetworkHandler.cs
 0.1 kb	 0.0% Packages/com.unity.services.multiplayer/Runtime/Multiplayer/Modules/ModuleRegistry.cs
 0.1 kb	 0.0% Packages/com.unity.services.multiplayer/Runtime/Multiplayer/Modules/Matchmaker/MatchmakerModule.cs
 0.1 kb	 0.0% Packages/com.unity.services.multiplayer/Runtime/Multiplayer/Modules/IModuleRegistry.cs
 0.1 kb	 0.0% Packages/com.unity.services.multiplayer/Runtime/Multiplayer/Modules/IModuleProvider.cs
 0.1 kb	 0.0% Packages/com.unity.services.multiplayer/Runtime/Multiplayer/Modules/IModuleOption.cs
 0.1 kb	 0.0% Packages/com.unity.services.multiplayer/Runtime/Multiplayer/Matchmaking/QuickJoinOptions.cs
 0.1 kb	 0.0% Packages/com.unity.services.multiplayer/Runtime/Multiplayer/Matchmaking/QosCalculator.cs
 0.1 kb	 0.0% Packages/com.unity.services.multiplayer/Runtime/Multiplayer/Lobby/LobbySettings.cs
 0.1 kb	 0.0% Packages/com.unity.services.multiplayer/Runtime/Multiplayer/Lobby/LobbyConverter.cs
 0.1 kb	 0.0% Packages/com.unity.services.multiplayer/Runtime/Matchmaker/Scheduler/ThreadHelper.cs
 0.1 kb	 0.0% Packages/com.unity.services.multiplayer/Runtime/Matchmaker/Overrides/IABAnalytics.cs
 0.1 kb	 0.0% Packages/com.unity.services.multiplayer/Runtime/Matchmaker/Overrides/ABAnalytics.cs
 0.1 kb	 0.0% Packages/com.unity.services.multiplayer/Runtime/Matchmaker/Http/AsyncOpRetry.cs
 0.1 kb	 0.0% Packages/com.unity.services.multiplayer/Runtime/Matchmaker/Configuration/Configuration.cs
 0.1 kb	 0.0% Packages/com.unity.services.multiplayer/Runtime/Lobbies/Http/ResponseHandler.cs
 0.1 kb	 0.0% Packages/com.unity.services.multiplayer/Runtime/Lobbies/Http/IDeserializable.cs
 0.1 kb	 0.0% Packages/com.unity.services.multiplayer/Runtime/Lobbies/Http/HttpException.cs
 0.1 kb	 0.0% Packages/com.unity.services.multiplayer/Runtime/Lobbies/Http/BaseApiClient.cs
 0.1 kb	 0.0% Packages/com.unity.services.multiplayer/Runtime/Lobbies/Apis/LobbyApi.cs
 0.1 kb	 0.0% Packages/com.unity.services.multiplayer/Runtime/DistributedAuthority/Models/Session.cs
 0.1 kb	 0.0% Packages/com.unity.services.core/Runtime/Telemetry/Metrics/Metrics.cs
 0.1 kb	 0.0% Packages/com.unity.services.core/Runtime/Device/InstallationId.cs
 0.1 kb	 0.0% Packages/com.unity.services.core/Runtime/Core/RequestFailedException.cs
 0.1 kb	 0.0% Packages/com.unity.services.core/Runtime/Core/Initialization/InitializationOptions.cs
 0.1 kb	 0.0% Packages/com.unity.services.core/Runtime/Core/ExternalUserIdProperty.cs
 0.1 kb	 0.0% Packages/com.unity.services.core/Runtime/Core.Internal/Telemetry/CoreDiagnostics.cs
 0.1 kb	 0.0% Packages/com.unity.services.core/Runtime/Core.Internal/Registry/ServiceRegistry/ServiceRegistry.cs
 0.1 kb	 0.0% Packages/com.unity.services.core/Runtime/Core.Internal/Registry/ServiceRegistry/IServiceRegistry.cs
 0.1 kb	 0.0% Packages/com.unity.services.core/Runtime/Core.Internal/Registry/PackageRegistry/PackageRegistry.cs
 0.1 kb	 0.0% Packages/com.unity.services.core/Runtime/Core.Internal/Registry/PackageRegistry/IPackageRegistry.cs
 0.1 kb	 0.0% Packages/com.unity.services.core/Runtime/Core.Internal/Registry/MissingComponent.cs
 0.1 kb	 0.0% Packages/com.unity.services.core/Runtime/Core.Internal/Registry/HashExceptions.cs
 0.1 kb	 0.0% Packages/com.unity.services.core/Runtime/Core.Internal/Registry/DependencyTree.cs
 0.1 kb	 0.0% Packages/com.unity.services.core/Runtime/Core.Internal/Registry/CoreRegistration.cs
 0.1 kb	 0.0% Packages/com.unity.services.core/Runtime/Core.Internal/AsyncOperation/IAsyncOperation.cs
 0.1 kb	 0.0% Packages/com.unity.services.core/Runtime/Core.Internal/AsyncOperation/AsyncOperation.cs
 0.1 kb	 0.0% Packages/com.unity.services.authentication/Runtime/Utilities/Jwt/JwtDecoder.cs
 0.1 kb	 0.0% Packages/com.unity.services.authentication/Runtime/Utilities/Jwt/IJwtDecoder.cs
 0.1 kb	 0.0% Packages/com.unity.services.authentication/Runtime/Network/WebRequest.cs
 0.1 kb	 0.0% Packages/com.unity.services.authentication/Runtime/Models/Security/AccessToken.cs
 0.1 kb	 0.0% Packages/com.unity.services.authentication/Runtime/Models/Responses/UsernameInfo.cs
 0.1 kb	 0.0% Packages/com.unity.services.authentication/Runtime/Models/Responses/LinkResponse.cs
 0.1 kb	 0.0% Packages/com.unity.services.authentication/Runtime/Models/Requests/SteamConfig.cs
 0.1 kb	 0.0% Packages/com.unity.services.authentication/Runtime/Models/Requests/OculusConfig.cs
 0.1 kb	 0.0% Packages/com.unity.services.authentication/Runtime/Models/PlayerInfo.cs
 0.1 kb	 0.0% Packages/com.unity.services.authentication/Runtime/Models/Notification.cs
 0.1 kb	 0.0% Packages/com.unity.services.authentication/Runtime/Models/LinkOptions.cs
 0.1 kb	 0.0% Packages/com.unity.services.authentication/Runtime/Models/Attributes.cs
 0.1 kb	 0.0% Packages/com.unity.services.authentication/Runtime/Generated/PlayerNames/Model/Player.cs
 0.1 kb	 0.0% Packages/com.unity.services.authentication/Runtime/Generated/PlayerNames/Model/Detail.cs
 0.1 kb	 0.0% Packages/com.unity.netcode.gameobjects/Runtime/Serialization/NetworkObjectReference.cs
 0.1 kb	 0.0% Packages/com.unity.netcode.gameobjects/Runtime/Serialization/BufferSerializerWriter.cs
 0.1 kb	 0.0% Packages/com.unity.netcode.gameobjects/Runtime/Serialization/BufferSerializerReader.cs
 0.1 kb	 0.0% Packages/com.unity.netcode.gameobjects/Runtime/NetworkVariable/Serialization/TypedSerializerImplementations.cs
 0.1 kb	 0.0% Packages/com.unity.netcode.gameobjects/Runtime/Metrics/NetworkMetricsManager.cs
 0.1 kb	 0.0% Packages/com.unity.netcode.gameobjects/Runtime/Messaging/RpcTargets/NotAuthorityRpcTarget.cs
 0.1 kb	 0.0% Packages/com.unity.netcode.gameobjects/Runtime/Messaging/RpcTargets/ClientsAndHostRpcTarget.cs
 0.1 kb	 0.0% Packages/com.unity.netcode.gameobjects/Runtime/Messaging/NetworkMessageManager.cs
 0.1 kb	 0.0% Packages/com.unity.netcode.gameobjects/Runtime/Messaging/Messages/NetworkTransformMessage.cs
 0.1 kb	 0.0% Packages/com.unity.netcode.gameobjects/Runtime/Messaging/Messages/DisconnectReasonMessage.cs
 0.1 kb	 0.0% Packages/com.unity.netcode.gameobjects/Runtime/Messaging/Messages/ConnectionRequestMessage.cs
 0.1 kb	 0.0% Packages/com.unity.netcode.gameobjects/Runtime/Messaging/Messages/ClientConnectedMessage.cs
 0.1 kb	 0.0% Packages/com.unity.netcode.gameobjects/Runtime/Messaging/Messages/ChangeOwnershipMessage.cs
 0.1 kb	 0.0% Packages/com.unity.netcode.gameobjects/Runtime/Messaging/INetworkMessageSender.cs
 0.1 kb	 0.0% Packages/com.unity.netcode.gameobjects/Runtime/Messaging/INetworkMessageProvider.cs
 0.1 kb	 0.0% Packages/com.unity.netcode.gameobjects/Runtime/Messaging/DeferredMessageManager.cs
 0.1 kb	 0.0% Packages/com.unity.netcode.gameobjects/Runtime/Exceptions/NotListeningException.cs
 0.1 kb	 0.0% Packages/com.unity.netcode.gameobjects/Runtime/Exceptions/InvalidParentException.cs
 0.1 kb	 0.0% Packages/com.unity.netcode.gameobjects/Runtime/Core/NetworkObjectRefreshTool.cs
 0.1 kb	 0.0% Packages/com.unity.netcode.gameobjects/Runtime/Core/NetworkBehaviourUpdater.cs
 0.1 kb	 0.0% Packages/com.unity.netcode.gameobjects/Runtime/Connection/NetworkConnectionManager.cs
 0.1 kb	 0.0% Packages/com.unity.netcode.gameobjects/Runtime/Components/NetworkRigidbody2D.cs
 0.1 kb	 0.0% Packages/com.unity.netcode.gameobjects/Runtime/Components/NetworkRigidBodyBase.cs
 0.1 kb	 0.0% Packages/com.unity.netcode.gameobjects/Runtime/Components/NetworkDeltaPosition.cs
 0.1 kb	 0.0% Packages/com.unity.netcode.gameobjects/Runtime/Components/Helpers/ComponentController.cs
 0.1 kb	 0.0% Packages/com.unity.netcode.gameobjects/Runtime/Components/Helpers/AttachableBehaviour.cs
 0.1 kb	 0.0% Packages/com.unity.collections/Unity.Collections/UnsafeBitArray.cs
 0.1 kb	 0.0% Packages/com.unity.collections/Unity.Collections/UTF8ArrayUnsafeUtility.cs
 0.1 kb	 0.0% Packages/com.unity.collections/Unity.Collections/StreamCompressionModel.cs
 0.1 kb	 0.0% Packages/com.unity.collections/Unity.Collections/NativeArrayExtensions.cs
 0.1 kb	 0.0% Packages/com.unity.collections/Unity.Collections/FixedStringInternalMethods.cs
 0.1 kb	 0.0% Packages/com.unity.collections/Unity.Collections/FixedStringFormatMethods.gen.cs
 0.1 kb	 0.0% Packages/com.unity.burst/Runtime/CompilerServices/SkipLocalsInitAttribute.cs
 0.1 kb	 0.0% Packages/com.unity.burst/Runtime/CompilerServices/IgnoreWarningAttribute.cs
 0.1 kb	 0.0% Packages/com.unity.ugui/Runtime/TMP/TMP_ScrollbarEventHandler.cs
 0.1 kb	 0.0% Packages/com.unity.ugui/Runtime/TMP/TMP_PackageResourceImporter.cs
 0.1 kb	 0.0% Packages/com.unity.ugui/Runtime/InternalBridge/ObjectUtilsBridge.cs
 0.1 kb	 0.0% Packages/com.unity.transport/Runtime/Relay/RelayHMACKey.cs
 0.1 kb	 0.0% Packages/com.unity.services.wire/Runtime/websocket-sharp/WebSocketException.cs
 0.1 kb	 0.0% Packages/com.unity.services.wire/Runtime/websocket-sharp/Server/WebSocketServer.cs
 0.1 kb	 0.0% Packages/com.unity.services.wire/Runtime/Utils/NetworkUtility.cs
 0.1 kb	 0.0% Packages/com.unity.services.wire/Runtime/Centrifuge/ProtocolSchema/Reply.cs
 0.1 kb	 0.0% Packages/com.unity.services.wire/Runtime/Centrifuge/ProtocolSchema/Error.cs
 0.1 kb	 0.0% Packages/com.unity.services.wire/Runtime/Centrifuge/ProtocolSchema/Command.cs
 0.1 kb	 0.0% Packages/com.unity.services.qos/Runtime/Http/JsonObjectConverter.cs
 0.1 kb	 0.0% Packages/com.unity.services.qos/Runtime/Http/HttpClientResponse.cs
 0.1 kb	 0.0% Packages/com.unity.services.multiplayer/Runtime/Relay/Scheduler/ThreadHelper.cs
 0.1 kb	 0.0% Packages/com.unity.services.multiplayer/Runtime/Relay/SDK/Exceptions/ApiErrorsExtenders.cs
 0.1 kb	 0.0% Packages/com.unity.services.multiplayer/Runtime/Multiplayer/Components/DocsUrl.cs
 0.1 kb	 0.0% Packages/com.unity.services.multiplayer/Runtime/Matchmaker/Models/QoSResult.cs
 0.1 kb	 0.0% Packages/com.unity.services.multiplayer/Runtime/Matchmaker/Models/MatchmakerIOneOf.cs
 0.1 kb	 0.0% Packages/com.unity.services.multiplayer/Runtime/Matchmaker/Http/JsonObject.cs
 0.1 kb	 0.0% Packages/com.unity.services.multiplayer/Runtime/Matchmaker/Http/JsonHelpers.cs
 0.1 kb	 0.0% Packages/com.unity.services.multiplayer/Runtime/Matchmaker/Http/IHttpClient.cs
 0.1 kb	 0.0% Packages/com.unity.services.multiplayer/Runtime/Matchmaker/Http/HttpClient.cs
 0.1 kb	 0.0% Packages/com.unity.services.multiplayer/Runtime/Lobbies/Scheduler/ThreadHelper.cs
 0.1 kb	 0.0% Packages/com.unity.services.multiplayer/Runtime/Lobbies/SDK/LobbyUpdates/Internal/LobbyChannel.cs
 0.1 kb	 0.0% Packages/com.unity.services.multiplayer/Runtime/Lobbies/SDK/LobbyUpdates/ILobbyChanges.cs
 0.1 kb	 0.0% Packages/com.unity.services.multiplayer/Runtime/Lobbies/SDK/ILobbyService.cs
 0.1 kb	 0.0% Packages/com.unity.services.multiplayer/Runtime/Lobbies/Models/TokenRequest.cs
 0.1 kb	 0.0% Packages/com.unity.services.multiplayer/Runtime/Lobbies/Models/TokenData.cs
 0.1 kb	 0.0% Packages/com.unity.services.multiplayer/Runtime/Lobbies/Models/QueryRequest.cs
 0.1 kb	 0.0% Packages/com.unity.services.multiplayer/Runtime/Lobbies/Models/QueryOrder.cs
 0.1 kb	 0.0% Packages/com.unity.services.multiplayer/Runtime/Lobbies/Models/QueryFilter.cs
 0.1 kb	 0.0% Packages/com.unity.services.multiplayer/Runtime/Lobbies/Models/ErrorStatus.cs
 0.1 kb	 0.0% Packages/com.unity.services.multiplayer/Runtime/Lobbies/Models/DataObject.cs
 0.1 kb	 0.0% Packages/com.unity.services.multiplayer/Runtime/Lobbies/LobbyServiceSdk.cs
 0.1 kb	 0.0% Packages/com.unity.services.multiplayer/Runtime/Lobbies/Http/AsyncOpRetry.cs
 0.1 kb	 0.0% Packages/com.unity.services.multiplayer/Runtime/Lobbies/Configuration/Configuration.cs
 0.1 kb	 0.0% Packages/com.unity.services.multiplayer/Runtime/DistributedAuthority/Http/Responses.cs
 0.1 kb	 0.0% Packages/com.unity.services.core/Runtime/Core.Internal/Components/Telemetry/IMetrics.cs
 0.1 kb	 0.0% Packages/com.unity.services.authentication/Runtime/Generated/Shared/ApiUtils.cs
 0.1 kb	 0.0% Packages/com.unity.netcode.gameobjects/Runtime/Transports/UTP/UnityTransport.cs
 0.1 kb	 0.0% Packages/com.unity.netcode.gameobjects/Runtime/Transports/UTP/BatchedSendQueue.cs
 0.1 kb	 0.0% Packages/com.unity.netcode.gameobjects/Runtime/Messaging/CustomMessageManager.cs
 0.1 kb	 0.0% Packages/com.unity.collections/Unity.Collections/UnsafeList.cs
 0.1 kb	 0.0% Packages/com.unity.collections/Unity.Collections/FixedStringParseMethods.cs
 0.1 kb	 0.0% Packages/com.unity.collections/Unity.Collections/FixedStringAppendMethods.cs
 0.1 kb	 0.0% Packages/com.unity.ugui/Runtime/UGUI/UI/Core/Utility/ReflectionMethodsCache.cs
 0.1 kb	 0.0% Packages/com.unity.ugui/Runtime/UGUI/UI/Core/MultipleDisplayUtilities.cs
 0.1 kb	 0.0% Packages/com.unity.ugui/Runtime/UGUI/UI/Core/Layout/HorizontalLayoutGroup.cs
 0.1 kb	 0.0% Packages/com.unity.ugui/Runtime/UGUI/UI/Core/IGraphicEnabledDisabled.cs
 0.1 kb	 0.0% Packages/com.unity.ugui/Runtime/UGUI/UI/Core/GraphicRebuildTracker.cs
 0.1 kb	 0.0% Packages/com.unity.ugui/Runtime/UGUI/UI/Core/Culling/RectangularVertexClipper.cs
 0.1 kb	 0.0% Packages/com.unity.ugui/Runtime/UGUI/EventSystem/Raycasters/Physics2DRaycaster.cs
 0.1 kb	 0.0% Packages/com.unity.ugui/Runtime/UGUI/EventSystem/InputModules/PointerInputModule.cs
 0.1 kb	 0.0% Packages/com.unity.transport/Runtime/WebSocket/WebSocket.cs
 0.1 kb	 0.0% Packages/com.unity.transport/Runtime/PacketsQueue.cs
 0.1 kb	 0.0% Packages/com.unity.transport/Runtime/PacketBuffer.cs
 0.1 kb	 0.0% Packages/com.unity.transport/Runtime/NetworkStack.cs
 0.1 kb	 0.0% Packages/com.unity.transport/Runtime/Layers/RelayLayer.cs
 0.1 kb	 0.0% Packages/com.unity.transport/Runtime/Layers/DTLSLayer.cs
 0.1 kb	 0.0% Packages/com.unity.transport/Runtime/Layers/BottomLayer.cs
 0.1 kb	 0.0% Packages/com.unity.transport/Runtime/IPCManager.cs
 0.1 kb	 0.0% Packages/com.unity.transport/Runtime/HMACSHA256.cs
 0.1 kb	 0.0% Packages/com.unity.transport/Runtime/ConnectionId.cs
 0.1 kb	 0.0% Packages/com.unity.services.wire/Runtime/websocket-sharp/Net/ResponseStream.cs
 0.1 kb	 0.0% Packages/com.unity.services.wire/Runtime/websocket-sharp/Net/RequestStream.cs
 0.1 kb	 0.0% Packages/com.unity.services.wire/Runtime/websocket-sharp/Net/ReadBufferState.cs
 0.1 kb	 0.0% Packages/com.unity.services.wire/Runtime/websocket-sharp/Net/HttpHeaderInfo.cs
 0.1 kb	 0.0% Packages/com.unity.services.wire/Runtime/websocket-sharp/Net/HttpConnection.cs
 0.1 kb	 0.0% Packages/com.unity.services.wire/Runtime/websocket-sharp/Net/EndPointManager.cs
 0.1 kb	 0.0% Packages/com.unity.services.wire/Runtime/websocket-sharp/Net/EndPointListener.cs
 0.1 kb	 0.0% Packages/com.unity.services.wire/Runtime/websocket-sharp/Net/CookieException.cs
 0.1 kb	 0.0% Packages/com.unity.services.wire/Runtime/websocket-sharp/Net/CookieCollection.cs
 0.1 kb	 0.0% Packages/com.unity.services.wire/Runtime/WebSocket.cs
 0.1 kb	 0.0% Packages/com.unity.services.wire/Runtime/Centrifuge/WireMessage.cs
 0.1 kb	 0.0% Packages/com.unity.services.wire/Runtime/Centrifuge/Subscription.cs
 0.1 kb	 0.0% Packages/com.unity.services.qos/Runtime/v2/Models/QosServersList.cs
 0.1 kb	 0.0% Packages/com.unity.services.qos/Runtime/v2/Http/ResponseHandler.cs
 0.1 kb	 0.0% Packages/com.unity.services.qos/Runtime/v2/Http/IDeserializable.cs
 0.1 kb	 0.0% Packages/com.unity.services.qos/Runtime/v2/Http/HttpException.cs
 0.1 kb	 0.0% Packages/com.unity.services.qos/Runtime/v2/Http/BaseApiClient.cs
 0.1 kb	 0.0% Packages/com.unity.services.qos/Runtime/WrappedQosService.cs
 0.1 kb	 0.0% Packages/com.unity.services.qos/Runtime/Runner/InternalQosResult.cs
 0.1 kb	 0.0% Packages/com.unity.services.qos/Runtime/Runner/BaselibQosRunner.cs
 0.1 kb	 0.0% Packages/com.unity.services.qos/Runtime/QosServiceProvider.cs
 0.1 kb	 0.0% Packages/com.unity.services.qos/Runtime/Models/QosServiceServer.cs
 0.1 kb	 0.0% Packages/com.unity.services.qos/Runtime/Models/QosServersList.cs
 0.1 kb	 0.0% Packages/com.unity.services.multiplayer/Runtime/Relay/SDK/IRelayService.cs
 0.1 kb	 0.0% Packages/com.unity.services.multiplayer/Runtime/Relay/RelayServiceSdk.cs
 0.1 kb	 0.0% Packages/com.unity.services.multiplayer/Runtime/Relay/Models/ResponseMeta.cs
 0.1 kb	 0.0% Packages/com.unity.services.multiplayer/Runtime/Relay/Models/RelayServer.cs
 0.1 kb	 0.0% Packages/com.unity.services.multiplayer/Runtime/Relay/Models/RegionsData.cs
 0.1 kb	 0.0% Packages/com.unity.services.multiplayer/Runtime/Relay/Models/KeyValuePair.cs
 0.1 kb	 0.0% Packages/com.unity.services.multiplayer/Runtime/Relay/Models/JoinRequest.cs
 0.1 kb	 0.0% Packages/com.unity.services.multiplayer/Runtime/Relay/Models/JoinCodeData.cs
 0.1 kb	 0.0% Packages/com.unity.services.multiplayer/Runtime/Relay/Models/Allocation.cs
 0.1 kb	 0.0% Packages/com.unity.services.multiplayer/Runtime/Relay/Http/JsonObject.cs
 0.1 kb	 0.0% Packages/com.unity.services.multiplayer/Runtime/Relay/Http/JsonHelpers.cs
 0.1 kb	 0.0% Packages/com.unity.services.multiplayer/Runtime/Relay/Http/IHttpClient.cs
 0.1 kb	 0.0% Packages/com.unity.services.multiplayer/Runtime/Relay/Http/HttpClient.cs
 0.1 kb	 0.0% Packages/com.unity.services.multiplayer/Runtime/Relay/Http/AsyncOpRetry.cs
 0.1 kb	 0.0% Packages/com.unity.services.multiplayer/Runtime/Relay/Configuration/Configuration.cs
 0.1 kb	 0.0% Packages/com.unity.services.multiplayer/Runtime/Multiplayer/Utils/MPConstants.cs
 0.1 kb	 0.0% Packages/com.unity.services.multiplayer/Runtime/Multiplayer/Utils/JWT/JwtDecoder.cs
 0.1 kb	 0.0% Packages/com.unity.services.multiplayer/Runtime/Multiplayer/Utils/IServiceID.cs
 0.1 kb	 0.0% Packages/com.unity.services.multiplayer/Runtime/Multiplayer/SessionBrowser/SortOption.cs
 0.1 kb	 0.0% Packages/com.unity.services.multiplayer/Runtime/Multiplayer/SessionBrowser/SessionInfo.cs
 0.1 kb	 0.0% Packages/com.unity.services.multiplayer/Runtime/Multiplayer/SessionBrowser/FilterOption.cs
 0.1 kb	 0.0% Packages/com.unity.services.multiplayer/Runtime/Multiplayer/Modules/Network/Models/NetworkInfo.cs
 0.1 kb	 0.0% Packages/com.unity.services.multiplayer/Runtime/Multiplayer/Modules/Network/Handlers/Relay/RelayHandler.cs
 0.1 kb	 0.0% Packages/com.unity.services.multiplayer/Runtime/Multiplayer/Modules/Network/Handlers/NetworkHandler/NetcodeUtils.cs
 0.1 kb	 0.0% Packages/com.unity.services.multiplayer/Runtime/Multiplayer/Modules/Network/Handlers/DistributedAuthority/DaHandler.cs
 0.1 kb	 0.0% Packages/com.unity.services.multiplayer/Runtime/Multiplayer/Matchmaking/Matchmaker.cs
 0.1 kb	 0.0% Packages/com.unity.services.multiplayer/Runtime/Multiplayer/Lobby/LobbyHandler.cs
 0.1 kb	 0.0% Packages/com.unity.services.multiplayer/Runtime/Lobbies/Http/JsonObject.cs
 0.1 kb	 0.0% Packages/com.unity.services.multiplayer/Runtime/Lobbies/Http/JsonHelpers.cs
 0.1 kb	 0.0% Packages/com.unity.services.multiplayer/Runtime/Lobbies/Http/IHttpClient.cs
 0.1 kb	 0.0% Packages/com.unity.services.multiplayer/Runtime/Lobbies/Http/HttpClient.cs
 0.1 kb	 0.0% Packages/com.unity.services.multiplayer/Runtime/Lobbies/Http/CommonErrors.cs
 0.1 kb	 0.0% Packages/com.unity.services.multiplayer/Runtime/Lobbies/Http/BasicError.cs
 0.1 kb	 0.0% Packages/com.unity.services.core/Runtime/Device/UserIdProviders/AndroidUtils.cs
 0.1 kb	 0.0% Packages/com.unity.services.core/Runtime/Core/UnityServicesBuilder.cs
 0.1 kb	 0.0% Packages/com.unity.services.core/Runtime/Core.Internal/Telemetry/CoreMetrics.cs
 0.1 kb	 0.0% Packages/com.unity.services.core/Runtime/Core.Internal/Registry/CoreRegistry.cs
 0.1 kb	 0.0% Packages/com.unity.services.core/Runtime/Core.Internal/Logging/CoreLogger.cs
 0.1 kb	 0.0% Packages/com.unity.services.core/Runtime/Core.Internal/Components/Wire/ChannelToken.cs
 0.1 kb	 0.0% Packages/com.unity.services.core/Runtime/Core.Internal/Components/Qos/IQosResults.cs
 0.1 kb	 0.0% Packages/com.unity.services.authentication/Runtime/Utilities/Logger.cs
 0.1 kb	 0.0% Packages/com.unity.services.authentication/Runtime/Utilities/Cache/ICache.cs
 0.1 kb	 0.0% Packages/com.unity.services.authentication/Runtime/Models/Security/BaseJwt.cs
 0.1 kb	 0.0% Packages/com.unity.services.authentication/Runtime/Models/Identity.cs
 0.1 kb	 0.0% Packages/com.unity.services.authentication/Runtime/Models/Components/Profile/IProfile.cs
 0.1 kb	 0.0% Packages/com.unity.netcode.gameobjects/Runtime/Timing/NetworkTimeSystem.cs
 0.1 kb	 0.0% Packages/com.unity.netcode.gameobjects/Runtime/Timing/NetworkTickSystem.cs
 0.1 kb	 0.0% Packages/com.unity.netcode.gameobjects/Runtime/Timing/IRealTimeProvider.cs
 0.1 kb	 0.0% Packages/com.unity.netcode.gameobjects/Runtime/Timing/AnticipationSystem.cs
 0.1 kb	 0.0% Packages/com.unity.netcode.gameobjects/Runtime/Spawning/ReleasedNetworkId.cs
 0.1 kb	 0.0% Packages/com.unity.netcode.gameobjects/Runtime/Spawning/NetworkSpawnManager.cs
 0.1 kb	 0.0% Packages/com.unity.netcode.gameobjects/Runtime/Spawning/NetworkPrefabHandler.cs
 0.1 kb	 0.0% Packages/com.unity.netcode.gameobjects/Runtime/Serialization/INetworkSerializable.cs
 0.1 kb	 0.0% Packages/com.unity.netcode.gameobjects/Runtime/SceneManagement/SceneEventProgress.cs
 0.1 kb	 0.0% Packages/com.unity.netcode.gameobjects/Runtime/SceneManagement/NetworkSceneManager.cs
 0.1 kb	 0.0% Packages/com.unity.netcode.gameobjects/Runtime/SceneManagement/NetworkSceneHandle.cs
 0.1 kb	 0.0% Packages/com.unity.netcode.gameobjects/Runtime/SceneManagement/ISceneManagerHandler.cs
 0.1 kb	 0.0% Packages/com.unity.netcode.gameobjects/Runtime/NetworkVariable/Serialization/ResizableBitVector.cs
 0.1 kb	 0.0% Packages/com.unity.netcode.gameobjects/Runtime/NetworkVariable/NetworkVariableBase.cs
 0.1 kb	 0.0% Packages/com.unity.netcode.gameobjects/Runtime/Metrics/NullNetworkMetrics.cs
 0.1 kb	 0.0% Packages/com.unity.netcode.gameobjects/Runtime/Messaging/RpcTargets/ProxyRpcTargetGroup.cs
 0.1 kb	 0.0% Packages/com.unity.netcode.gameobjects/Runtime/Messaging/RpcTargets/NotServerRpcTarget.cs
 0.1 kb	 0.0% Packages/com.unity.netcode.gameobjects/Runtime/Messaging/RpcTargets/NotOwnerRpcTarget.cs
 0.1 kb	 0.0% Packages/com.unity.netcode.gameobjects/Runtime/Messaging/RpcTargets/LocalSendRpcTarget.cs
 0.1 kb	 0.0% Packages/com.unity.netcode.gameobjects/Runtime/Messaging/RpcTargets/IIndividualRpcTarget.cs
 0.1 kb	 0.0% Packages/com.unity.netcode.gameobjects/Runtime/Messaging/RpcTargets/EveryoneRpcTarget.cs
 0.1 kb	 0.0% Packages/com.unity.netcode.gameobjects/Runtime/Messaging/RpcTargets/DirectSendRpcTarget.cs
 0.1 kb	 0.0% Packages/com.unity.netcode.gameobjects/Runtime/Messaging/RpcTargets/AuthorityRpcTarget.cs
 0.1 kb	 0.0% Packages/com.unity.netcode.gameobjects/Runtime/Messaging/NetworkMessageHeader.cs
 0.1 kb	 0.0% Packages/com.unity.netcode.gameobjects/Runtime/Messaging/NetworkManagerHooks.cs
 0.1 kb	 0.0% Packages/com.unity.netcode.gameobjects/Runtime/Messaging/NetworkBatchHeader.cs
 0.1 kb	 0.0% Packages/com.unity.netcode.gameobjects/Runtime/Messaging/Messages/SessionOwnerMessage.cs
 0.1 kb	 0.0% Packages/com.unity.netcode.gameobjects/Runtime/Messaging/Messages/SceneEventMessage.cs
 0.1 kb	 0.0% Packages/com.unity.netcode.gameobjects/Runtime/Messaging/Messages/ParentSyncMessage.cs
 0.1 kb	 0.0% Packages/com.unity.netcode.gameobjects/Runtime/Messaging/Messages/DestroyObjectMessage.cs
 0.1 kb	 0.0% Packages/com.unity.netcode.gameobjects/Runtime/Messaging/Messages/CreateObjectMessage.cs
 0.1 kb	 0.0% Packages/com.unity.netcode.gameobjects/Runtime/Messaging/ILPPMessageProvider.cs
 0.1 kb	 0.0% Packages/com.unity.netcode.gameobjects/Runtime/Messaging/DefaultMessageSender.cs
 0.1 kb	 0.0% Packages/com.unity.netcode.gameobjects/Runtime/Logging/LogContext/GenericContext.cs
 0.1 kb	 0.0% Packages/com.unity.netcode.gameobjects/Runtime/Logging/ContextualLogger.cs
 0.1 kb	 0.0% Packages/com.unity.netcode.gameobjects/Runtime/Exceptions/SpawnStateException.cs
 0.1 kb	 0.0% Packages/com.unity.netcode.gameobjects/Runtime/Exceptions/NotServerException.cs
 0.1 kb	 0.0% Packages/com.unity.netcode.gameobjects/Runtime/Core/NetworkUpdateLoop.cs
 0.1 kb	 0.0% Packages/com.unity.netcode.gameobjects/Runtime/Configuration/NetworkPrefabsList.cs
 0.1 kb	 0.0% Packages/com.unity.netcode.gameobjects/Runtime/Configuration/CommandLineOptions.cs
 0.1 kb	 0.0% Packages/com.unity.netcode.gameobjects/Runtime/Components/QuaternionCompressor.cs
 0.1 kb	 0.0% Packages/com.unity.netcode.gameobjects/Runtime/Components/NetworkTransform.cs
 0.1 kb	 0.0% Packages/com.unity.netcode.gameobjects/Runtime/Components/NetworkRigidbody.cs
 0.1 kb	 0.0% Packages/com.unity.collections/Unity.Collections/UnsafeText.cs
 0.1 kb	 0.0% Packages/com.unity.collections/Unity.Collections/UnsafeStream.cs
 0.1 kb	 0.0% Packages/com.unity.collections/Unity.Collections/RewindableAllocator.cs
 0.1 kb	 0.0% Packages/com.unity.collections/Unity.Collections/FixedStringMethods.cs
 0.1 kb	 0.0% Packages/com.unity.collections/Unity.Collections/AutoFreeAllocator.cs
 0.1 kb	 0.0% Packages/com.unity.burst/Runtime/CompilerServices/AssumeRangeAttribute.cs
 0.1 kb	 0.0% Packages/com.unity.ugui/Runtime/UGUI/UI/Animation/CoroutineTween.cs
 0.1 kb	 0.0% Packages/com.unity.ugui/Runtime/UGUI/EventSystem/EventInterfaces.cs
 0.1 kb	 0.0% Packages/com.unity.ugui/Runtime/TMP/TMPro_ExtensionMethods.cs
 0.1 kb	 0.0% Packages/com.unity.ugui/Runtime/TMP/TMP_TextParsingUtilities.cs
 0.1 kb	 0.0% Packages/com.unity.ugui/Runtime/TMP/TMP_TextElement_Legacy.cs
 0.1 kb	 0.0% Packages/com.unity.ugui/Runtime/TMP/TMP_FontAssetUtilities.cs
 0.1 kb	 0.0% Packages/com.unity.ugui/Runtime/TMP/MaterialReferenceManager.cs
 0.1 kb	 0.0% Packages/com.unity.ugui/Runtime/TMP/FontFeatureCommonGSUB.cs
 0.1 kb	 0.0% Packages/com.unity.services.wire/Runtime/websocket-sharp/WebSocketFrame.cs
 0.1 kb	 0.0% Packages/com.unity.services.wire/Runtime/websocket-sharp/Server/HttpServer.cs
 0.1 kb	 0.0% Packages/com.unity.services.wire/Runtime/websocket-sharp/MessageEventArgs.cs
 0.1 kb	 0.0% Packages/com.unity.services.wire/Runtime/websocket-sharp/ErrorEventArgs.cs
 0.1 kb	 0.0% Packages/com.unity.services.wire/Runtime/websocket-sharp/CloseEventArgs.cs
 0.1 kb	 0.0% Packages/com.unity.services.wire/Runtime/Centrifuge/ProtocolSchema/Push.cs
 0.1 kb	 0.0% Packages/com.unity.services.qos/Runtime/v2/Scheduler/ThreadHelper.cs
 0.1 kb	 0.0% Packages/com.unity.services.qos/Runtime/v2/Models/QosDiscoveryIOneOf.cs
 0.1 kb	 0.0% Packages/com.unity.services.qos/Runtime/v2/Http/AsyncOpRetry.cs
 0.1 kb	 0.0% Packages/com.unity.services.qos/Runtime/v2/Configuration/Configuration.cs
 0.1 kb	 0.0% Packages/com.unity.services.qos/Runtime/Models/QosDiscoveryIOneOf.cs
 0.1 kb	 0.0% Packages/com.unity.services.qos/Runtime/Http/ResponseHandler.cs
 0.1 kb	 0.0% Packages/com.unity.services.qos/Runtime/Http/IDeserializable.cs
 0.1 kb	 0.0% Packages/com.unity.services.qos/Runtime/Http/HttpException.cs
 0.1 kb	 0.0% Packages/com.unity.services.qos/Runtime/Http/BaseApiClient.cs
 0.1 kb	 0.0% Packages/com.unity.services.multiplayer/Runtime/Relay/Models/RelayIOneOf.cs
 0.1 kb	 0.0% Packages/com.unity.services.multiplayer/Runtime/Matchmaker/Models/Player.cs
 0.1 kb	 0.0% Packages/com.unity.services.multiplayer/Runtime/Matchmaker/Models/Override.cs
 0.1 kb	 0.0% Packages/com.unity.services.multiplayer/Runtime/Matchmaker/Http/Responses.cs
 0.1 kb	 0.0% Packages/com.unity.services.multiplayer/Runtime/Lobbies/SDK/LobbyUpdates/LobbyValue.cs
 0.1 kb	 0.0% Packages/com.unity.services.multiplayer/Runtime/Lobbies/SDK/LobbyUpdates/ILobbyEvents.cs
 0.1 kb	 0.0% Packages/com.unity.services.multiplayer/Runtime/Lobbies/SDK/LobbyService.cs
 0.1 kb	 0.0% Packages/com.unity.services.multiplayer/Runtime/Lobbies/SDK/LobbyCacher/LobbyCacher.cs
 0.1 kb	 0.0% Packages/com.unity.services.multiplayer/Runtime/Lobbies/Models/Player.cs
 0.1 kb	 0.0% Packages/com.unity.services.multiplayer/Runtime/Lobbies/Models/Lobby.cs
 0.1 kb	 0.0% Packages/com.unity.services.multiplayer/Runtime/Lobbies/Models/IOneOf.cs
 0.1 kb	 0.0% Packages/com.unity.services.multiplayer/Runtime/Lobbies/Models/Detail.cs
 0.1 kb	 0.0% Packages/com.unity.services.core/Runtime/Core.Internal/Components/Vivox/IVivox.cs
 0.1 kb	 0.0% Packages/com.unity.netcode.gameobjects/Runtime/Messaging/Messages/MessageMetadata.cs
 0.1 kb	 0.0% Packages/com.unity.collections/Unity.Collections/UnsafeQueue.cs
 0.1 kb	 0.0% Packages/com.unity.collections/Unity.Collections/NativeHashMap.cs
 0.1 kb	 0.0% Packages/com.unity.collections/Unity.Collections/FixedStringFormat.gen.cs
 0.1 kb	 0.0% Packages/com.unity.collections/Unity.Collections/FixedString.gen.cs
 0.1 kb	 0.0% Packages/com.unity.ugui/Runtime/UGUI/UI/Core/SetPropertyUtility.cs
 0.1 kb	 0.0% Packages/com.unity.ugui/Runtime/UGUI/UI/Core/MaterialModifiers/IMaterialModifier.cs
 0.1 kb	 0.0% Packages/com.unity.ugui/Runtime/UGUI/UI/Core/Layout/VerticalLayoutGroup.cs
 0.1 kb	 0.0% Packages/com.unity.ugui/Runtime/UGUI/UI/Core/Layout/ContentSizeFitter.cs
 0.1 kb	 0.0% Packages/com.unity.ugui/Runtime/UGUI/UI/Core/Layout/AspectRatioFitter.cs
 0.1 kb	 0.0% Packages/com.unity.ugui/Runtime/UGUI/UI/Core/FontUpdateTracker.cs
 0.1 kb	 0.0% Packages/com.unity.ugui/Runtime/UGUI/UI/Core/CanvasUpdateRegistry.cs
 0.1 kb	 0.0% Packages/com.unity.ugui/Runtime/UGUI/UI/Core/AnimationTriggers.cs
 0.1 kb	 0.0% Packages/com.unity.ugui/Runtime/UGUI/EventSystem/Raycasters/PhysicsRaycaster.cs
 0.1 kb	 0.0% Packages/com.unity.ugui/Runtime/UGUI/EventSystem/Raycasters/BaseRaycaster.cs
 0.1 kb	 0.0% Packages/com.unity.ugui/Runtime/UGUI/EventSystem/RaycasterManager.cs
 0.1 kb	 0.0% Packages/com.unity.ugui/Runtime/UGUI/EventSystem/RaycastResult.cs
 0.1 kb	 0.0% Packages/com.unity.ugui/Runtime/UGUI/EventSystem/InputModules/TouchInputModule.cs
 0.1 kb	 0.0% Packages/com.unity.ugui/Runtime/UGUI/EventSystem/InputModules/BaseInputModule.cs
 0.1 kb	 0.0% Packages/com.unity.ugui/Runtime/UGUI/EventSystem/ExecuteEvents.cs
 0.1 kb	 0.0% Packages/com.unity.ugui/Runtime/UGUI/EventSystem/EventData/PointerEventData.cs
 0.1 kb	 0.0% Packages/com.unity.ugui/Runtime/UGUI/EventSystem/EventData/BaseEventData.cs
 0.1 kb	 0.0% Packages/com.unity.ugui/Runtime/UGUI/EventSystem/EventData/AxisEventData.cs
 0.1 kb	 0.0% Packages/com.unity.ugui/Runtime/TMP/TMP_TextProcessingStack.cs
 0.1 kb	 0.0% Packages/com.unity.ugui/Runtime/TMP/TMP_FontFeaturesCommon.cs
 0.1 kb	 0.0% Packages/com.unity.transport/Runtime/SHA256.cs
 0.1 kb	 0.0% Packages/com.unity.transport/Runtime/Layers/TopLayer.cs
 0.1 kb	 0.0% Packages/com.unity.transport/Runtime/Layers/TLSLayer.cs
 0.1 kb	 0.0% Packages/com.unity.transport/Runtime/Layers/LogLayer.cs
 0.1 kb	 0.0% Packages/com.unity.services.wire/Runtime/websocket-sharp/Net/HttpVersion.cs
 0.1 kb	 0.0% Packages/com.unity.services.wire/Runtime/websocket-sharp/Net/HttpUtility.cs
 0.1 kb	 0.0% Packages/com.unity.services.wire/Runtime/websocket-sharp/Net/HttpListener.cs
 0.1 kb	 0.0% Packages/com.unity.services.wire/Runtime/websocket-sharp/Net/ChunkStream.cs
 0.1 kb	 0.0% Packages/com.unity.services.wire/Runtime/Utils/Logger.cs
 0.1 kb	 0.0% Packages/com.unity.services.wire/Runtime/Centrifuge/Client.cs
 0.1 kb	 0.0% Packages/com.unity.services.qos/Runtime/v2/Models/QosServer.cs
 0.1 kb	 0.0% Packages/com.unity.services.qos/Runtime/v2/Http/JsonObject.cs
 0.1 kb	 0.0% Packages/com.unity.services.qos/Runtime/v2/Http/JsonHelpers.cs
 0.1 kb	 0.0% Packages/com.unity.services.qos/Runtime/v2/Http/IHttpClient.cs
 0.1 kb	 0.0% Packages/com.unity.services.qos/Runtime/v2/Http/HttpClient.cs
 0.1 kb	 0.0% Packages/com.unity.services.qos/Runtime/Scheduler/ThreadHelper.cs
 0.1 kb	 0.0% Packages/com.unity.services.qos/Runtime/Runner/NetworkEndPoint.cs
 0.1 kb	 0.0% Packages/com.unity.services.qos/Runtime/Runner/IQosRunner.cs
 0.1 kb	 0.0% Packages/com.unity.services.qos/Runtime/Models/QosServer.cs
 0.1 kb	 0.0% Packages/com.unity.services.qos/Runtime/Models/KeyValuePair.cs
 0.1 kb	 0.0% Packages/com.unity.services.qos/Runtime/Http/AsyncOpRetry.cs
 0.1 kb	 0.0% Packages/com.unity.services.qos/Runtime/Configuration/Configuration.cs
 0.1 kb	 0.0% Packages/com.unity.services.multiplayer/Runtime/Relay/SDK/RelayService.cs
 0.1 kb	 0.0% Packages/com.unity.services.multiplayer/Runtime/Relay/Models/Region.cs
 0.1 kb	 0.0% Packages/com.unity.services.multiplayer/Runtime/Relay/Models/JoinData.cs
 0.1 kb	 0.0% Packages/com.unity.services.multiplayer/Runtime/Multiplayer/Utils/Logger.cs
 0.1 kb	 0.0% Packages/com.unity.services.multiplayer/Runtime/Multiplayer/Utils/JWT/BaseJwt.cs
 0.1 kb	 0.0% Packages/com.unity.services.multiplayer/Runtime/Multiplayer/Session/Models/Player/Player.cs
 0.1 kb	 0.0% Packages/com.unity.services.multiplayer/Runtime/Multiplayer/Session/Models/Player/IPlayer.cs
 0.1 kb	 0.0% Packages/com.unity.services.multiplayer/Runtime/Multiplayer/Modules/IModule.cs
 0.1 kb	 0.0% Packages/com.unity.services.multiplayer/Runtime/Lobbies/Http/Responses.cs
 0.1 kb	 0.0% Packages/com.unity.services.multiplayer/Runtime/Lobbies/Http/IError.cs
 0.1 kb	 0.0% Packages/com.unity.services.core/Runtime/Core/Utils/UnityThreadUtils.cs
 0.1 kb	 0.0% Packages/com.unity.services.core/Runtime/Core/UnityServices.cs
 0.1 kb	 0.0% Packages/com.unity.services.core/Runtime/Core/IUnityServices.cs
 0.1 kb	 0.0% Packages/com.unity.services.core/Runtime/Core/CommonErrorCodes.cs
 0.1 kb	 0.0% Packages/com.unity.services.core/Runtime/Core.Internal/Components/Wire/IWire.cs
 0.1 kb	 0.0% Packages/com.unity.services.core/Runtime/Core.Internal/Components/Wire/IChannel.cs
 0.1 kb	 0.0% Packages/com.unity.services.authentication/Runtime/Models/Responses/User.cs
 0.1 kb	 0.0% Packages/com.unity.netcode.gameobjects/Runtime/Transports/NetworkTransport.cs
 0.1 kb	 0.0% Packages/com.unity.netcode.gameobjects/Runtime/Timing/RealTimeProvider.cs
 0.1 kb	 0.0% Packages/com.unity.netcode.gameobjects/Runtime/Serialization/IReaderWriter.cs
 0.1 kb	 0.0% Packages/com.unity.netcode.gameobjects/Runtime/Serialization/FastBufferWriter.cs
 0.1 kb	 0.0% Packages/com.unity.netcode.gameobjects/Runtime/Serialization/FastBufferReader.cs
 0.1 kb	 0.0% Packages/com.unity.netcode.gameobjects/Runtime/SceneManagement/SceneEventData.cs
 0.1 kb	 0.0% Packages/com.unity.netcode.gameobjects/Runtime/Profiling/ProfilingHooks.cs
 0.1 kb	 0.0% Packages/com.unity.netcode.gameobjects/Runtime/Metrics/INetworkMetrics.cs
 0.1 kb	 0.0% Packages/com.unity.netcode.gameobjects/Runtime/Messaging/RpcTargets/ServerRpcTarget.cs
 0.1 kb	 0.0% Packages/com.unity.netcode.gameobjects/Runtime/Messaging/RpcTargets/RpcTargetGroup.cs
 0.1 kb	 0.0% Packages/com.unity.netcode.gameobjects/Runtime/Messaging/RpcTargets/ProxyRpcTarget.cs
 0.1 kb	 0.0% Packages/com.unity.netcode.gameobjects/Runtime/Messaging/RpcTargets/OwnerRpcTarget.cs
 0.1 kb	 0.0% Packages/com.unity.netcode.gameobjects/Runtime/Messaging/RpcTargets/NotMeRpcTarget.cs
 0.1 kb	 0.0% Packages/com.unity.netcode.gameobjects/Runtime/Messaging/RpcTargets/IGroupRpcTarget.cs
 0.1 kb	 0.0% Packages/com.unity.netcode.gameobjects/Runtime/Messaging/RpcTargets/BaseRpcTarget.cs
 0.1 kb	 0.0% Packages/com.unity.netcode.gameobjects/Runtime/Messaging/NetworkContext.cs
 0.1 kb	 0.0% Packages/com.unity.netcode.gameobjects/Runtime/Messaging/Messages/UnnamedMessage.cs
 0.1 kb	 0.0% Packages/com.unity.netcode.gameobjects/Runtime/Messaging/Messages/TimeSyncMessage.cs
 0.1 kb	 0.0% Packages/com.unity.netcode.gameobjects/Runtime/Messaging/Messages/ServerLogMessage.cs
 0.1 kb	 0.0% Packages/com.unity.netcode.gameobjects/Runtime/Messaging/Messages/RpcMessages.cs
 0.1 kb	 0.0% Packages/com.unity.netcode.gameobjects/Runtime/Messaging/INetworkMessage.cs
 0.1 kb	 0.0% Packages/com.unity.netcode.gameobjects/Runtime/Messaging/INetworkHooks.cs
 0.1 kb	 0.0% Packages/com.unity.netcode.gameobjects/Runtime/Logging/LogContext/LogContext.cs
 0.1 kb	 0.0% Packages/com.unity.netcode.gameobjects/Runtime/Core/NetworkObject.cs
 0.1 kb	 0.0% Packages/com.unity.netcode.gameobjects/Runtime/Core/NetworkManager.cs
 0.1 kb	 0.0% Packages/com.unity.netcode.gameobjects/Runtime/Core/NetworkBehaviour.cs
 0.1 kb	 0.0% Packages/com.unity.netcode.gameobjects/Runtime/Core/ComponentFactory.cs
 0.1 kb	 0.0% Packages/com.unity.netcode.gameobjects/Runtime/Connection/PendingClient.cs
 0.1 kb	 0.0% Packages/com.unity.netcode.gameobjects/Runtime/Connection/NetworkClient.cs
 0.1 kb	 0.0% Packages/com.unity.netcode.gameobjects/Runtime/Configuration/SessionConfig.cs
 0.1 kb	 0.0% Packages/com.unity.netcode.gameobjects/Runtime/Configuration/NetworkPrefabs.cs
 0.1 kb	 0.0% Packages/com.unity.netcode.gameobjects/Runtime/Configuration/NetworkPrefab.cs
 0.1 kb	 0.0% Packages/com.unity.netcode.gameobjects/Runtime/Configuration/NetworkConstants.cs
 0.1 kb	 0.0% Packages/com.unity.netcode.gameobjects/Runtime/Configuration/NetworkConfig.cs
 0.1 kb	 0.0% Packages/com.unity.netcode.gameobjects/Runtime/Components/HalfVector4.cs
 0.1 kb	 0.0% Packages/com.unity.netcode.gameobjects/Runtime/Components/HalfVector3.cs
 0.1 kb	 0.0% Packages/com.unity.collections/Unity.Collections/xxHash3.StreamingState.cs
 0.1 kb	 0.0% Packages/com.unity.collections/Unity.Collections/NativeSort.cs
 0.1 kb	 0.0% Packages/com.unity.collections/Unity.Collections/NativeBitArray.cs
 0.1 kb	 0.0% Packages/com.unity.collections/Unity.Collections/ListExtensions.cs
 0.1 kb	 0.0% Packages/com.unity.collections/Unity.Collections/Jobs/IJobParallelForDefer.cs
 0.1 kb	 0.0% Packages/com.unity.collections/Unity.Collections/Jobs/IJobParallelForBatch.cs
 0.1 kb	 0.0% Packages/com.unity.collections/Unity.Collections/FixedStringUtils.cs
 0.1 kb	 0.0% Packages/com.unity.collections/Unity.Collections/DataStreamWriter.cs
 0.1 kb	 0.0% Packages/com.unity.collections/Unity.Collections/DataStreamReader.cs
 0.1 kb	 0.0% Packages/com.unity.collections/Unity.Collections/ConcurrentMask.cs
 0.1 kb	 0.0% Packages/com.unity.collections/Unity.Collections/CollectionHelper.cs
 0.1 kb	 0.0% Packages/com.unity.collections/Unity.Collections/AllocatorManager.cs
 0.1 kb	 0.0% Packages/com.unity.burst/Runtime/SafeStringArrayHelper.cs
 0.1 kb	 0.0% Packages/com.unity.burst/Runtime/Editor/BurstEditorOptions.cs
 0.1 kb	 0.0% Packages/com.unity.burst/Runtime/Editor/BurstCompileTarget.cs
 0.1 kb	 0.0% Packages/com.unity.burst/Runtime/Editor/BurstAssemblyDisable.cs
 0.1 kb	 0.0% Packages/com.unity.burst/Runtime/BurstCompileAttribute.cs
 0.1 kb	 0.0% Packages/com.unity.ugui/Runtime/TMP/TMPro_EventManager.cs
 0.1 kb	 0.0% Packages/com.unity.ugui/Runtime/TMP/TMP_UpdateRegistery.cs
 0.1 kb	 0.0% Packages/com.unity.ugui/Runtime/TMP/TMP_UpdateManager.cs
 0.1 kb	 0.0% Packages/com.unity.ugui/Runtime/TMP/TMP_TextUtilities.cs
 0.1 kb	 0.0% Packages/com.unity.ugui/Runtime/TMP/TMP_TextProcessingCommon.cs
 0.1 kb	 0.0% Packages/com.unity.ugui/Runtime/TMP/TMP_SpriteCharacter.cs
 0.1 kb	 0.0% Packages/com.unity.ugui/Runtime/TMP/TMP_SpriteAnimator.cs
 0.1 kb	 0.0% Packages/com.unity.ugui/Runtime/TMP/TMP_SelectionCaret.cs
 0.1 kb	 0.0% Packages/com.unity.ugui/Runtime/TMP/TMP_ResourcesManager.cs
 0.1 kb	 0.0% Packages/com.unity.ugui/Runtime/TMP/TMP_MaterialManager.cs
 0.1 kb	 0.0% Packages/com.unity.ugui/Runtime/TMP/TMP_InputValidator.cs
 0.1 kb	 0.0% Packages/com.unity.ugui/Runtime/TMP/TMP_FontFeatureTable.cs
 0.1 kb	 0.0% Packages/com.unity.ugui/Runtime/TMP/TMP_DefaultControls.cs
 0.1 kb	 0.0% Packages/com.unity.ugui/Runtime/TMP/TMP_Compatibility.cs
 0.1 kb	 0.0% Packages/com.unity.ugui/Runtime/TMP/TMP_ColorGradient.cs
 0.1 kb	 0.0% Packages/com.unity.ugui/Runtime/TMP/TMP_CharacterInfo.cs
 0.1 kb	 0.0% Packages/com.unity.ugui/Runtime/TMP/ITextPreProcessor.cs
 0.1 kb	 0.0% Packages/com.unity.ugui/Runtime/TMP/FontFeatureCommonGPOS.cs
 0.1 kb	 0.0% Packages/com.unity.ugui/Runtime/InternalBridge/TMPHelpURL.cs
 0.1 kb	 0.0% Packages/com.unity.services.wire/Runtime/websocket-sharp/WebSocket.cs
 0.1 kb	 0.0% Packages/com.unity.services.wire/Runtime/websocket-sharp/PayloadData.cs
 0.1 kb	 0.0% Packages/com.unity.services.wire/Runtime/websocket-sharp/HttpResponse.cs
 0.1 kb	 0.0% Packages/com.unity.services.wire/Runtime/websocket-sharp/HttpRequest.cs
 0.1 kb	 0.0% Packages/com.unity.services.qos/Runtime/Runner/InternalQosServer.cs
 0.1 kb	 0.0% Packages/com.unity.services.qos/Runtime/Http/JsonObject.cs
 0.1 kb	 0.0% Packages/com.unity.services.qos/Runtime/Http/JsonHelpers.cs
 0.1 kb	 0.0% Packages/com.unity.services.qos/Runtime/Http/IHttpClient.cs
 0.1 kb	 0.0% Packages/com.unity.services.qos/Runtime/Http/HttpClient.cs
 0.1 kb	 0.0% Packages/com.unity.services.multiplayer/Runtime/Relay/Http/Responses.cs
 0.1 kb	 0.0% Packages/com.unity.services.multiplayer/Runtime/Matchmaker/Models/Team.cs
 0.1 kb	 0.0% Packages/com.unity.services.multiplayer/Runtime/Lobbies/SDK/LobbyUpdates/LobbyEventCallbacks.cs
 0.1 kb	 0.0% Packages/com.unity.netcode.gameobjects/Runtime/Messaging/RpcAttributes.cs
 0.1 kb	 0.0% Packages/com.unity.collections/Unity.Collections/NativeText.gen.cs
 0.1 kb	 0.0% Packages/com.unity.collections/Unity.Collections/FixedList.gen.cs
 0.1 kb	 0.0% Packages/com.unity.ugui/Runtime/UGUI/UI/Core/VertexModifiers/PositionAsUV1.cs
 0.1 kb	 0.0% Packages/com.unity.ugui/Runtime/UGUI/UI/Core/VertexModifiers/IMeshModifier.cs
 0.1 kb	 0.0% Packages/com.unity.ugui/Runtime/UGUI/UI/Core/VertexModifiers/BaseMeshEffect.cs
 0.1 kb	 0.0% Packages/com.unity.ugui/Runtime/UGUI/UI/Core/StencilMaterial.cs
 0.1 kb	 0.0% Packages/com.unity.ugui/Runtime/UGUI/UI/Core/RaycastReceiver.cs
 0.1 kb	 0.0% Packages/com.unity.ugui/Runtime/UGUI/UI/Core/MaskableGraphic.cs
 0.1 kb	 0.0% Packages/com.unity.ugui/Runtime/UGUI/UI/Core/MaskUtilities.cs
 0.1 kb	 0.0% Packages/com.unity.ugui/Runtime/UGUI/UI/Core/Layout/LayoutUtility.cs
 0.1 kb	 0.0% Packages/com.unity.ugui/Runtime/UGUI/UI/Core/Layout/LayoutRebuilder.cs
 0.1 kb	 0.0% Packages/com.unity.ugui/Runtime/UGUI/UI/Core/Layout/LayoutElement.cs
 0.1 kb	 0.0% Packages/com.unity.ugui/Runtime/UGUI/UI/Core/Layout/ILayoutElement.cs
 0.1 kb	 0.0% Packages/com.unity.ugui/Runtime/UGUI/UI/Core/Layout/GridLayoutGroup.cs
 0.1 kb	 0.0% Packages/com.unity.ugui/Runtime/UGUI/UI/Core/GraphicRegistry.cs
 0.1 kb	 0.0% Packages/com.unity.ugui/Runtime/UGUI/UI/Core/GraphicRaycaster.cs
 0.1 kb	 0.0% Packages/com.unity.ugui/Runtime/UGUI/UI/Core/DefaultControls.cs
 0.1 kb	 0.0% Packages/com.unity.ugui/Runtime/UGUI/UI/Core/Culling/ClipperRegistry.cs
 0.1 kb	 0.0% Packages/com.unity.ugui/Runtime/UGUI/EventSystem/UIBehaviour.cs
 0.1 kb	 0.0% Packages/com.unity.ugui/Runtime/UGUI/EventSystem/InputModules/BaseInput.cs
 0.1 kb	 0.0% Packages/com.unity.ugui/Runtime/UGUI/EventSystem/EventTrigger.cs
 0.1 kb	 0.0% Packages/com.unity.ugui/Runtime/UGUI/EventSystem/EventSystem.cs
 0.1 kb	 0.0% Packages/com.unity.ugui/Runtime/TMP/TMPro_MeshUtilities.cs
 0.1 kb	 0.0% Packages/com.unity.ugui/Runtime/TMP/TMP_ShaderUtilities.cs
 0.1 kb	 0.0% Packages/com.unity.ugui/Runtime/TMP/TMP_RichTextTagsCommon.cs
 0.1 kb	 0.0% Packages/com.unity.ugui/Runtime/TMP/TMP_FontAssetCommon.cs
 0.1 kb	 0.0% Packages/com.unity.services.wire/Runtime/websocket-sharp/Net/Cookie.cs
 0.1 kb	 0.0% Packages/com.unity.services.wire/Runtime/websocket-sharp/Net/Chunk.cs
 0.1 kb	 0.0% Packages/com.unity.services.qos/Runtime/v2/Http/Responses.cs
 0.1 kb	 0.0% Packages/com.unity.services.qos/Runtime/Runner/UcgQosServer.cs
 0.1 kb	 0.0% Packages/com.unity.services.qos/Runtime/Runner/QosResponse.cs
 0.1 kb	 0.0% Packages/com.unity.services.qos/Runtime/Runner/QosRequest.cs
 0.1 kb	 0.0% Packages/com.unity.services.qos/Runtime/Runner/QosHelper.cs
 0.1 kb	 0.0% Packages/com.unity.services.qos/Runtime/Runner/IQosJob.cs
 0.1 kb	 0.0% Packages/com.unity.services.qos/Runtime/QosService.cs
 0.1 kb	 0.0% Packages/com.unity.services.qos/Runtime/Core/QosResults.cs
 0.1 kb	 0.0% Packages/com.unity.services.core/Runtime/Core/CoreResetter.cs
 0.1 kb	 0.0% Packages/com.unity.netcode.gameobjects/Runtime/Timing/NetworkTime.cs
 0.1 kb	 0.0% Packages/com.unity.netcode.gameobjects/Runtime/Serialization/MemoryStructures/UIntFloat.cs
 0.1 kb	 0.0% Packages/com.unity.netcode.gameobjects/Runtime/Serialization/ByteUtility.cs
 0.1 kb	 0.0% Packages/com.unity.netcode.gameobjects/Runtime/Serialization/ByteUnpacker.cs
 0.1 kb	 0.0% Packages/com.unity.netcode.gameobjects/Runtime/Serialization/BytePacker.cs
 0.1 kb	 0.0% Packages/com.unity.netcode.gameobjects/Runtime/Serialization/BitWriter.cs
 0.1 kb	 0.0% Packages/com.unity.netcode.gameobjects/Runtime/Serialization/BitReader.cs
 0.1 kb	 0.0% Packages/com.unity.netcode.gameobjects/Runtime/Serialization/BitCounter.cs
 0.1 kb	 0.0% Packages/com.unity.netcode.gameobjects/Runtime/Serialization/Arithmetic.cs
 0.1 kb	 0.0% Packages/com.unity.netcode.gameobjects/Runtime/Metrics/MetricHooks.cs
 0.1 kb	 0.0% Packages/com.unity.netcode.gameobjects/Runtime/Messaging/RpcTargets/RpcTarget.cs
 0.1 kb	 0.0% Packages/com.unity.netcode.gameobjects/Runtime/Messaging/RpcParams.cs
 0.1 kb	 0.0% Packages/com.unity.netcode.gameobjects/Runtime/Messaging/Messages/ProxyMessage.cs
 0.1 kb	 0.0% Packages/com.unity.netcode.gameobjects/Runtime/Messaging/Messages/NamedMessage.cs
 0.1 kb	 0.0% Packages/com.unity.netcode.gameobjects/Runtime/Logging/NetworkLog.cs
 0.1 kb	 0.0% Packages/com.unity.netcode.gameobjects/Runtime/Logging/LogBuilder.cs
 0.1 kb	 0.0% Packages/com.unity.netcode.gameobjects/Runtime/HelpUrls.cs
 0.1 kb	 0.0% Packages/com.unity.netcode.gameobjects/Runtime/Core/FindObjects.cs
 0.1 kb	 0.0% Packages/com.unity.collections/Unity.Collections/UIntFloat.cs
 0.1 kb	 0.0% Packages/com.unity.collections/Unity.Collections/NativeStream.cs
 0.1 kb	 0.0% Packages/com.unity.collections/Unity.Collections/Jobs/EarlyInitHelpers.cs
 0.1 kb	 0.0% Packages/com.unity.burst/Runtime/Intrinsics/SimdDebugViews.cs
 0.1 kb	 0.0% Packages/com.unity.burst/Runtime/Editor/BurstReflection.cs
 0.1 kb	 0.0% Packages/com.unity.burst/Runtime/BurstCompilerOptions.cs
 0.1 kb	 0.0% Assets/PaperTrails/Core/GameSimulation.cs
 0.1 kb	 0.0% Packages/com.unity.ugui/Runtime/TMP/TextMeshProUGUI.cs
 0.1 kb	 0.0% Packages/com.unity.ugui/Runtime/TMP/TextContainer.cs
 0.1 kb	 0.0% Packages/com.unity.ugui/Runtime/TMP/TMP_TextElement.cs
 0.1 kb	 0.0% Packages/com.unity.ugui/Runtime/TMP/TMP_SubMeshUI.cs
 0.1 kb	 0.0% Packages/com.unity.ugui/Runtime/TMP/TMP_StyleSheet.cs
 0.1 kb	 0.0% Packages/com.unity.ugui/Runtime/TMP/TMP_SpriteGlyph.cs
 0.1 kb	 0.0% Packages/com.unity.ugui/Runtime/TMP/TMP_SpriteAsset.cs
 0.1 kb	 0.0% Packages/com.unity.ugui/Runtime/TMP/TMP_InputField.cs
 0.1 kb	 0.0% Packages/com.unity.ugui/Runtime/TMP/TMP_FontAsset.cs
 0.1 kb	 0.0% Packages/com.unity.ugui/Runtime/TMP/TMP_CoroutineTween.cs
 0.1 kb	 0.0% Packages/com.unity.ugui/Runtime/TMP/TMP_Character.cs
 0.1 kb	 0.0% Packages/com.unity.services.wire/Runtime/websocket-sharp/Logger.cs
 0.1 kb	 0.0% Packages/com.unity.services.wire/Runtime/websocket-sharp/LogData.cs
 0.1 kb	 0.0% Packages/com.unity.services.wire/Runtime/websocket-sharp/HttpBase.cs
 0.1 kb	 0.0% Packages/com.unity.services.qos/Runtime/Http/Responses.cs
 0.1 kb	 0.0% Packages/com.unity.collections/Unity.Collections/xxHash3.AVX2.cs
 0.1 kb	 0.0% Packages/com.unity.burst/Runtime/Intrinsics/Arm/NEON_AArch64_rdma.cs
 0.1 kb	 0.0% Packages/com.unity.burst/Runtime/Intrinsics/Arm/NEON_AArch64_dotprod.cs
 0.1 kb	 0.0% Packages/com.unity.burst/Runtime/Intrinsics/Arm/NEON_AArch64_crypto.cs
 0.1 kb	 0.0% Assets/PaperTrails/Runtime/PreviewStudio.cs
 0.1 kb	 0.0% Assets/PaperTrails/Runtime/PaperTrailsApp.cs
 0.1 kb	 0.0% Packages/com.unity.ugui/Runtime/UGUI/UI/Core/Utility/VertexHelper.cs
 0.1 kb	 0.0% Packages/com.unity.ugui/Runtime/UGUI/UI/Core/ToggleGroup.cs
 0.1 kb	 0.0% Packages/com.unity.ugui/Runtime/UGUI/UI/Core/SpriteState.cs
 0.1 kb	 0.0% Packages/com.unity.ugui/Runtime/UGUI/UI/Core/Selectable.cs
 0.1 kb	 0.0% Packages/com.unity.ugui/Runtime/UGUI/UI/Core/Scrollbar.cs
 0.1 kb	 0.0% Packages/com.unity.ugui/Runtime/UGUI/UI/Core/ScrollRect.cs
 0.1 kb	 0.0% Packages/com.unity.ugui/Runtime/UGUI/UI/Core/RectMask2D.cs
 0.1 kb	 0.0% Packages/com.unity.ugui/Runtime/UGUI/UI/Core/Navigation.cs
 0.1 kb	 0.0% Packages/com.unity.ugui/Runtime/UGUI/UI/Core/Layout/LayoutGroup.cs
 0.1 kb	 0.0% Packages/com.unity.ugui/Runtime/UGUI/UI/Core/Layout/CanvasScaler.cs
 0.1 kb	 0.0% Packages/com.unity.ugui/Runtime/UGUI/UI/Core/InputField.cs
 0.1 kb	 0.0% Packages/com.unity.ugui/Runtime/UGUI/UI/Core/IMaskable.cs
 0.1 kb	 0.0% Packages/com.unity.ugui/Runtime/UGUI/UI/Core/ColorBlock.cs
 0.1 kb	 0.0% Packages/com.unity.services.qos/Runtime/Runner/QosJob.cs
 0.1 kb	 0.0% Packages/com.unity.services.core/Runtime/Core/IService.cs
 0.1 kb	 0.0% Packages/com.unity.netcode.gameobjects/Runtime/Serialization/MemoryStructures/ByteBool.cs
 0.1 kb	 0.0% Packages/com.unity.netcode.gameobjects/Runtime/Messaging/MessageDelivery.cs
 0.1 kb	 0.0% Packages/com.unity.netcode.gameobjects/Runtime/Hashing/XXHash.cs
 0.1 kb	 0.0% Packages/com.unity.netcode.gameobjects/Runtime/Components/Helpers/AttachableNode.cs
 0.1 kb	 0.0% Packages/com.unity.collections/Unity.Collections/xxHash3.cs
 0.1 kb	 0.0% Packages/com.unity.collections/Unity.Collections/Unicode.cs
 0.1 kb	 0.0% Packages/com.unity.collections/Unity.Collections/Memory.cs
 0.1 kb	 0.0% Packages/com.unity.collections/Unity.Collections/Jobs/IJobFilter.cs
 0.1 kb	 0.0% Packages/com.unity.collections/Unity.Collections/BitField.cs
 0.1 kb	 0.0% Packages/com.unity.burst/Runtime/NoAliasAttribute.cs
 0.1 kb	 0.0% Packages/com.unity.burst/Runtime/FunctionPointer.cs
 0.1 kb	 0.0% Packages/com.unity.burst/Runtime/Editor/BurstLoader.cs
 0.1 kb	 0.0% Packages/com.unity.burst/Runtime/CompilerServices/Constant.cs
 0.1 kb	 0.0% Packages/com.unity.burst/Runtime/CompilerServices/Aliasing.cs
 0.1 kb	 0.0% Packages/com.unity.burst/Runtime/BurstString.Float.cs
 0.1 kb	 0.0% Packages/com.unity.burst/Runtime/BurstCompiler.cs
 0.1 kb	 0.0% Assets/PaperTrails/Core/SmoothGrid.cs
 0.1 kb	 0.0% Packages/com.unity.ugui/Runtime/UGUI/UI/Core/Culling/IClipRegion.cs
 0.1 kb	 0.0% Packages/com.unity.ugui/Runtime/TMP/TextMeshPro.cs
 0.1 kb	 0.0% Packages/com.unity.ugui/Runtime/TMP/TMP_TextInfo.cs
 0.1 kb	 0.0% Packages/com.unity.ugui/Runtime/TMP/TMP_SubMesh.cs
 0.1 kb	 0.0% Packages/com.unity.ugui/Runtime/TMP/TMP_Style.cs
 0.1 kb	 0.0% Packages/com.unity.ugui/Runtime/TMP/TMP_Sprite.cs
 0.1 kb	 0.0% Packages/com.unity.ugui/Runtime/TMP/TMP_Settings.cs
 0.1 kb	 0.0% Packages/com.unity.ugui/Runtime/TMP/TMP_MeshInfo.cs
 0.1 kb	 0.0% Packages/com.unity.ugui/Runtime/TMP/TMP_LineInfo.cs
 0.1 kb	 0.0% Packages/com.unity.ugui/Runtime/TMP/TMP_Dropdown.cs
 0.1 kb	 0.0% Packages/com.unity.ugui/Runtime/TMP/TMP_Asset.cs
 0.1 kb	 0.0% Packages/com.unity.ugui/Runtime/TMP/FastAction.cs
 0.1 kb	 0.0% Packages/com.unity.services.wire/Runtime/websocket-sharp/Ext.cs
 0.1 kb	 0.0% Packages/com.unity.services.multiplayer/Runtime/Lobbies/SDK/LobbyUpdates/Internal/LobbyPatcher.cs
 0.1 kb	 0.0% Packages/com.unity.burst/Runtime/Intrinsics/Common.cs
 0.1 kb	 0.0% Packages/com.unity.burst/Runtime/Intrinsics/Arm/NEON_ctor.cs
 0.1 kb	 0.0% Packages/com.unity.burst/Runtime/Intrinsics/Arm/NEON_AArch64.cs
 0.1 kb	 0.0% Assets/PaperTrails/Runtime/WireState.cs
 0.1 kb	 0.0% Assets/PaperTrails/Runtime/SoundBank.cs
 0.1 kb	 0.0% Assets/PaperTrails/Runtime/SkinFactory.cs
 0.1 kb	 0.0% Assets/PaperTrails/Runtime/RelaySession.cs
 0.1 kb	 0.0% Assets/PaperTrails/Runtime/PacketCodec.cs
 0.1 kb	 0.0% Assets/PaperTrails/Runtime/LanSession.cs
 0.1 kb	 0.0% Assets/PaperTrails/Runtime/IGameSession.cs
 0.1 kb	 0.0% Packages/com.unity.ugui/Runtime/UGUI/UI/Core/VertexModifiers/Shadow.cs
 0.1 kb	 0.0% Packages/com.unity.ugui/Runtime/UGUI/UI/Core/VertexModifiers/Outline.cs
 0.1 kb	 0.0% Packages/com.unity.ugui/Runtime/UGUI/UI/Core/Toggle.cs
 0.1 kb	 0.0% Packages/com.unity.ugui/Runtime/UGUI/UI/Core/Slider.cs
 0.1 kb	 0.0% Packages/com.unity.ugui/Runtime/UGUI/UI/Core/RawImage.cs
 0.1 kb	 0.0% Packages/com.unity.ugui/Runtime/UGUI/UI/Core/Image.cs
 0.1 kb	 0.0% Packages/com.unity.ugui/Runtime/UGUI/UI/Core/IMask.cs
 0.1 kb	 0.0% Packages/com.unity.ugui/Runtime/UGUI/UI/Core/Graphic.cs
 0.1 kb	 0.0% Packages/com.unity.ugui/Runtime/UGUI/UI/Core/FontData.cs
 0.1 kb	 0.0% Packages/com.unity.ugui/Runtime/UGUI/UI/Core/Dropdown.cs
 0.1 kb	 0.0% Packages/com.unity.ugui/Runtime/UGUI/UI/Core/Culling/Clipping.cs
 0.1 kb	 0.0% Packages/com.unity.ugui/Runtime/UGUI/UI/Core/Button.cs
 0.1 kb	 0.0% Packages/com.unity.burst/Runtime/SharedStatic.cs
 0.1 kb	 0.0% Packages/com.unity.burst/Runtime/Intrinsics/x86/Ssse3.cs
 0.1 kb	 0.0% Packages/com.unity.burst/Runtime/Intrinsics/x86/Sse4_2.cs
 0.1 kb	 0.0% Packages/com.unity.burst/Runtime/Intrinsics/x86/Sse4_1.cs
 0.1 kb	 0.0% Packages/com.unity.burst/Runtime/Intrinsics/x86/Popcnt.cs
 0.1 kb	 0.0% Packages/com.unity.burst/Runtime/Intrinsics/x86/Common.cs
 0.1 kb	 0.0% Packages/com.unity.burst/Runtime/CompilerServices/Hint.cs
 0.1 kb	 0.0% Packages/com.unity.burst/Runtime/BurstString.cs
 0.1 kb	 0.0% Packages/com.unity.burst/Runtime/BurstRuntime.cs
 0.1 kb	 0.0% Assets/PaperTrails/Core/Arena.cs
 0.1 kb	 0.0% Packages/com.unity.ugui/Runtime/TMP/TMP_Text.cs
 0.1 kb	 0.0% Packages/com.unity.burst/Runtime/Intrinsics/x86/Sse3.cs
 0.1 kb	 0.0% Packages/com.unity.burst/Runtime/Intrinsics/x86/Sse2.cs
 0.1 kb	 0.0% Packages/com.unity.burst/Runtime/Intrinsics/x86/Sse.cs
 0.1 kb	 0.0% Packages/com.unity.burst/Runtime/Intrinsics/x86/Fma.cs
 0.1 kb	 0.0% Packages/com.unity.burst/Runtime/Intrinsics/x86/F16C.cs
 0.1 kb	 0.0% Packages/com.unity.burst/Runtime/Intrinsics/x86/Csr.cs
 0.1 kb	 0.0% Packages/com.unity.burst/Runtime/Intrinsics/x86/Bmi2.cs
 0.1 kb	 0.0% Packages/com.unity.burst/Runtime/Intrinsics/x86/Bmi1.cs
 0.1 kb	 0.0% Packages/com.unity.burst/Runtime/Intrinsics/x86/Avx2.cs
 0.1 kb	 0.0% Packages/com.unity.burst/Runtime/Intrinsics/x86/Avx.cs
 0.1 kb	 0.0% Packages/com.unity.burst/Runtime/Intrinsics/v64.cs
 0.1 kb	 0.0% Packages/com.unity.burst/Runtime/Intrinsics/v256.cs
 0.1 kb	 0.0% Packages/com.unity.burst/Runtime/Intrinsics/v128.cs
 0.1 kb	 0.0% Packages/com.unity.burst/Runtime/Intrinsics/Arm/NEON.cs
 0.1 kb	 0.0% Assets/PaperTrails/Runtime/GameView.cs
 0.1 kb	 0.0% Packages/com.unity.ugui/Runtime/UGUI/UI/Core/Text.cs
 0.1 kb	 0.0% Packages/com.unity.ugui/Runtime/UGUI/UI/Core/Misc.cs
 0.1 kb	 0.0% Packages/com.unity.ugui/Runtime/UGUI/UI/Core/Mask.cs
 0.1 kb	 0.0% Assets/Resources/PerformanceTestRunSettings.json
-------------------------------------------------------------------------------
Unloading 0 Unused Serialized files (Serialized files now loaded: 0)
Unloading 48 unused Assets / (19.3 KB). Loaded Objects now: 3897.
Memory consumption went from 310.6 MB to 310.6 MB.
Total: 11.463900 ms (FindLiveObjects: 0.281600 ms CreateObjectMapping: 0.410800 ms MarkObjects: 10.681000 ms  DeleteObjects: 0.089200 ms)

DisplayProgressNotification: Build Successful
Build Finished, Result: Success.
##utp:{"success":true,"type":"PlayerBuildInfo","version":2,"phase":"Immediate","time":1789426435945,"processId":34068,"steps":[{"description":"Preprocess Player","duration":93},{"description":"Prepare For Build","duration":3217},{"description":"ProducePlayerScriptAssemblies","duration":7189},{"description":"Verify Build setup","duration":47},{"description":"Prepare assets for target platform","duration":0},{"description":"Prepare splash screen","duration":0},{"description":"Build scripts DLLs","duration":52},{"description":"Building scenes","duration":303},{"description":"Build GlobalGameManagers file","duration":167},{"description":"Writing asset files","duration":71},{"description":"Building Resources/unity_builtin_extra","duration":139},{"description":"Write data build dirty tracking information","duration":151},{"description":"Postprocess built player","duration":51422}],"duration":62851}
Unloading 0 Unused Serialized files (Serialized files now loaded: 0)
Loaded scene 'Temp/__Backupscenes/0.backup'
	Deserialize:            0.642 ms
	Integration:            221.663 ms
	Integration of assets:  0.001 ms
	Thread Wait Time:       0.018 ms
	Total Operation Time:   222.325 ms
Unloading 0 unused Assets / (8.3 KB). Loaded Objects now: 3889.
Memory consumption went from 310.9 MB to 310.9 MB.
Total: 8.614700 ms (FindLiveObjects: 0.225800 ms CreateObjectMapping: 0.322800 ms MarkObjects: 8.049800 ms  DeleteObjects: 0.015100 ms)

PAPERTRAILS_BUILD_OK Builds/Android/PaperTrails.apk
UnityEngine.Debug:ExtractStackTraceNoAlloc (byte*,int,string)
UnityEngine.StackTraceUtility:ExtractStackTrace ()
UnityEngine.DebugLogHandler:Internal_Log (UnityEngine.LogType,UnityEngine.LogOption,string,UnityEngine.Object)
UnityEngine.DebugLogHandler:LogFormat (UnityEngine.LogType,UnityEngine.Object,string,object[])
UnityEngine.Logger:Log (UnityEngine.LogType,object)
UnityEngine.Debug:Log (object)
PaperTrails.Editor.ProjectBuilder:Build (string,UnityEditor.BuildTarget) (at Assets/PaperTrails/Editor/ProjectBuilder.cs:52)
PaperTrails.Editor.ProjectBuilder:Android () (at Assets/PaperTrails/Editor/ProjectBuilder.cs:46)

(Filename: Assets/PaperTrails/Editor/ProjectBuilder.cs Line: 52)

Batchmode quit successfully invoked - shutting down!
Starting: C:\Program Files\Unity\Hub\Editor\6000.5.6f1\Editor\Data\PlaybackEngines\AndroidPlayer\OpenJDK\bin\java.exe -classpath "C:\Program Files\Unity\Hub\Editor\6000.5.6f1\Editor\Data\PlaybackEngines\AndroidPlayer\Tools\gradle\lib\gradle-launcher-9.1.0.jar" org.gradle.launcher.GradleMain "-Dorg.gradle.jvmargs=-Xmx4096m" "--stop" 
WorkingDir: 
Build log was saved at 'C:\Users\NMAdmin\Downloads\Codex\paper_io_multi_clone\build\outputs\logs\unity---stop-build.log'
Killing ADB server in 0.0459621 seconds.
[Physics::Module] Cleanup current backend.
[Physics::Module] Id: 0xf2b8ea05
Input System module state changed to: ShutdownInProgress.
Input Polling Thread exited.
Input System module state changed to: Shutdown.
[Licensing::IpcConnector] LicenseClient-NMAdmin-notifications channel disconnected successfully.
[Licensing::IpcConnector] LicenseClient-NMAdmin channel disconnected successfully.
AcceleratorClientConnectionCallback - disconnected - :0
Cleanup mono
CodeReloadManager destroyed
Exiting batchmode successfully now!
Exiting without the bug reporter. Application will terminate with return code 0