[Licensing::Module] Trying to connect to existing licensing client channel...
[Licensing::IpcConnector] Channel LicenseClient-NMAdmin doesn't exist
Built from '6000.5/staging' branch; Version is '6000.5.6f1 (0e0577a1a2ac) revision 918903'; Using compiler version '194234433'; Build Type 'Release'
OS: 'Windows 11  (10.0.26200) Core' Language: 'en' Physical Memory: 32702 MB
BatchMode: 1, IsHumanControllingUs: 0, StartBugReporterOnCrash: 0, Is64bit: 1
System  architecture: x64
Process architecture: x64
Date: 2026-09-14T22:36:50Z
[Licensing::Module] Successfully launched the LicensingClient (PId: 26520)

COMMAND LINE ARGUMENTS:
C:\Program Files\Unity\Hub\Editor\6000.5.6f1\Editor\Unity.exe
-batchmode
-nographics
-quit
-buildTarget
Win64
-projectPath
C:\Users\NMAdmin\Downloads\Codex\paper_io_multi_clone
-executeMethod
PaperTrails.Editor.ProjectBuilder.Windows
-logFile
C:\Users\NMAdmin\Downloads\Codex\paper_io_multi_clone\unity-build.log
Successfully changed project path to: C:\Users\NMAdmin\Downloads\Codex\paper_io_multi_clone
C:/Users/NMAdmin/Downloads/Codex/paper_io_multi_clone
[UnityMemory] Configuration Parameters - Can be set up in boot.config
    "memorysetup-temp-allocator-size-gi-baking-worker=262144"
    "memorysetup-temp-allocator-size-gi-baking-worker=262144"
    "memorysetup-temp-allocator-size-gi-baking-worker=262144"
    "memorysetup-temp-allocator-size-gi-baking-worker=262144"
    "memorysetup-temp-allocator-size-gi-baking-worker=262144"
    "memorysetup-temp-allocator-size-nav-mesh-worker=65536"
    "memorysetup-temp-allocator-size-audio-worker=65536"
    "memorysetup-temp-allocator-size-cloud-worker=32768"
    "memorysetup-temp-allocator-size-gfx=262144"
    "memorysetup-temp-allocator-size-preload-manager=33554432"
    "memorysetup-allocator-temp-initial-block-size-main=262144"
    "memorysetup-allocator-temp-initial-block-size-worker=262144"
    "memorysetup-temp-allocator-size-job-worker=262144"
    "memorysetup-temp-allocator-size-background-worker=32768"
    "memorysetup-bucket-allocator-granularity=16"
    "memorysetup-bucket-allocator-bucket-count=8"
    "memorysetup-bucket-allocator-block-size=33554432"
    "memorysetup-bucket-allocator-block-count=8"
    "memorysetup-main-allocator-block-size=16777216"
    "memorysetup-thread-allocator-block-size=16777216"
    "memorysetup-main-allocator-mimalloc-enabled=0"
    "memorysetup-gfx-main-allocator-block-size=16777216"
    "memorysetup-gfx-thread-allocator-block-size=16777216"
    "memorysetup-cache-allocator-block-size=4194304"
    "memorysetup-typetree-allocator-block-size=2097152"
    "memorysetup-profiler-bucket-allocator-granularity=16"
    "memorysetup-profiler-bucket-allocator-bucket-count=8"
    "memorysetup-profiler-bucket-allocator-block-size=33554432"
    "memorysetup-profiler-bucket-allocator-block-count=8"
    "memorysetup-profiler-allocator-block-size=16777216"
    "memorysetup-profiler-editor-allocator-block-size=1048576"
    "memorysetup-temp-allocator-size-main=16777216"
    "memorysetup-job-temp-allocator-block-size=2097152"
    "memorysetup-job-temp-allocator-block-size-background=1048576"
    "memorysetup-job-temp-allocator-reduction-small-platforms=262144"
Logging is directed to a specific file, skipping project log.Player connection [33692]  Target information:

Player connection [33692]  * "[IP] 172.23.16.1 [Port] 55504 [Flags] 2 [Guid] 3747858448 [EditorId] 3747858448 [Version] 1048832 [Id] WindowsEditor(7,DESKTOP-RO73LHD) [Debug] 1 [PackageName] WindowsEditor [ProjectName] Editor" 

Player connection [33692]  * "[IP] 10.96.133.110 [Port] 55504 [Flags] 2 [Guid] 3747858448 [EditorId] 3747858448 [Version] 1048832 [Id] WindowsEditor(7,DESKTOP-RO73LHD) [Debug] 1 [PackageName] WindowsEditor [ProjectName] Editor" 

Player connection [33692] Host joined multi-casting on [225.0.0.222:54997]...
Player connection [33692] Host joined alternative multi-casting on [225.0.0.222:34997]...
Input System module state changed to: Initialized.
[Physics::Module] Initialized fallback backend.
[Physics::Module] Id: 0xdecafbad
[Licensing::IpcConnector] Successfully connected to: "LicenseClient-NMAdmin" at "2026-09-14T22:36:51.1121278Z"
[Licensing::Client] Code 10 while verifying Licensing Client signature (process Id: 26520, path: "C:/Program Files/Unity/Hub/Editor/6000.5.6f1/Editor/Data/Resources/Licensing/Client/Unity.Licensing.Client.exe")
[Licensing::Module] LicensingClient has failed validation; ignoring
[Package Manager] Connected to IPC stream "Upm-34608" after 0.4 seconds.
[Licensing::Module] Licensing is not yet initialized.
[Licensing::Client] Handshaking with LicensingClient:
  Version:                 1.18.1+9fbee8e
  Session Id:              bc20657d0f3644f1911635dc29bae349
  Correlation Id:          105f059c46e34be0fd2037c994fb17c0
  External correlation Id: 608592568398602392
  Machine Id:              PiCTdhbdkq7q1IsH47aQIhZqARk=
[Licensing::Module] Successfully connected to LicensingClient on channel: "LicenseClient-NMAdmin" (connect: 0.37s, validation: 0.22s, handshake: 0.07s)
[Licensing::IpcConnector] Successfully connected to: "LicenseClient-NMAdmin-notifications" at "2026-09-14T22:36:51.4021931Z"
[Licensing::Module] Connected to LicensingClient (PId: 26520, launch time: 0.01, total connection time: 0.66s)
[Licensing::Module] Error: Access token is unavailable; failed to update
[Licensing::Client] Successfully resolved entitlement details
[Licensing::Module] License group:
  Id: 2475153869922-UnityPersXXXX
  Product: Unity Personal
  Type: Assigned
  Expiration: Unlimited
[Licensing::Client] Successfully updated license, isAsync: True, time: 0.01
[Licensing::Client] Successfully resolved entitlement details
[Licensing::Module] Licensing Background thread has ended after 0.73s
[Licensing::Module] Licensing is initialized (took 0.12s).
[Licensing::Client] Successfully resolved entitlement details
Library Redirect Path: Library/
[Physics::Module] Selected backend.
[Physics::Module] Name: PhysX
[Physics::Module] Id: 0xf2b8ea05
[Physics::Module] SDK Version: 4.1.2
[Physics::Module] Integration Version: 1.0.0
[Physics::Module] Threading Mode: Multi-Threaded
Artifact Garbage Collection - Removed 1 unused hashed content files
Targeting platform: Win64
Initialize engine version: 6000.5.6f1 (0e0577a1a2ac)
[Subsystems] Discovering subsystems at path C:/Program Files/Unity/Hub/Editor/6000.5.6f1/Editor/Data/Resources/UnitySubsystems
[Subsystems] Discovering subsystems at path C:/Users/NMAdmin/Downloads/Codex/paper_io_multi_clone/Assets
Forcing GfxDevice: Null
GfxDevice: creating device client; kGfxThreadingModeNonThreaded
NullGfxDevice:
    Version:  NULL 1.0 [1.0]
    Renderer: Null Device
    Vendor:   Unity Technologies
Initialize mono
Mono path[0] = 'C:/Program Files/Unity/Hub/Editor/6000.5.6f1/Editor/Data/Managed'
Mono path[1] = 'C:/Program Files/Unity/Hub/Editor/6000.5.6f1/Editor/Data/BCLExtensions/runtime/netstandard2.1'
Mono path[2] = 'C:/Program Files/Unity/Hub/Editor/6000.5.6f1/Editor/Data/MonoBleedingEdge/lib/mono/unityjit-win32'
Mono config path = 'C:/Program Files/Unity/Hub/Editor/6000.5.6f1/Editor/Data/MonoBleedingEdge/etc'
Using monoOptions --debugger-agent=transport=dt_socket,embedding=1,server=y,suspend=n,address=127.0.0.1:56608
CodeReloadManager initialized
ImportWorker Server TCP listen port: 0
AcceleratorClientConnectionCallback - disconnected - :0
Begin MonoManager ReloadAssembly
Registering precompiled unity dll's ...
Register platform support module: C:/Program Files/Unity/Hub/Editor/6000.5.6f1/Editor/Data/PlaybackEngines/WindowsStandaloneSupport/UnityEditor.WindowsStandalone.Extensions.dll
[Licensing::Client] Successfully resolved entitlement details
Register platform support module: C:/Program Files/Unity/Hub/Editor/6000.5.6f1/Editor/Data/PlaybackEngines/AndroidPlayer/UnityEditor.Android.Extensions.dll
Registered in 0.014166 seconds.
Native extension for Android target not found
Native extension for WindowsStandalone target not found
Package Manager log level set to [2]
ScheduleIndexationOnStartup MainProcess:False IndexOnStartup:False
Mono: successfully reloaded assembly
- Finished resetting the current domain, in  0.553 seconds
Domain Reload Profiling: 1333ms
	BeginReloadAssembly (189ms)
		CreateAndSetChildDomain (3ms)
	RebuildCommonClasses (8ms)
	RebuildNativeTypeToScriptingClass (27ms)
	initialDomainReloadingComplete (122ms)
	LoadAllAssembliesAndSetupDomain (431ms)
		LoadAssemblies (182ms)
		AnalyzeDomain (322ms)
			TypeCache.Refresh (319ms)
				TypeCache.ScanAssembly (298ms)
	FinalizeReload (556ms)
		SetupLoadedEditorAssemblies (0ms)
			InitializePlatformSupportModulesInManaged (13ms)
			BeforeProcessingInitializeOnLoad (121ms)
			ProcessInitializeOnLoadAttributes (126ms)
			ProcessInitializeOnLoadMethodAttributes (189ms)
[Licensing::Client] Successfully resolved entitlement details
Application.AssetDatabase Initial Refresh Start
[Package Manager] Restoring resolved packages state from cache
[Licensing::Client] Successfully resolved entitlement details
[Package Manager] Registered 29 packages:
  Packages from [https://packages.unity.com]:
    com.unity.netcode.gameobjects@2.13.2 (location: C:\Users\NMAdmin\Downloads\Codex\paper_io_multi_clone\Library\PackageCache\com.unity.netcode.gameobjects@cfd429cc91ec)
    com.unity.services.multiplayer@2.3.2 (location: C:\Users\NMAdmin\Downloads\Codex\paper_io_multi_clone\Library\PackageCache\com.unity.services.multiplayer@132669572546)
    com.unity.services.qos@1.4.1 (location: C:\Users\NMAdmin\Downloads\Codex\paper_io_multi_clone\Library\PackageCache\com.unity.services.qos@03d4b52d4980)
    com.unity.services.core@1.18.0 (location: C:\Users\NMAdmin\Downloads\Codex\paper_io_multi_clone\Library\PackageCache\com.unity.services.core@3464cb68d709)
    com.unity.services.wire@1.5.1 (location: C:\Users\NMAdmin\Downloads\Codex\paper_io_multi_clone\Library\PackageCache\com.unity.services.wire@af86088a4eac)
    com.unity.services.deployment@1.7.2 (location: C:\Users\NMAdmin\Downloads\Codex\paper_io_multi_clone\Library\PackageCache\com.unity.services.deployment@c07c64f9804b)
    com.unity.nuget.newtonsoft-json@3.2.2 (location: C:\Users\NMAdmin\Downloads\Codex\paper_io_multi_clone\Library\PackageCache\com.unity.nuget.newtonsoft-json@4dfd81071c64)
    com.unity.services.authentication@3.7.3 (location: C:\Users\NMAdmin\Downloads\Codex\paper_io_multi_clone\Library\PackageCache\com.unity.services.authentication@4e591ebe4d6b)
    com.unity.nuget.mono-cecil@1.11.6 (location: C:\Users\NMAdmin\Downloads\Codex\paper_io_multi_clone\Library\PackageCache\com.unity.nuget.mono-cecil@ecb9724e46ff)
    com.unity.services.deployment.api@1.1.3 (location: C:\Users\NMAdmin\Downloads\Codex\paper_io_multi_clone\Library\PackageCache\com.unity.services.deployment.api@9becf6da0f1a)
    com.unity.burst@1.8.29 (location: C:\Users\NMAdmin\Downloads\Codex\paper_io_multi_clone\Library\PackageCache\com.unity.burst@6bb9aca3ef38)
    com.unity.test-framework.performance@3.5.0 (location: C:\Users\NMAdmin\Downloads\Codex\paper_io_multi_clone\Library\PackageCache\com.unity.test-framework.performance@8b56083ec0f0)
  Built-in packages:
    com.unity.modules.audio@1.0.0 (location: C:\Users\NMAdmin\Downloads\Codex\paper_io_multi_clone\Library\PackageCache\com.unity.modules.audio)
    com.unity.modules.imgui@1.0.0 (location: C:\Users\NMAdmin\Downloads\Codex\paper_io_multi_clone\Library\PackageCache\com.unity.modules.imgui)
    com.unity.modules.jsonserialize@1.0.0 (location: C:\Users\NMAdmin\Downloads\Codex\paper_io_multi_clone\Library\PackageCache\com.unity.modules.jsonserialize)
    com.unity.modules.physics@1.0.0 (location: C:\Users\NMAdmin\Downloads\Codex\paper_io_multi_clone\Library\PackageCache\com.unity.modules.physics)
    com.unity.modules.screencapture@1.0.0 (location: C:\Users\NMAdmin\Downloads\Codex\paper_io_multi_clone\Library\PackageCache\com.unity.modules.screencapture)
    com.unity.modules.imageconversion@1.0.0 (location: C:\Users\NMAdmin\Downloads\Codex\paper_io_multi_clone\Library\PackageCache\com.unity.modules.imageconversion)
    com.unity.transport@6.5.0 (location: C:\Users\NMAdmin\Downloads\Codex\paper_io_multi_clone\Library\PackageCache\com.unity.transport@0c07c94c2861)
    com.unity.collections@6.5.0 (location: C:\Users\NMAdmin\Downloads\Codex\paper_io_multi_clone\Library\PackageCache\com.unity.collections@a43cabe808ca)
    com.unity.modules.unitywebrequest@1.0.0 (location: C:\Users\NMAdmin\Downloads\Codex\paper_io_multi_clone\Library\PackageCache\com.unity.modules.unitywebrequest)
    com.unity.ugui@2.5.0 (location: C:\Users\NMAdmin\Downloads\Codex\paper_io_multi_clone\Library\PackageCache\com.unity.ugui@67707a67a4ab)
    com.unity.modules.androidjni@1.0.0 (location: C:\Users\NMAdmin\Downloads\Codex\paper_io_multi_clone\Library\PackageCache\com.unity.modules.androidjni)
    com.unity.test-framework@1.7.0 (location: C:\Users\NMAdmin\Downloads\Codex\paper_io_multi_clone\Library\PackageCache\com.unity.test-framework@1405238725ab)
    com.unity.mathematics@1.4.0 (location: C:\Users\NMAdmin\Downloads\Codex\paper_io_multi_clone\Library\PackageCache\com.unity.mathematics@981956d94fb6)
    com.unity.modules.ui@1.0.0 (location: C:\Users\NMAdmin\Downloads\Codex\paper_io_multi_clone\Library\PackageCache\com.unity.modules.ui)
    com.unity.modules.physics2d@1.0.0 (location: C:\Users\NMAdmin\Downloads\Codex\paper_io_multi_clone\Library\PackageCache\com.unity.modules.physics2d)
    com.unity.ext.nunit@2.1.0 (location: C:\Users\NMAdmin\Downloads\Codex\paper_io_multi_clone\Library\PackageCache\com.unity.ext.nunit@44f7d31723bd)
    com.unity.modules.physicscore2d@1.0.0 (location: C:\Users\NMAdmin\Downloads\Codex\paper_io_multi_clone\Library\PackageCache\com.unity.modules.physicscore2d)
[Subsystems] No new subsystems found in resolved package list.
[Package Manager] Done registering packages in 0.02 seconds
[ScriptCompilation] Requested script compilation because: InitialRefresh: Force Refresh Recompile flag enabled
Starting: C:\Program Files\Unity\Hub\Editor\6000.5.6f1\Editor\Data\Tools\BuildPipeline\bee_backend.exe --ipc --defer-dag-verification --dagfile="Library/Bee/1900b0aE.dag" --continue-on-failure --profile="Library/Bee/backend1.traceevents" ScriptAssemblies
WorkingDir: C:/Users/NMAdmin/Downloads/Codex/paper_io_multi_clone
DisplayProgressbar: Compiling Scripts
ExitCode: 0 Duration: 3s308ms
[443/769    0s] WriteResponseFile Library/Bee/artifacts/rsp/4747638433968585886.rsp
[455/769    0s] CopyFiles Library/ScriptAssemblies/UnityEngine.TestRunner.pdb
[457/769    0s] CopyFiles Library/ScriptAssemblies/UnityEngine.TestRunner.dll
[462/769    0s] CopyFiles Library/ScriptAssemblies/UnityEditor.TestRunner.pdb
[464/769    0s] CopyFiles Library/ScriptAssemblies/UnityEditor.TestRunner.dll
[561/769    0s] CopyFiles Library/ScriptAssemblies/Unity.Burst.CodeGen.dll
[569/769    0s] CopyFiles Library/ScriptAssemblies/Unity.Burst.CodeGen.pdb
[575/769    0s] CopyFiles Library/ScriptAssemblies/Unity.Collections.CodeGen.dll
[577/769    0s] CopyFiles Library/ScriptAssemblies/Unity.Collections.CodeGen.pdb
[599/769    0s] CopyFiles Library/ScriptAssemblies/Unity.Netcode.Editor.CodeGen.pdb
[601/769    0s] CopyFiles Library/ScriptAssemblies/Unity.Netcode.Editor.CodeGen.dll
[611/769    0s] ILPP-Configuration Library/ilpp-configuration.nevergeneratedoutput
[656/769    0s] CopyFiles Library/ScriptAssemblies/Unity.Services.Core.Telemetry.dll
[663/769    0s] CopyFiles Library/ScriptAssemblies/Unity.Services.Core.Registration.dll
[665/769    0s] CopyFiles Library/ScriptAssemblies/Unity.Networking.Transport.dll
[666/769    0s] CopyFiles Library/ScriptAssemblies/Unity.Services.Core.Configuration.dll
[667/769    0s] CopyFiles Library/ScriptAssemblies/Assembly-CSharp.dll
[668/769    0s] CopyFiles Library/ScriptAssemblies/Unity.Netcode.Runtime.dll
[669/769    0s] CopyFiles Library/ScriptAssemblies/Unity.Services.Core.Environments.Internal.dll
[670/769    0s] CopyFiles Library/ScriptAssemblies/Unity.Services.QoS.dll
[671/769    0s] CopyFiles Library/ScriptAssemblies/Unity.InternalAPIEngineBridge.004.dll
[672/769    0s] CopyFiles Library/ScriptAssemblies/Unity.Services.Core.dll
[673/769    0s] CopyFiles Library/ScriptAssemblies/Unity.Mathematics.dll
[674/769    0s] CopyFiles Library/ScriptAssemblies/Unity.Services.Wire.Internal.dll
[675/769    0s] CopyFiles Library/ScriptAssemblies/Unity.Services.Core.Networking.dll
[676/769    0s] CopyFiles Library/ScriptAssemblies/UnityEngine.UI.dll
[677/769    0s] CopyFiles Library/ScriptAssemblies/Unity.Services.Core.Threading.dll
[678/769    0s] CopyFiles Library/ScriptAssemblies/Unity.Services.Multiplayer.dll
[679/769    0s] CopyFiles Library/ScriptAssemblies/Unity.Services.Authentication.dll
[680/769    0s] CopyFiles Library/ScriptAssemblies/Unity.Services.Core.Components.dll
[681/769    0s] CopyFiles Library/ScriptAssemblies/unity-websocket-sharp.dll
[682/769    0s] CopyFiles Library/ScriptAssemblies/Unity.Services.Core.Analytics.dll
[683/769    0s] CopyFiles Library/ScriptAssemblies/Unity.Services.Deployment.Core.dll
[684/769    0s] CopyFiles Library/ScriptAssemblies/Unity.Burst.dll
[685/769    0s] CopyFiles Library/ScriptAssemblies/Unity.Services.Core.Scheduler.dll
[686/769    0s] CopyFiles Library/ScriptAssemblies/Unity.Services.Authentication.Editor.dll
[687/769    0s] CopyFiles Library/ScriptAssemblies/Unity.Collections.dll
[688/769    0s] CopyFiles Library/ScriptAssemblies/Unity.Netcode.PackageChecker.Editor.pdb
[689/769    0s] CopyFiles Library/ScriptAssemblies/Unity.PerformanceTesting.dll
[690/769    0s] CopyFiles Library/ScriptAssemblies/Unity.Netcode.PackageChecker.Editor.dll
[691/769    0s] CopyFiles Library/ScriptAssemblies/Unity.TextMeshPro.dll
[692/769    0s] CopyFiles Library/ScriptAssemblies/Unity.Collections.Editor.dll
[693/769    0s] CopyFiles Library/ScriptAssemblies/Unity.Collections.Editor.pdb
[694/769    0s] CopyFiles Library/ScriptAssemblies/Unity.TextMeshPro.Editor.dll
[695/769    0s] CopyFiles Library/ScriptAssemblies/Unity.Services.Multiplayer.Editor.Shared.dll
[696/769    0s] CopyFiles Library/ScriptAssemblies/Unity.Burst.pdb
[697/769    0s] CopyFiles Library/ScriptAssemblies/Unity.Services.Multiplayer.Editor.Shared.pdb
[698/769    0s] CopyFiles Library/ScriptAssemblies/Unity.TextMeshPro.Editor.pdb
[699/769    0s] CopyFiles Library/ScriptAssemblies/Unity.Services.Core.Environments.dll
[700/769    0s] CopyFiles Library/ScriptAssemblies/Unity.Services.Multiplayer.Editor.Matchmaker.Authoring.Core.pdb
[701/769    0s] CopyFiles Library/ScriptAssemblies/Unity.Services.Multiplayer.Editor.Matchmaker.Authoring.Core.dll
[702/769    0s] CopyFiles Library/ScriptAssemblies/Unity.Services.Authentication.PlayerAccounts.dll
[703/769    0s] CopyFiles Library/ScriptAssemblies/UnityEditor.UI.Analytics.pdb
[704/769    0s] CopyFiles Library/ScriptAssemblies/UnityEditor.UI.Analytics.dll
[705/769    0s] CopyFiles Library/ScriptAssemblies/Unity.Services.Authentication.Editor.pdb
[706/769    0s] CopyFiles Library/ScriptAssemblies/Unity.Netcode.Editor.pdb
[707/769    0s] CopyFiles Library/ScriptAssemblies/Unity.Services.Authentication.PlayerAccounts.Editor.pdb
[708/769    0s] CopyFiles Library/ScriptAssemblies/Unity.Services.Core.Device.dll
[709/769    0s] CopyFiles Library/ScriptAssemblies/Unity.Services.Authentication.PlayerAccounts.Editor.dll
[710/769    0s] CopyFiles Library/ScriptAssemblies/Unity.Netcode.Editor.dll
[711/769    0s] CopyFiles Library/ScriptAssemblies/Unity.Services.Core.Device.pdb
[712/769    0s] CopyFiles Library/ScriptAssemblies/Unity.Services.Multiplayer.Editor.Matchmaker.Authoring.dll
[713/769    0s] CopyFiles Library/ScriptAssemblies/Unity.Services.Deployment.Core.pdb
[714/769    0s] CopyFiles Library/ScriptAssemblies/Unity.Services.Deployment.Editor.Shared.dll
[715/769    0s] CopyFiles Library/ScriptAssemblies/Unity.Services.Multiplayer.Editor.Matchmaker.Authoring.pdb
[716/769    0s] CopyFiles Library/ScriptAssemblies/Unity.Services.Core.Internal.dll
[717/769    0s] CopyFiles Library/ScriptAssemblies/Unity.Services.Deployment.Editor.Shared.pdb
[718/769    0s] CopyFiles Library/ScriptAssemblies/Unity.PerformanceTesting.Editor.pdb
[719/769    0s] CopyFiles Library/ScriptAssemblies/Unity.Services.Core.Telemetry.pdb
[720/769    0s] CopyFiles Library/ScriptAssemblies/Unity.Services.DeploymentApi.dll
[721/769    0s] CopyFiles Library/ScriptAssemblies/Unity.PerformanceTesting.Editor.dll
[722/769    0s] CopyFiles Library/ScriptAssemblies/Unity.Services.Core.Environments.Editor.pdb
[723/769    0s] CopyFiles Library/ScriptAssemblies/Unity.Services.Core.Configuration.pdb
[724/769    0s] CopyFiles Library/ScriptAssemblies/Unity.Services.Core.Environments.Editor.dll
[725/769    0s] CopyFiles Library/ScriptAssemblies/Unity.Networking.Editor.pdb
[726/769    0s] CopyFiles Library/ScriptAssemblies/Unity.Services.Deployment.dll
[727/769    0s] CopyFiles Library/ScriptAssemblies/Unity.Services.Core.Editor.dll
[728/769    0s] CopyFiles Library/ScriptAssemblies/Unity.Services.Core.Editor.pdb
[729/769    0s] CopyFiles Library/ScriptAssemblies/Unity.Burst.Editor.dll
[730/769    0s] CopyFiles Library/ScriptAssemblies/Unity.Services.Core.Configuration.Editor.pdb
[731/769    0s] CopyFiles Library/ScriptAssemblies/Unity.Services.Multiplayer.Editor.pdb
[732/769    0s] CopyFiles Library/ScriptAssemblies/Unity.Services.Core.Configuration.Editor.dll
[733/769    0s] CopyFiles Library/ScriptAssemblies/Unity.Services.Multiplayer.Editor.dll
[734/769    0s] CopyFiles Library/ScriptAssemblies/Unity.Services.Deployment.pdb
[735/769    0s] CopyFiles Library/ScriptAssemblies/Unity.Services.Core.Analytics.pdb
[736/769    0s] CopyFiles Library/ScriptAssemblies/Unity.Services.Core.Environments.Internal.pdb
[737/769    0s] CopyFiles Library/ScriptAssemblies/Unity.Services.DeploymentApi.pdb
[738/769    0s] CopyFiles Library/ScriptAssemblies/UnityEditor.UI.dll
[739/769    0s] CopyFiles Library/ScriptAssemblies/UnityEditor.UI.pdb
[740/769    0s] CopyFiles Library/ScriptAssemblies/Unity.Netcode.Runtime.pdb
[741/769    0s] CopyFiles Library/ScriptAssemblies/Unity.Collections.pdb
[742/769    0s] CopyFiles Library/ScriptAssemblies/Unity.Services.Core.pdb
[743/769    0s] CopyFiles Library/ScriptAssemblies/Unity.Services.Core.Scheduler.pdb
[744/769    0s] CopyFiles Library/ScriptAssemblies/UnityEngine.UI.pdb
[745/769    0s] CopyFiles Library/ScriptAssemblies/Unity.InternalAPIEngineBridge.004.pdb
[746/769    0s] CopyFiles Library/ScriptAssemblies/Unity.Services.Core.Networking.pdb
[747/769    0s] CopyFiles Library/ScriptAssemblies/Unity.Services.Authentication.pdb
[748/769    0s] CopyFiles Library/ScriptAssemblies/Unity.Services.QoS.pdb
[749/769    0s] CopyFiles Library/ScriptAssemblies/Unity.Networking.Transport.pdb
[750/769    0s] CopyFiles Library/ScriptAssemblies/Unity.Services.Authentication.PlayerAccounts.pdb
[751/769    0s] CopyFiles Library/ScriptAssemblies/Unity.Mathematics.pdb
[752/769    0s] CopyFiles Library/ScriptAssemblies/Unity.Services.Multiplayer.pdb
[753/769    0s] CopyFiles Library/ScriptAssemblies/Unity.Services.Core.Components.pdb
[754/769    0s] CopyFiles Library/ScriptAssemblies/Unity.Services.Core.Registration.pdb
[755/769    0s] CopyFiles Library/ScriptAssemblies/Unity.Services.Wire.Internal.pdb
[756/769    0s] CopyFiles Library/ScriptAssemblies/Unity.Services.Core.Environments.pdb
[757/769    0s] CopyFiles Library/ScriptAssemblies/Unity.PerformanceTesting.pdb
[758/769    0s] CopyFiles Library/ScriptAssemblies/Unity.Services.Core.Threading.pdb
[759/769    0s] CopyFiles Library/ScriptAssemblies/Assembly-CSharp.pdb
[760/769    0s] CopyFiles Library/ScriptAssemblies/Unity.Services.Core.Internal.pdb
[761/769    0s] CopyFiles Library/ScriptAssemblies/unity-websocket-sharp.pdb
[762/769    0s] CopyFiles Library/ScriptAssemblies/Unity.TextMeshPro.pdb
[763/769    0s] CopyFiles Library/ScriptAssemblies/Unity.Burst.Editor.pdb
[764/769    0s] CopyFiles Library/ScriptAssemblies/Unity.Networking.Editor.dll
[765/769    2s] Csc Library/Bee/artifacts/1900b0aE.dag/Assembly-CSharp-Editor.dll (+2 others)
[766/769    0s] ILPostProcess Library/Bee/artifacts/1900b0aE.dag/post-processed/Assembly-CSharp-Editor.dll (+pdb)
Processing assembly Library/Bee/artifacts/1900b0aE.dag/Assembly-CSharp-Editor.dll, with 139 defines and 323 references

processors: Unity.Jobs.CodeGen.JobsILPostProcessor, Unity.Netcode.Editor.CodeGen.INetworkMessageILPP, Unity.Netcode.Editor.CodeGen.INetworkSerializableILPP, Unity.Netcode.Editor.CodeGen.NetworkBehaviourILPP, Unity.Netcode.Editor.CodeGen.RuntimeAccessModifiersILPP, zzzUnity.Burst.CodeGen.BurstILPostProcessor

running Unity.Jobs.CodeGen.JobsILPostProcessor

running Unity.Netcode.Editor.CodeGen.INetworkMessageILPP

running Unity.Netcode.Editor.CodeGen.INetworkSerializableILPP

running Unity.Netcode.Editor.CodeGen.NetworkBehaviourILPP

running Unity.Netcode.Editor.CodeGen.RuntimeAccessModifiersILPP

running zzzUnity.Burst.CodeGen.BurstILPostProcessor
[767/769    0s] CopyFiles Library/ScriptAssemblies/Assembly-CSharp-Editor.dll
[768/769    0s] CopyFiles Library/ScriptAssemblies/Assembly-CSharp-Editor.pdb
*** Tundra build success (3.26 seconds), 118 items updated, 769 evaluated
Total cache size 198475917
Total cache size after purge 198475917, took 00:00:00.5659310
AssetDatabase: script compilation time: 6.395513s
Begin MonoManager ReloadAssembly
Native extension for Android target not found
Native extension for WindowsStandalone target not found
ScheduleIndexationOnStartup MainProcess:True IndexOnStartup:True
Mono: successfully reloaded assembly
- Finished resetting the current domain, in  3.054 seconds
Domain Reload Profiling: 4251ms
	BeginReloadAssembly (317ms)
		DisableScriptedObjects (36ms)
		CreateAndSetChildDomain (65ms)
	RebuildCommonClasses (11ms)
	RebuildNativeTypeToScriptingClass (22ms)
	initialDomainReloadingComplete (105ms)
	LoadAllAssembliesAndSetupDomain (740ms)
		LoadAssemblies (564ms)
		AnalyzeDomain (180ms)
			TypeCache.Refresh (128ms)
				TypeCache.ScanAssembly (111ms)
			BuildScriptInfoCaches (48ms)
	FinalizeReload (3056ms)
		SetupLoadedEditorAssemblies (0ms)
			InitializePlatformSupportModulesInManaged (10ms)
			BeforeProcessingInitializeOnLoad (113ms)
			ProcessInitializeOnLoadAttributes (2124ms)
			ProcessInitializeOnLoadMethodAttributes (436ms)
			AfterProcessingInitializeOnLoad (17ms)
			EditorAssembliesLoaded (3ms)
		AwakeInstancesAfterBackupRestoration (80ms)
Starting new worker id: 0 with log in C:/Users/NMAdmin/Downloads/Codex/paper_io_multi_clone/Logs/AssetImportWorkerHW0.log

Asset Pipeline Refresh (id=24541dcc6526b7b488aad6029376316c): Total: 11.330 seconds - Initiated by InitialRefreshV2(ForceSynchronousImport)
	(Values over 0.05ms)
	Summary:
		Imports: total=88 (actual=0, local cache=88, cache server=0)
		Asset DB Process Time: managed=0 ms, native=3477 ms
		Asset DB Callback time: managed=88 ms, native=17 ms
		Scripting: domain reloads=1, domain reload time=1279 ms, compile time=6399 ms, other=67 ms
		Project Asset Count: scripts=733, non-scripts=288
		Asset File Changes: new=0, changed=0, moved=0, deleted=0
		Scan Filter Count: 0
	InvokePackagesCallback: 20.770ms
	ApplyChangesToAssetFolders: 0.572ms
	Scan: 157.722ms
	Collect global state as custom dependencies: 13.620ms
	CategorizeScriptCompilationAssets: 20.812ms
	ProcessAssetsWithTransientArtifactChanges: 46.976ms
	CategorizeAssets: 11.325ms
	CompileScripts: 6398.949ms
	ImportOutOfDateAssets: 3088.564ms (3069.812ms without children)
		UnloadImportedAssets: 2.412ms
		EnsureUptoDateAssetsAreRegisteredWithGuidPM: 0.319ms
		ImportSchedulerStart: 16.013ms
	PostProcessAllAssets: 89.074ms
		MonoPostProcessAllAssets: 88.959ms
			WindowAssetPostprocessingWatcher.OnPostprocessAllAssets 18.441ms
			AssetPostprocessorProxy.OnPostprocessAllAssets 16.322ms
			SyncVS.PostprocessSyncProject 4.568ms
			TerrainToolbarOverlayPostProcessor.OnPostprocessAllAssets 3.397ms
			EditModeScopePostprocessor.OnPostprocessAllAssets 1.886ms
			SpeedTree9Postprocessor.OnPostprocessAllAssets 0.918ms
			ReferencedClipsPostProcessor.OnPostprocessAllAssets 0.441ms
			AssetDatabaseCallbacks.OnPostprocessAllAssets 0.317ms
			RenderPipelineGlobalSettingsPostprocessor.OnPostprocessAllAssets 0.102ms
	UnloadStreamsBegin: 2.354ms
	PersistCurrentRevisions: 0.300ms
	GenerateScriptTypeHashes: 1.406ms
	GenerateScriptTypeSerializationHashes: 2.712ms
	Untracked: 1472.671ms

Application.AssetDatabase Initial Refresh End
Scanning for USB devices : 5.453ms
Initializing Unity extensions:
[MODES] ModeService[none].Initialize
[MODES] ModeService[none].LoadModes
[MODES] Loading mode Default (0) for mode-current-id-PaperTrails
Worker ready: AssetImportWorkerHW0 0
Unloading 6 Unused Serialized files (Serialized files now loaded: 0)
Unloading 3216 unused Assets / (3.0 MB). Loaded Objects now: 3835.
Memory consumption went from 296.7 MB to 293.7 MB.
Total: 10.482600 ms (FindLiveObjects: 0.582800 ms CreateObjectMapping: 1.174200 ms MarkObjects: 6.788300 ms  DeleteObjects: 1.929000 ms)

Unloading 1 Unused Serialized files (Serialized files now loaded: 0)
Unloading 0 unused Assets / (20.7 KB). Loaded Objects now: 3837.
Memory consumption went from 286.9 MB to 286.9 MB.
Total: 8.873300 ms (FindLiveObjects: 0.303100 ms CreateObjectMapping: 0.490000 ms MarkObjects: 8.051200 ms  DeleteObjects: 0.027400 ms)

Importing 'GUID: 07ab82c0341d32944bd53a87d323449f - Path: Assets/PaperTrails/Scenes/PaperTrails.unity' with importer (DefaultImporter)
Imported 'GUID: 07ab82c0341d32944bd53a87d323449f' -> (Import Result ID: '7f8bb626c56b051413d98dcc8ea5a910') in 0.007 seconds [static dependencies only]. Details - ImportResultOutputID=a08b31c3e58561ebe93d624d75674bb7 DependenciesID=5b58d1c3fc2c82cbe34fd7cfca4dcbd1 StaticDependenciesID=525b6aaccea62a2306ade6720513d4cb 
Refreshing native plugins compatible for Editor in 2.28 ms, found 0 plugins.
Asset Pipeline Refresh (id=0ab9c67214a41e94a8a442a821f8151a): Total: 0.108 seconds - Initiated by StopAssetImportingV2(NoUpdateAssetOptions)
Importing 'GUID: 00000000000000004000000000000000 - Path: ProjectSettings/ProjectSettings.asset' with importer (LibraryAssetImporter)
Imported 'GUID: 00000000000000004000000000000000' -> (Import Result ID: '1fc2b04bfb6dba3cb60c1e98bf3272e8') in 0.002 seconds [static dependencies only]. Details - ImportResultOutputID=276a810dac73e1f29404d5e5f692e214 DependenciesID=b5b74bdb028cd9902436d5834bdabe05 StaticDependenciesID=050e110637cdf5e3edb49b04a6567dea 
Refreshing native plugins compatible for Editor in 2.73 ms, found 0 plugins.
Asset Pipeline Refresh (id=cd39bdf0e0ffb8a4d8895a3234e9a31a): Total: 0.035 seconds - Initiated by StopAssetImportingV2(NoUpdateAssetOptions)
[ServicesCore]: To use Unity's dashboard services, you need to link your Unity project to a project ID. To do this, go to Project Settings to select your organization, select your project and then link a project ID. You also need to make sure your organization has access to the required products. Visit https://dashboard.unity3d.com to sign up.
UnityEngine.Debug:ExtractStackTraceNoAlloc (byte*,int,string)
UnityEngine.StackTraceUtility:ExtractStackTrace ()
UnityEngine.DebugLogHandler:Internal_Log (UnityEngine.LogType,UnityEngine.LogOption,string,UnityEngine.Object)
UnityEngine.DebugLogHandler:LogFormat (UnityEngine.LogType,UnityEngine.Object,string,object[])
UnityEngine.Logger:LogWarning (string,object)
Unity.Services.Core.Internal.CoreLogger:LogWarning (object) (at ./Library/PackageCache/com.unity.services.core@3464cb68d709/Runtime/Core.Internal/Logging/CoreLogger.cs:15)
Unity.Services.Core.Editor.ProjectUnlinkBuildWarning:OnPreprocessBuild (UnityEditor.Build.Reporting.BuildReport) (at ./Library/PackageCache/com.unity.services.core@3464cb68d709/Editor/Core/Build/ProjectUnlinkBuildWarning.cs:29)
UnityEditor.Build.BuildPipelineInterfaces/<>c__DisplayClass17_0:<OnBuildPreProcess>b__1 (UnityEditor.Build.IPreprocessBuildWithReport)
UnityEditor.Build.BuildPipelineInterfaces:InvokeCallbackInterfacesPair<UnityEditor.Build.IPreprocessBuild, UnityEditor.Build.IPreprocessBuildWithReport> (System.Collections.Generic.List`1<UnityEditor.Build.IPreprocessBuild>,System.Action`1<UnityEditor.Build.IPreprocessBuild>,System.Collections.Generic.List`1<UnityEditor.Build.IPreprocessBuildWithReport>,System.Action`1<UnityEditor.Build.IPreprocessBuildWithReport>,bool)
UnityEditor.Build.BuildPipelineInterfaces:OnBuildPreProcess (UnityEditor.Build.Reporting.BuildReport)
UnityEditor.BuildPipeline:BuildPlayerInternal (string[],string,string,UnityEditor.BuildTargetGroup,UnityEditor.BuildTarget,int,UnityEditor.BuildOptions,string[],string[],bool)
UnityEditor.BuildPipeline:BuildPlayer (UnityEditor.BuildPlayerOptions)
PaperTrails.Editor.ProjectBuilder:Build (string,UnityEditor.BuildTarget) (at Assets/PaperTrails/Editor/ProjectBuilder.cs:50)
PaperTrails.Editor.ProjectBuilder:Windows () (at Assets/PaperTrails/Editor/ProjectBuilder.cs:44)

(Filename: ./Library/PackageCache/com.unity.services.core@3464cb68d709/Editor/Core/Build/ProjectUnlinkBuildWarning.cs Line: 29)

Importing 'GUID: c297b9902ae743a449f8d6ee3daa2113 - Path: Assets/Resources' with importer (DefaultImporter)
Imported 'GUID: c297b9902ae743a449f8d6ee3daa2113' -> (Import Result ID: 'a7feb1f1a9d13ce5a8eb4d9e433daa2e') in 0.011 seconds [static dependencies only]. Details - ImportResultOutputID=c543c469d5948d6cb1ad138534053ebb DependenciesID=81b10233655d8bc1338ef6ab4caeb444 StaticDependenciesID=231027e11fba68cc605a1d77d5899cba 
Refreshing native plugins compatible for Editor in 2.57 ms, found 0 plugins.
Asset Pipeline Refresh (id=595f537f1912260479df43d9c877d4fd): Total: 0.051 seconds - Initiated by StopAssetImportingV2(NoUpdateAssetOptions)
[TestRunBuilder] Creating new file 'Assets/Resources/PerformanceTestRunInfo.json' (1838 bytes)
UnityEngine.Debug:ExtractStackTraceNoAlloc (byte*,int,string)
UnityEngine.StackTraceUtility:ExtractStackTrace ()
UnityEngine.DebugLogHandler:Internal_Log (UnityEngine.LogType,UnityEngine.LogOption,string,UnityEngine.Object)
UnityEngine.DebugLogHandler:LogFormat (UnityEngine.LogType,UnityEngine.Object,string,object[])
UnityEngine.Logger:Log (UnityEngine.LogType,object)
UnityEngine.Debug:Log (object)
Unity.PerformanceTesting.Editor.TestRunBuilder:SaveToStorage (object,string) (at ./Library/PackageCache/com.unity.test-framework.performance@8b56083ec0f0/Editor/TestRunBuilder.cs:242)
Unity.PerformanceTesting.Editor.TestRunBuilder:OnPreprocessBuild (UnityEditor.Build.Reporting.BuildReport) (at ./Library/PackageCache/com.unity.test-framework.performance@8b56083ec0f0/Editor/TestRunBuilder.cs:35)
UnityEditor.Build.BuildPipelineInterfaces/<>c__DisplayClass17_0:<OnBuildPreProcess>b__1 (UnityEditor.Build.IPreprocessBuildWithReport)
UnityEditor.Build.BuildPipelineInterfaces:InvokeCallbackInterfacesPair<UnityEditor.Build.IPreprocessBuild, UnityEditor.Build.IPreprocessBuildWithReport> (System.Collections.Generic.List`1<UnityEditor.Build.IPreprocessBuild>,System.Action`1<UnityEditor.Build.IPreprocessBuild>,System.Collections.Generic.List`1<UnityEditor.Build.IPreprocessBuildWithReport>,System.Action`1<UnityEditor.Build.IPreprocessBuildWithReport>,bool)
UnityEditor.Build.BuildPipelineInterfaces:OnBuildPreProcess (UnityEditor.Build.Reporting.BuildReport)
UnityEditor.BuildPipeline:BuildPlayerInternal (string[],string,string,UnityEditor.BuildTargetGroup,UnityEditor.BuildTarget,int,UnityEditor.BuildOptions,string[],string[],bool)
UnityEditor.BuildPipeline:BuildPlayer (UnityEditor.BuildPlayerOptions)
PaperTrails.Editor.ProjectBuilder:Build (string,UnityEditor.BuildTarget) (at Assets/PaperTrails/Editor/ProjectBuilder.cs:50)
PaperTrails.Editor.ProjectBuilder:Windows () (at Assets/PaperTrails/Editor/ProjectBuilder.cs:44)

(Filename: ./Library/PackageCache/com.unity.test-framework.performance@8b56083ec0f0/Editor/TestRunBuilder.cs Line: 242)

[TestRunBuilder] Creating new file 'Assets/Resources/PerformanceTestRunSettings.json' (23 bytes)
UnityEngine.Debug:ExtractStackTraceNoAlloc (byte*,int,string)
UnityEngine.StackTraceUtility:ExtractStackTrace ()
UnityEngine.DebugLogHandler:Internal_Log (UnityEngine.LogType,UnityEngine.LogOption,string,UnityEngine.Object)
UnityEngine.DebugLogHandler:LogFormat (UnityEngine.LogType,UnityEngine.Object,string,object[])
UnityEngine.Logger:Log (UnityEngine.LogType,object)
UnityEngine.Debug:Log (object)
Unity.PerformanceTesting.Editor.TestRunBuilder:SaveToStorage (object,string) (at ./Library/PackageCache/com.unity.test-framework.performance@8b56083ec0f0/Editor/TestRunBuilder.cs:242)
Unity.PerformanceTesting.Editor.TestRunBuilder:OnPreprocessBuild (UnityEditor.Build.Reporting.BuildReport) (at ./Library/PackageCache/com.unity.test-framework.performance@8b56083ec0f0/Editor/TestRunBuilder.cs:38)
UnityEditor.Build.BuildPipelineInterfaces/<>c__DisplayClass17_0:<OnBuildPreProcess>b__1 (UnityEditor.Build.IPreprocessBuildWithReport)
UnityEditor.Build.BuildPipelineInterfaces:InvokeCallbackInterfacesPair<UnityEditor.Build.IPreprocessBuild, UnityEditor.Build.IPreprocessBuildWithReport> (System.Collections.Generic.List`1<UnityEditor.Build.IPreprocessBuild>,System.Action`1<UnityEditor.Build.IPreprocessBuild>,System.Collections.Generic.List`1<UnityEditor.Build.IPreprocessBuildWithReport>,System.Action`1<UnityEditor.Build.IPreprocessBuildWithReport>,bool)
UnityEditor.Build.BuildPipelineInterfaces:OnBuildPreProcess (UnityEditor.Build.Reporting.BuildReport)
UnityEditor.BuildPipeline:BuildPlayerInternal (string[],string,string,UnityEditor.BuildTargetGroup,UnityEditor.BuildTarget,int,UnityEditor.BuildOptions,string[],string[],bool)
UnityEditor.BuildPipeline:BuildPlayer (UnityEditor.BuildPlayerOptions)
PaperTrails.Editor.ProjectBuilder:Build (string,UnityEditor.BuildTarget) (at Assets/PaperTrails/Editor/ProjectBuilder.cs:50)
PaperTrails.Editor.ProjectBuilder:Windows () (at Assets/PaperTrails/Editor/ProjectBuilder.cs:44)

(Filename: ./Library/PackageCache/com.unity.test-framework.performance@8b56083ec0f0/Editor/TestRunBuilder.cs Line: 242)

Launched and connected shader compiler UnityShaderCompiler.exe after 0.02 seconds
Starting: C:\Program Files\Unity\Hub\Editor\6000.5.6f1\Editor\Data\Tools\BuildPipeline\bee_backend.exe --ipc --defer-dag-verification --dagfile="Library/Bee/1900b0aESkipCompile.dag" --continue-on-failure --profile="Library/Bee/backend1.traceevents" ScriptAssembliesAndTypeDB
WorkingDir: C:/Users/NMAdmin/Downloads/Codex/paper_io_multi_clone
ExitCode: 0 Duration: 1s518ms
[3/4        1s] BuildPlayerDataGenerator Library/BuildPlayerData/Editor/TypeDb-All.json
*** Tundra build success (1.47 seconds), 1 items updated, 4 evaluated
Importing 'GUID: b090fedc8cdef4d4fa2bfa4d4eb10dcb - Path: Assets/Resources/PerformanceTestRunInfo.json' with importer (TextScriptImporter)
Imported 'GUID: b090fedc8cdef4d4fa2bfa4d4eb10dcb' -> (Import Result ID: '0c69b1047e86965bdc111ebdfeced253') in 0.013 seconds [static dependencies only]. Details - ImportResultOutputID=aee5caf402d1378f2532865388d17f3c DependenciesID=a74c2f997c62baaef1aa483caec368a4 StaticDependenciesID=8f83830f687c35c0beea5f7219b63a4e 
Importing 'GUID: 6b138f325b36cb04b8e2283e378a67fd - Path: Assets/Resources/PerformanceTestRunSettings.json' with importer (TextScriptImporter)
Imported 'GUID: 6b138f325b36cb04b8e2283e378a67fd' -> (Import Result ID: '68a348ab1517eb9279a6cbc6b2257943') in 0.012 seconds [static dependencies only]. Details - ImportResultOutputID=e635600754652c03e5b858b49fd2806a DependenciesID=0976fe7508b4a396b1f8359522c56857 StaticDependenciesID=d453ee5870bb8c1f9fadfd0768d858d3 
Refreshing native plugins compatible for Editor in 2.56 ms, found 0 plugins.
Asset Pipeline Refresh (id=48e2c9f780844504290e7cb61fe66fd0): Total: 0.065 seconds - Initiated by RefreshV2(NoUpdateAssetOptions)
[ScriptCompilation] Requested script compilation because: Recompiling scripts for player build.
BuildPlayer: start building target 19
Starting: C:\Program Files\Unity\Hub\Editor\6000.5.6f1\Editor\Data\Tools\BuildPipeline\bee_backend.exe --ipc --defer-dag-verification --dagfile="Library/Bee/1900b0aP.dag" --continue-on-failure --profile="Library/Bee/backend1.traceevents" ScriptAssembliesAndTypeDB
WorkingDir: C:/Users/NMAdmin/Downloads/Codex/paper_io_multi_clone
ExitCode: 4 Duration: 0s35ms
[             ] Require frontend run.  Library/Bee/1900b0aP.dag couldn't be loaded
Starting: C:\Program Files\Unity\Hub\Editor\6000.5.6f1\Editor\Data\netcorerun\netcorerun.exe "C:\Program Files\Unity\Hub\Editor\6000.5.6f1\Editor\Data\Tools\BuildPipeline\ScriptCompilationBuildProgram.exe" "Library/Bee/1900b0aP.dag.json" "Library/Bee/1900b0aP-inputdata.json" "Library\Bee\buildprogram0.traceevents"
WorkingDir: C:/Users/NMAdmin/Downloads/Codex/paper_io_multi_clone
Total cache size 198475917
Total cache size after purge 198475917, took 00:00:00.5431701
ExitCode: 0 Duration: 0s774ms
Starting: C:\Program Files\Unity\Hub\Editor\6000.5.6f1\Editor\Data\Tools\BuildPipeline\bee_backend.exe --ipc --defer-dag-verification --dagfile="Library/Bee/1900b0aP.dag" --continue-on-failure --dagfilejson="Library\Bee\1900b0aP.dag.json" --profile="Library/Bee/backend2.traceevents" ScriptAssembliesAndTypeDB
WorkingDir: C:/Users/NMAdmin/Downloads/Codex/paper_io_multi_clone
ExitCode: 0 Duration: 19s
Finished compiling graph: 607 nodes, 6592 flattened edges (5302 ToBuild, 80 ToUse), maximum node priority 385
[248/606    0s] WriteText Library/Bee/artifacts/1900b0aP.dag/UnityEngine.UI.rsp2
[250/606    0s] WriteText Library/Bee/artifacts/1900b0aP.dag/UnityEngine.UI.dll.mvfrm.rsp
[251/606    0s] WriteText Library/Bee/artifacts/1900b0aP.dag/UnityEngine.UI.rsp
[253/606    0s] WriteText Library/Bee/artifacts/1900b0aP.dag/Unity.Services.Core.rsp2
[256/606    0s] WriteText Library/Bee/artifacts/1900b0aP.dag/Unity.Services.Core.UnityAdditionalFile.txt
[257/606    0s] WriteText Library/Bee/artifacts/1900b0aP.dag/Unity.Services.Core.dll.mvfrm.rsp
[259/606    0s] WriteText Library/Bee/artifacts/1900b0aP.dag/Unity.Services.Core.rsp
[263/606    0s] WriteText Library/Bee/artifacts/1900b0aP.dag/Unity.Services.Core.Internal.rsp2
[265/606    0s] WriteText Library/Bee/artifacts/1900b0aP.dag/Unity.Services.Core.Internal.UnityAdditionalFile.txt
[266/606    0s] WriteText Library/Bee/artifacts/1900b0aP.dag/UnityEngine.UI.UnityAdditionalFile.txt
[267/606    0s] WriteText Library/Bee/artifacts/1900b0aP.dag/Unity.Burst.UnityAdditionalFile.txt
[268/606    0s] WriteText Library/Bee/artifacts/1900b0aP.dag/Unity.Services.Core.Internal.rsp
[269/606    0s] WriteText Library/Bee/artifacts/1900b0aP.dag/Unity.Burst.rsp2
[271/606    0s] WriteText Library/Bee/artifacts/1900b0aP.dag/Unity.Burst.dll.mvfrm.rsp
[272/606    0s] WriteText Library/Bee/artifacts/1900b0aP.dag/Unity.Mathematics.rsp
[275/606    0s] WriteText Library/Bee/artifacts/1900b0aP.dag/Unity.Collections.UnityAdditionalFile.txt
[277/606    0s] WriteText Library/Bee/artifacts/1900b0aP.dag/Unity.Services.Core.Environments.rsp2
[278/606    0s] WriteText Library/Bee/artifacts/1900b0aP.dag/Unity.Burst.rsp
[284/606    0s] WriteText Library/Bee/artifacts/1900b0aP.dag/Unity.Mathematics.rsp2
[287/606    0s] WriteText Library/Bee/artifacts/1900b0aP.dag/Unity.Mathematics.UnityAdditionalFile.txt
[288/606    0s] WriteText Library/Bee/artifacts/1900b0aP.dag/Unity.Collections.rsp2
[289/606    0s] WriteText Library/Bee/artifacts/1900b0aP.dag/Unity.Services.Core.Environments.UnityAdditionalFile.txt
[290/606    0s] WriteText Library/Bee/artifacts/1900b0aP.dag/Unity.Mathematics.dll.mvfrm.rsp
[291/606    0s] WriteText Library/Bee/artifacts/1900b0aP.dag/Unity.Services.Core.Environments.dll.mvfrm.rsp
[292/606    0s] WriteText Library/Bee/artifacts/1900b0aP.dag/Unity.Collections.rsp
[293/606    0s] WriteText Library/Bee/artifacts/1900b0aP.dag/Unity.Collections.dll.mvfrm.rsp
[294/606    0s] WriteText Library/Bee/artifacts/1900b0aP.dag/Unity.Networking.Transport.UnityAdditionalFile.txt
[295/606    0s] WriteText Library/Bee/artifacts/1900b0aP.dag/Unity.Services.Core.Components.dll.mvfrm.rsp
[296/606    0s] WriteText Library/Bee/artifacts/1900b0aP.dag/Unity.Services.Core.Components.UnityAdditionalFile.txt
[297/606    0s] WriteText Library/Bee/artifacts/1900b0aP.dag/Unity.Networking.Transport.dll.mvfrm.rsp
[298/606    0s] WriteText Library/Bee/artifacts/1900b0aP.dag/Unity.Networking.Transport.rsp2
[299/606    0s] WriteText Library/Bee/artifacts/1900b0aP.dag/Unity.Services.Core.Environments.rsp
[300/606    0s] WriteText Library/Bee/artifacts/1900b0aP.dag/Unity.Services.Core.Components.rsp
[301/606    0s] WriteText Library/Bee/artifacts/1900b0aP.dag/Unity.Networking.Transport.rsp
[302/606    0s] WriteResponseFile Library/Bee/artifacts/rsp/4747638433968585886.rsp
[303/606    0s] WriteText Library/Bee/artifacts/1900b0aP.dag/Unity.Services.Core.Components.rsp2
[304/606    0s] WriteText Library/Bee/artifacts/1900b0aP.dag/Unity.InternalAPIEngineBridge.004.UnityAdditionalFile.txt
[305/606    0s] WriteText Library/Bee/artifacts/1900b0aP.dag/Unity.Netcode.Runtime.rsp2
[306/606    0s] WriteText Library/Bee/artifacts/1900b0aP.dag/Unity.Services.QoS.UnityAdditionalFile.txt
[307/606    0s] WriteText Library/Bee/artifacts/1900b0aP.dag/Unity.Netcode.Runtime.UnityAdditionalFile.txt
[308/606    0s] WriteText Library/Bee/artifacts/1900b0aP.dag/Unity.Services.Authentication.rsp2
[309/606    0s] WriteText Library/Bee/artifacts/1900b0aP.dag/Unity.InternalAPIEngineBridge.004.rsp2
[310/606    0s] WriteText Library/Bee/artifacts/1900b0aP.dag/Unity.Netcode.Runtime.dll.mvfrm.rsp
[313/606    0s] WriteText Library/Bee/artifacts/1900b0aP.dag/Unity.Services.QoS.dll.mvfrm.rsp
[314/606    0s] WriteText Library/Bee/artifacts/1900b0aP.dag/Unity.InternalAPIEngineBridge.004.dll.mvfrm.rsp
[315/606    0s] WriteText Library/Bee/artifacts/1900b0aP.dag/Unity.Services.Authentication.dll.mvfrm.rsp
[316/606    0s] WriteText Library/Bee/artifacts/1900b0aP.dag/Unity.Netcode.Runtime.rsp
[317/606    0s] WriteText Library/Bee/artifacts/1900b0aP.dag/Unity.Services.Authentication.rsp
[318/606    0s] WriteText Library/Bee/artifacts/1900b0aP.dag/Unity.InternalAPIEngineBridge.004.rsp
[319/606    0s] WriteText Library/Bee/artifacts/1900b0aP.dag/Unity.Services.Core.Scheduler.rsp2
[320/606    0s] WriteText Library/Bee/artifacts/1900b0aP.dag/Unity.Services.QoS.rsp2
[321/606    0s] WriteText Library/Bee/artifacts/1900b0aP.dag/Unity.Services.Core.Telemetry.rsp2
[322/606    0s] WriteText Library/Bee/artifacts/1900b0aP.dag/Unity.Services.Authentication.UnityAdditionalFile.txt
[323/606    0s] WriteText Library/Bee/artifacts/1900b0aP.dag/Unity.TextMeshPro.UnityAdditionalFile.txt
[324/606    0s] WriteText Library/Bee/artifacts/1900b0aP.dag/Unity.Services.Core.Threading.rsp2
[326/606    0s] WriteText Library/Bee/artifacts/1900b0aP.dag/Unity.Services.Core.Threading.UnityAdditionalFile.txt
[328/606    0s] WriteText Library/Bee/artifacts/1900b0aP.dag/Unity.Services.Core.Configuration.UnityAdditionalFile.txt
[330/606    0s] WriteText Library/Bee/artifacts/1900b0aP.dag/Unity.Services.QoS.rsp
[331/606    0s] WriteText Library/Bee/artifacts/1900b0aP.dag/Unity.Services.Core.Configuration.rsp2
[332/606    0s] WriteText Library/Bee/artifacts/1900b0aP.dag/Unity.Services.Core.Analytics.UnityAdditionalFile.txt
[333/606    0s] WriteText Library/Bee/artifacts/1900b0aP.dag/Unity.TextMeshPro.rsp2
[334/606    0s] WriteText Library/Bee/artifacts/1900b0aP.dag/Unity.Services.Core.Device.UnityAdditionalFile.txt
[335/606    0s] WriteText Library/Bee/artifacts/1900b0aP.dag/Unity.Services.Authentication.PlayerAccounts.UnityAdditionalFile.txt
[336/606    0s] WriteText Library/Bee/artifacts/1900b0aP.dag/Unity.Services.Core.Device.rsp2
[337/606    0s] WriteText Library/Bee/artifacts/1900b0aP.dag/Unity.Services.Core.Analytics.rsp2
[338/606    0s] WriteText Library/Bee/artifacts/1900b0aP.dag/Unity.Services.Multiplayer.UnityAdditionalFile.txt
[339/606    0s] WriteText Library/Bee/artifacts/1900b0aP.dag/Unity.Services.Authentication.PlayerAccounts.rsp2
[340/606    0s] WriteText Library/Bee/artifacts/1900b0aP.dag/Unity.Services.Multiplayer.rsp2
[341/606    0s] WriteText Library/Bee/artifacts/1900b0aP.dag/Unity.Services.Core.Threading.dll.mvfrm.rsp
[342/606    0s] WriteText Library/Bee/artifacts/1900b0aP.dag/Unity.Services.Core.Scheduler.dll.mvfrm.rsp
[343/606    0s] WriteText Library/Bee/artifacts/1900b0aP.dag/Unity.Services.Core.Telemetry.dll.mvfrm.rsp
[344/606    0s] WriteText Library/Bee/artifacts/1900b0aP.dag/Unity.Services.Core.Internal.dll.mvfrm.rsp
[345/606    0s] WriteText Library/Bee/artifacts/1900b0aP.dag/Unity.Services.Core.Environments.Internal.UnityAdditionalFile.txt
[346/606    0s] WriteText Library/Bee/artifacts/1900b0aP.dag/Unity.Services.Core.Telemetry.UnityAdditionalFile.txt
[347/606    0s] WriteText Library/Bee/artifacts/1900b0aP.dag/Unity.Services.Core.Environments.Internal.rsp2
[348/606    0s] WriteText Library/Bee/artifacts/1900b0aP.dag/Unity.Services.Core.Scheduler.UnityAdditionalFile.txt
[349/606    0s] WriteText Library/Bee/artifacts/1900b0aP.dag/Unity.Services.Core.Analytics.dll.mvfrm.rsp
[350/606    0s] WriteText Library/Bee/artifacts/1900b0aP.dag/Unity.Services.Core.Configuration.dll.mvfrm.rsp
[351/606    0s] WriteText Library/Bee/artifacts/1900b0aP.dag/Unity.TextMeshPro.dll.mvfrm.rsp
[352/606    0s] WriteText Library/Bee/artifacts/1900b0aP.dag/Unity.Services.Core.Device.dll.mvfrm.rsp
[353/606    0s] WriteText Library/Bee/artifacts/1900b0aP.dag/Unity.Services.Core.Environments.Internal.dll.mvfrm.rsp
[354/606    0s] WriteText Library/Bee/artifacts/1900b0aP.dag/Unity.Services.Multiplayer.dll.mvfrm.rsp
[355/606    0s] WriteText Library/Bee/artifacts/1900b0aP.dag/Unity.Services.Authentication.PlayerAccounts.dll.mvfrm.rsp
[356/606    0s] WriteText Library/Bee/artifacts/1900b0aP.dag/Unity.Services.Authentication.PlayerAccounts.rsp
[357/606    0s] WriteText Library/Bee/artifacts/1900b0aP.dag/unity-websocket-sharp.rsp2
[358/606    0s] WriteText Library/Bee/artifacts/1900b0aP.dag/Unity.Services.Core.Environments.Internal.rsp
[359/606    0s] WriteText Library/Bee/artifacts/1900b0aP.dag/Unity.Services.Core.Scheduler.rsp
[360/606    0s] WriteText Library/Bee/artifacts/1900b0aP.dag/Unity.Services.Core.Configuration.rsp
[361/606    0s] WriteText Library/Bee/artifacts/1900b0aP.dag/unity-websocket-sharp.UnityAdditionalFile.txt
[362/606    0s] WriteText Library/Bee/artifacts/1900b0aP.dag/Unity.Services.Core.Device.rsp
[363/606    0s] WriteText Library/Bee/artifacts/1900b0aP.dag/Unity.TextMeshPro.rsp
[364/606    0s] WriteText Library/Bee/artifacts/1900b0aP.dag/Unity.Services.Core.Analytics.rsp
[365/606    0s] WriteText Library/Bee/artifacts/1900b0aP.dag/unity-websocket-sharp.dll.mvfrm.rsp
[366/606    0s] WriteText Library/Bee/artifacts/1900b0aP.dag/Unity.Services.Multiplayer.rsp
[367/606    0s] WriteText Library/Bee/artifacts/1900b0aP.dag/Unity.Services.Core.Telemetry.rsp
[368/606    0s] WriteText Library/Bee/artifacts/1900b0aP.dag/unity-websocket-sharp.rsp
[369/606    0s] WriteText Library/Bee/artifacts/1900b0aP.dag/Unity.Services.Core.Registration.dll.mvfrm.rsp
[370/606    0s] WriteText Library/Bee/artifacts/1900b0aP.dag/Assembly-CSharp.dll.mvfrm.rsp
[371/606    0s] WriteText Library/Bee/artifacts/1900b0aP.dag/Unity.Services.Core.Networking.dll.mvfrm.rsp
[372/606    0s] WriteText Library/Bee/artifacts/1900b0aP.dag/Unity.Services.Core.Networking.rsp2
[373/606    0s] WriteText Library/Bee/artifacts/1900b0aP.dag/Unity.Services.Core.Registration.rsp2
[374/606    0s] WriteText Library/Bee/artifacts/1900b0aP.dag/Assembly-CSharp.UnityAdditionalFile.txt
[375/606    0s] WriteText Library/Bee/artifacts/1900b0aP.dag/Unity.Services.Core.Networking.UnityAdditionalFile.txt
[376/606    0s] WriteText Library/Bee/artifacts/1900b0aP.dag/Unity.Services.Wire.Internal.UnityAdditionalFile.txt
[377/606    0s] WriteText Library/Bee/artifacts/1900b0aP.dag/Unity.Services.Wire.Internal.rsp2
[381/606    0s] WriteText Library/Bee/artifacts/1900b0aP.dag/Unity.Services.Core.Registration.UnityAdditionalFile.txt
[382/606    0s] WriteText Library/Bee/artifacts/1900b0aP.dag/Unity.Services.Wire.Internal.dll.mvfrm.rsp
[383/606    0s] WriteText Library/Bee/artifacts/1900b0aP.dag/Assembly-CSharp.rsp2
[384/606    0s] WriteResponseFile Library/Bee/artifacts/rsp/993633079974407074.rsp
[387/606    0s] WriteText Library/Bee/artifacts/1900b0aP.dag/Assembly-CSharp.rsp
[389/606    0s] WriteText Library/Bee/artifacts/1900b0aP.dag/Unity.Services.Core.Registration.rsp
[391/606    0s] WriteText Library/Bee/artifacts/1900b0aP.dag/Unity.Services.Core.Networking.rsp
[392/606    0s] WriteText Library/Bee/artifacts/1900b0aP.dag/Unity.Services.Wire.Internal.rsp
[393/606    0s] WriteResponseFile Library/Bee/artifacts/rsp/7201840930849191156.rsp
[394/606    0s] WriteResponseFile Library/Bee/artifacts/rsp/2659671629783908556.rsp
[395/606    0s] WriteResponseFile Library/Bee/artifacts/rsp/8031029260432620717.rsp
[397/606    0s] WriteResponseFile Library/Bee/artifacts/rsp/11443168791398908760.rsp
[399/606    0s] WriteResponseFile Library/Bee/artifacts/rsp/9244343467491445606.rsp
[400/606    0s] WriteResponseFile Library/Bee/artifacts/rsp/13496164804222825261.rsp
[401/606    0s] WriteResponseFile Library/Bee/artifacts/rsp/14732344444681255949.rsp
[402/606    0s] WriteText Library/Bee/artifacts/1900b0aP.dag/Unity.Services.Core.Threading.rsp
[403/606    0s] WriteResponseFile Library/Bee/artifacts/rsp/16165950076103467137.rsp
[404/606    0s] WriteResponseFile Library/Bee/artifacts/rsp/6543968109195455855.rsp
[405/606    0s] WriteResponseFile Library/Bee/artifacts/rsp/5583847101682626967.rsp
[406/606    0s] WriteResponseFile Library/Bee/artifacts/rsp/7613050566626658858.rsp
[413/606    0s] WriteResponseFile Library/Bee/artifacts/rsp/6408585205247507208.rsp
[418/606    0s] WriteResponseFile Library/Bee/artifacts/rsp/18345886388837496740.rsp
[422/606    0s] WriteResponseFile Library/Bee/artifacts/rsp/10164775347857637021.rsp
[423/606    0s] WriteResponseFile Library/Bee/artifacts/rsp/17015818179378736576.rsp
[424/606    0s] WriteResponseFile Library/Bee/artifacts/rsp/17223583526627592048.rsp
[425/606    0s] WriteResponseFile Library/Bee/artifacts/rsp/14002108229460726967.rsp
[426/606    0s] WriteResponseFile Library/Bee/artifacts/rsp/17872734387275279783.rsp
[427/606    0s] WriteResponseFile Library/Bee/artifacts/rsp/7861608659488480879.rsp
[428/606    0s] WriteResponseFile Library/Bee/artifacts/rsp/11793003949629544485.rsp
[429/606    0s] WriteResponseFile Library/Bee/artifacts/rsp/581534939804293798.rsp
[430/606    0s] WriteResponseFile Library/Bee/artifacts/rsp/269979119555701421.rsp
[431/606    0s] WriteResponseFile Library/Bee/artifacts/rsp/9576963866760058.rsp
[432/606    0s] WriteResponseFile Library/Bee/artifacts/rsp/3328005063259641689.rsp
[437/606    0s] WriteResponseFile Library/Bee/artifacts/rsp/12777052554256862767.rsp
[438/606    0s] WriteResponseFile Library/Bee/artifacts/rsp/2597138898299926251.rsp
[439/606    0s] WriteResponseFile Library/Bee/artifacts/rsp/16535624540582444286.rsp
[440/606    0s] ILPP-Configuration Library/ilpp-configuration.nevergeneratedoutput
[441/606    0s] MovedFromExtractor-Combine Library/Bee/artifacts/1900b0aP.dag/UnityEngine.UI.dll.mvfrm
[           0s] Csc Library/Bee/artifacts/1900b0aP.dag/UnityEngine.UI.dll (+2 others) [CacheMiss 2c8aec42cb72e5281a7aeb338047b7a300000000000000000000000000000006]
[442/606    2s] Csc Library/Bee/artifacts/1900b0aP.dag/UnityEngine.UI.dll (+2 others)
[           0s] Csc Library/Bee/artifacts/1900b0aP.dag/UnityEngine.UI.dll (+2 others) [CacheWrite 2c8aec42cb72e5281a7aeb338047b7a300000000000000000000000000000006]
[443/606    0s] ILPostProcess Library/Bee/artifacts/1900b0aP.dag/post-processed/UnityEngine.UI.dll (+pdb)
Processing assembly Library/Bee/artifacts/1900b0aP.dag/UnityEngine.UI.dll, with 132 defines and 193 references

processors: Unity.Jobs.CodeGen.JobsILPostProcessor, Unity.Netcode.Editor.CodeGen.INetworkMessageILPP, Unity.Netcode.Editor.CodeGen.INetworkSerializableILPP, Unity.Netcode.Editor.CodeGen.NetworkBehaviourILPP, Unity.Netcode.Editor.CodeGen.RuntimeAccessModifiersILPP, zzzUnity.Burst.CodeGen.BurstILPostProcessor

running Unity.Jobs.CodeGen.JobsILPostProcessor

running Unity.Netcode.Editor.CodeGen.INetworkMessageILPP

running Unity.Netcode.Editor.CodeGen.INetworkSerializableILPP

running Unity.Netcode.Editor.CodeGen.NetworkBehaviourILPP

running Unity.Netcode.Editor.CodeGen.RuntimeAccessModifiersILPP

running zzzUnity.Burst.CodeGen.BurstILPostProcessor
[444/606    0s] CopyFiles Library/Bee/PlayerScriptAssemblies/UnityEngine.UI.pdb
[445/606    0s] MovedFromExtractor Library/Bee/artifacts/mvdfrm/UnityEngine.UI.ref.dll_FAE6DBEA21006BE5.mvfrm
[446/606    0s] CopyFiles Library/Bee/PlayerScriptAssemblies/UnityEngine.UI.dll
[447/606    0s] MovedFromExtractor-Combine Library/Bee/artifacts/1900b0aP.dag/Unity.InternalAPIEngineBridge.004.dll.mvfrm
[448/606    0s] MovedFromExtractor-Combine Library/Bee/artifacts/1900b0aP.dag/unity-websocket-sharp.dll.mvfrm
[449/606    0s] MovedFromExtractor-Combine Library/Bee/artifacts/1900b0aP.dag/Unity.Mathematics.dll.mvfrm
[450/606    0s] MovedFromExtractor-Combine Library/Bee/artifacts/1900b0aP.dag/Unity.Burst.dll.mvfrm
[451/606    0s] MovedFromExtractor-Combine Library/Bee/artifacts/1900b0aP.dag/Unity.Services.Core.dll.mvfrm
[           0s] Csc Library/Bee/artifacts/1900b0aP.dag/Unity.Services.Core.dll (+2 others) [CacheMiss af60a0e167f37feef1b38eadfb7dddae00000000000000000000000000000006]
[           0s] Csc Library/Bee/artifacts/1900b0aP.dag/Unity.Mathematics.dll (+2 others) [CacheMiss 9f7cd4d903ba25a9f58283db49d1f48000000000000000000000000000000006]
[           0s] Csc Library/Bee/artifacts/1900b0aP.dag/Unity.InternalAPIEngineBridge.004.dll (+2 others) [CacheMiss af6ef7b6e75babe958c0d8f2c175d2a300000000000000000000000000000006]
[           0s] Csc Library/Bee/artifacts/1900b0aP.dag/unity-websocket-sharp.dll (+2 others) [CacheMiss 33462fb89688effff1b10424bea4adb300000000000000000000000000000006]
[           0s] Csc Library/Bee/artifacts/1900b0aP.dag/Unity.Burst.dll (+2 others) [CacheMiss 77bee93a340cd78387bca1b47ef3c26900000000000000000000000000000006]
[452/606    0s] Csc Library/Bee/artifacts/1900b0aP.dag/Unity.InternalAPIEngineBridge.004.dll (+2 others)
[453/606    0s] Csc Library/Bee/artifacts/1900b0aP.dag/Unity.Mathematics.dll (+2 others)
[454/606    0s] Csc Library/Bee/artifacts/1900b0aP.dag/Unity.Services.Core.dll (+2 others)
[           0s] Csc Library/Bee/artifacts/1900b0aP.dag/Unity.InternalAPIEngineBridge.004.dll (+2 others) [CacheWrite af6ef7b6e75babe958c0d8f2c175d2a300000000000000000000000000000006]
[           0s] Csc Library/Bee/artifacts/1900b0aP.dag/Unity.Mathematics.dll (+2 others) [CacheWrite 9f7cd4d903ba25a9f58283db49d1f48000000000000000000000000000000006]
[           0s] Csc Library/Bee/artifacts/1900b0aP.dag/Unity.Services.Core.dll (+2 others) [CacheWrite af60a0e167f37feef1b38eadfb7dddae00000000000000000000000000000006]
[455/606    0s] MovedFromExtractor Library/Bee/artifacts/mvdfrm/Unity.Mathematics.ref.dll_14D1A32168A0AD59.mvfrm
[456/606    0s] MovedFromExtractor Library/Bee/artifacts/mvdfrm/Unity.Services.Core.ref.dll_8733AE466239FA82.mvfrm
[457/606    0s] MovedFromExtractor Library/Bee/artifacts/mvdfrm/Unity.InternalAPIEngineBridge.004.ref.dll_7AD2F2F025096F31.mvfrm
[458/606    0s] ILPostProcess Library/Bee/artifacts/1900b0aP.dag/post-processed/Unity.Mathematics.dll (+pdb)
Processing assembly Library/Bee/artifacts/1900b0aP.dag/Unity.Mathematics.dll, with 130 defines and 194 references

processors: Unity.Jobs.CodeGen.JobsILPostProcessor, Unity.Netcode.Editor.CodeGen.INetworkMessageILPP, Unity.Netcode.Editor.CodeGen.INetworkSerializableILPP, Unity.Netcode.Editor.CodeGen.NetworkBehaviourILPP, Unity.Netcode.Editor.CodeGen.RuntimeAccessModifiersILPP, zzzUnity.Burst.CodeGen.BurstILPostProcessor

running Unity.Jobs.CodeGen.JobsILPostProcessor

running Unity.Netcode.Editor.CodeGen.INetworkMessageILPP

running Unity.Netcode.Editor.CodeGen.INetworkSerializableILPP

running Unity.Netcode.Editor.CodeGen.NetworkBehaviourILPP

running Unity.Netcode.Editor.CodeGen.RuntimeAccessModifiersILPP

running zzzUnity.Burst.CodeGen.BurstILPostProcessor
[459/606    0s] ILPostProcess Library/Bee/artifacts/1900b0aP.dag/post-processed/Unity.Services.Core.dll (+pdb)
Processing assembly Library/Bee/artifacts/1900b0aP.dag/Unity.Services.Core.dll, with 130 defines and 194 references

processors: Unity.Jobs.CodeGen.JobsILPostProcessor, Unity.Netcode.Editor.CodeGen.INetworkMessageILPP, Unity.Netcode.Editor.CodeGen.INetworkSerializableILPP, Unity.Netcode.Editor.CodeGen.NetworkBehaviourILPP, Unity.Netcode.Editor.CodeGen.RuntimeAccessModifiersILPP, zzzUnity.Burst.CodeGen.BurstILPostProcessor

running Unity.Jobs.CodeGen.JobsILPostProcessor

running Unity.Netcode.Editor.CodeGen.INetworkMessageILPP

running Unity.Netcode.Editor.CodeGen.INetworkSerializableILPP

running Unity.Netcode.Editor.CodeGen.NetworkBehaviourILPP

running Unity.Netcode.Editor.CodeGen.RuntimeAccessModifiersILPP

running zzzUnity.Burst.CodeGen.BurstILPostProcessor
[460/606    0s] ILPostProcess Library/Bee/artifacts/1900b0aP.dag/post-processed/Unity.InternalAPIEngineBridge.004.dll (+pdb)
Processing assembly Library/Bee/artifacts/1900b0aP.dag/Unity.InternalAPIEngineBridge.004.dll, with 130 defines and 194 references

processors: Unity.Jobs.CodeGen.JobsILPostProcessor, Unity.Netcode.Editor.CodeGen.INetworkMessageILPP, Unity.Netcode.Editor.CodeGen.INetworkSerializableILPP, Unity.Netcode.Editor.CodeGen.NetworkBehaviourILPP, Unity.Netcode.Editor.CodeGen.RuntimeAccessModifiersILPP, zzzUnity.Burst.CodeGen.BurstILPostProcessor

running Unity.Jobs.CodeGen.JobsILPostProcessor

running Unity.Netcode.Editor.CodeGen.INetworkMessageILPP

running Unity.Netcode.Editor.CodeGen.INetworkSerializableILPP

running Unity.Netcode.Editor.CodeGen.NetworkBehaviourILPP

running Unity.Netcode.Editor.CodeGen.RuntimeAccessModifiersILPP

running zzzUnity.Burst.CodeGen.BurstILPostProcessor
[461/606    0s] CopyFiles Library/Bee/PlayerScriptAssemblies/Unity.InternalAPIEngineBridge.004.dll
[462/606    0s] CopyFiles Library/Bee/PlayerScriptAssemblies/Unity.Mathematics.dll
[463/606    0s] CopyFiles Library/Bee/PlayerScriptAssemblies/Unity.InternalAPIEngineBridge.004.pdb
[464/606    0s] CopyFiles Library/Bee/PlayerScriptAssemblies/Unity.Services.Core.pdb
[465/606    0s] CopyFiles Library/Bee/PlayerScriptAssemblies/Unity.Mathematics.pdb
[466/606    0s] CopyFiles Library/Bee/PlayerScriptAssemblies/Unity.Services.Core.dll
[467/606    0s] MovedFromExtractor-Combine Library/Bee/artifacts/1900b0aP.dag/Unity.Services.Core.Analytics.dll.mvfrm
[468/606    0s] MovedFromExtractor-Combine Library/Bee/artifacts/1900b0aP.dag/Unity.TextMeshPro.dll.mvfrm
[469/606    0s] MovedFromExtractor-Combine Library/Bee/artifacts/1900b0aP.dag/Unity.Services.Core.Internal.dll.mvfrm
[           0s] Csc Library/Bee/artifacts/1900b0aP.dag/Unity.Services.Core.Analytics.dll (+2 others) [CacheMiss 4fa9d4d77de4e30475a8f98a05e51b2900000000000000000000000000000006]
[           0s] Csc Library/Bee/artifacts/1900b0aP.dag/Unity.TextMeshPro.dll (+2 others) [CacheMiss 7d18b33f9546da11c22588e2f6c1456100000000000000000000000000000006]
[           0s] Csc Library/Bee/artifacts/1900b0aP.dag/Unity.Services.Core.Internal.dll (+2 others) [CacheMiss 636eb2f6ac0951353c89f2b6b9b3bfd000000000000000000000000000000006]
[470/606    1s] Csc Library/Bee/artifacts/1900b0aP.dag/unity-websocket-sharp.dll (+2 others)
[           0s] Csc Library/Bee/artifacts/1900b0aP.dag/unity-websocket-sharp.dll (+2 others) [CacheWrite 33462fb89688effff1b10424bea4adb300000000000000000000000000000006]
[471/606    0s] Csc Library/Bee/artifacts/1900b0aP.dag/Unity.Services.Core.Analytics.dll (+2 others)
[472/606    0s] ILPostProcess Library/Bee/artifacts/1900b0aP.dag/post-processed/unity-websocket-sharp.dll (+pdb)
Processing assembly Library/Bee/artifacts/1900b0aP.dag/unity-websocket-sharp.dll, with 130 defines and 194 references

processors: Unity.Jobs.CodeGen.JobsILPostProcessor, Unity.Netcode.Editor.CodeGen.INetworkMessageILPP, Unity.Netcode.Editor.CodeGen.INetworkSerializableILPP, Unity.Netcode.Editor.CodeGen.NetworkBehaviourILPP, Unity.Netcode.Editor.CodeGen.RuntimeAccessModifiersILPP, zzzUnity.Burst.CodeGen.BurstILPostProcessor

running Unity.Jobs.CodeGen.JobsILPostProcessor

running Unity.Netcode.Editor.CodeGen.INetworkMessageILPP

running Unity.Netcode.Editor.CodeGen.INetworkSerializableILPP

running Unity.Netcode.Editor.CodeGen.NetworkBehaviourILPP

running Unity.Netcode.Editor.CodeGen.RuntimeAccessModifiersILPP

running zzzUnity.Burst.CodeGen.BurstILPostProcessor
[473/606    0s] CopyFiles Library/Bee/PlayerScriptAssemblies/unity-websocket-sharp.pdb
[           0s] Csc Library/Bee/artifacts/1900b0aP.dag/Unity.Services.Core.Analytics.dll (+2 others) [CacheWrite 4fa9d4d77de4e30475a8f98a05e51b2900000000000000000000000000000006]
[474/606    0s] Csc Library/Bee/artifacts/1900b0aP.dag/Unity.Services.Core.Internal.dll (+2 others)
[475/606    0s] CopyFiles Library/Bee/PlayerScriptAssemblies/unity-websocket-sharp.dll
[           0s] Csc Library/Bee/artifacts/1900b0aP.dag/Unity.Services.Core.Internal.dll (+2 others) [CacheWrite 636eb2f6ac0951353c89f2b6b9b3bfd000000000000000000000000000000006]
[476/606    0s] ILPostProcess Library/Bee/artifacts/1900b0aP.dag/post-processed/Unity.Services.Core.Analytics.dll (+pdb)
Processing assembly Library/Bee/artifacts/1900b0aP.dag/Unity.Services.Core.Analytics.dll, with 130 defines and 195 references

processors: Unity.Jobs.CodeGen.JobsILPostProcessor, Unity.Netcode.Editor.CodeGen.INetworkMessageILPP, Unity.Netcode.Editor.CodeGen.INetworkSerializableILPP, Unity.Netcode.Editor.CodeGen.NetworkBehaviourILPP, Unity.Netcode.Editor.CodeGen.RuntimeAccessModifiersILPP, zzzUnity.Burst.CodeGen.BurstILPostProcessor

running Unity.Jobs.CodeGen.JobsILPostProcessor

running Unity.Netcode.Editor.CodeGen.INetworkMessageILPP

running Unity.Netcode.Editor.CodeGen.INetworkSerializableILPP

running Unity.Netcode.Editor.CodeGen.NetworkBehaviourILPP

running Unity.Netcode.Editor.CodeGen.RuntimeAccessModifiersILPP

running zzzUnity.Burst.CodeGen.BurstILPostProcessor
[477/606    0s] MovedFromExtractor Library/Bee/artifacts/mvdfrm/Unity.Services.Core.Analytics.ref.dll_D88AC28E7AE24D0A.mvfrm
[478/606    0s] CopyFiles Library/Bee/PlayerScriptAssemblies/Unity.Services.Core.Analytics.dll
[479/606    0s] CopyFiles Library/Bee/PlayerScriptAssemblies/Unity.Services.Core.Analytics.pdb
[480/606    0s] MovedFromExtractor Library/Bee/artifacts/mvdfrm/Unity.Services.Core.Internal.ref.dll_1A693ED936C5C9EF.mvfrm
[481/606    0s] ILPostProcess Library/Bee/artifacts/1900b0aP.dag/post-processed/Unity.Services.Core.Internal.dll (+pdb)
Processing assembly Library/Bee/artifacts/1900b0aP.dag/Unity.Services.Core.Internal.dll, with 130 defines and 195 references

processors: Unity.Jobs.CodeGen.JobsILPostProcessor, Unity.Netcode.Editor.CodeGen.INetworkMessageILPP, Unity.Netcode.Editor.CodeGen.INetworkSerializableILPP, Unity.Netcode.Editor.CodeGen.NetworkBehaviourILPP, Unity.Netcode.Editor.CodeGen.RuntimeAccessModifiersILPP, zzzUnity.Burst.CodeGen.BurstILPostProcessor

running Unity.Jobs.CodeGen.JobsILPostProcessor

running Unity.Netcode.Editor.CodeGen.INetworkMessageILPP

running Unity.Netcode.Editor.CodeGen.INetworkSerializableILPP

running Unity.Netcode.Editor.CodeGen.NetworkBehaviourILPP

running Unity.Netcode.Editor.CodeGen.RuntimeAccessModifiersILPP

running zzzUnity.Burst.CodeGen.BurstILPostProcessor
[482/606    0s] CopyFiles Library/Bee/PlayerScriptAssemblies/Unity.Services.Core.Internal.dll
[483/606    0s] CopyFiles Library/Bee/PlayerScriptAssemblies/Unity.Services.Core.Internal.pdb
[484/606    0s] MovedFromExtractor-Combine Library/Bee/artifacts/1900b0aP.dag/Unity.Services.Core.Threading.dll.mvfrm
[485/606    0s] MovedFromExtractor-Combine Library/Bee/artifacts/1900b0aP.dag/Unity.Services.Core.Device.dll.mvfrm
[486/606    0s] MovedFromExtractor-Combine Library/Bee/artifacts/1900b0aP.dag/Unity.Services.Core.Networking.dll.mvfrm
[487/606    0s] MovedFromExtractor-Combine Library/Bee/artifacts/1900b0aP.dag/Unity.Services.Core.Environments.Internal.dll.mvfrm
[488/606    0s] MovedFromExtractor-Combine Library/Bee/artifacts/1900b0aP.dag/Unity.Services.Authentication.PlayerAccounts.dll.mvfrm
[489/606    0s] MovedFromExtractor-Combine Library/Bee/artifacts/1900b0aP.dag/Unity.Services.Wire.Internal.dll.mvfrm
[490/606    0s] MovedFromExtractor-Combine Library/Bee/artifacts/1900b0aP.dag/Unity.Services.Core.Environments.dll.mvfrm
[491/606    0s] MovedFromExtractor-Combine Library/Bee/artifacts/1900b0aP.dag/Unity.Services.Core.Configuration.dll.mvfrm
[492/606    0s] MovedFromExtractor-Combine Library/Bee/artifacts/1900b0aP.dag/Unity.Services.Core.Scheduler.dll.mvfrm
[493/606    0s] MovedFromExtractor-Combine Library/Bee/artifacts/1900b0aP.dag/Unity.Services.Core.Telemetry.dll.mvfrm
[           0s] Csc Library/Bee/artifacts/1900b0aP.dag/Unity.Services.Core.Threading.dll (+2 others) [CacheMiss 35238e1407d3a6112cac73c987ab4a4e00000000000000000000000000000006]
[           0s] Csc Library/Bee/artifacts/1900b0aP.dag/Unity.Services.Authentication.PlayerAccounts.dll (+2 others) [CacheMiss 97345e53a89fc49f114a39cb0ebb5e7e00000000000000000000000000000006]
[           0s] Csc Library/Bee/artifacts/1900b0aP.dag/Unity.Services.Wire.Internal.dll (+2 others) [CacheMiss dd130594fb75cb2e35849364fa53114600000000000000000000000000000006]
[           0s] Csc Library/Bee/artifacts/1900b0aP.dag/Unity.Services.Core.Environments.Internal.dll (+2 others) [CacheMiss 69015bbdee8b3edda85eba50924bdc5900000000000000000000000000000006]
[           0s] Csc Library/Bee/artifacts/1900b0aP.dag/Unity.Services.Core.Device.dll (+2 others) [CacheMiss 6200411050499daf4c4b0e9fb0aca03600000000000000000000000000000006]
[           0s] Csc Library/Bee/artifacts/1900b0aP.dag/Unity.Services.Core.Networking.dll (+2 others) [CacheMiss 297a08f68b693649976209d2ef3576ea00000000000000000000000000000006]
[           0s] Csc Library/Bee/artifacts/1900b0aP.dag/Unity.Services.Core.Environments.dll (+2 others) [CacheMiss 5860e6a93f1797f796f70f0b0776318b00000000000000000000000000000006]
[           0s] Csc Library/Bee/artifacts/1900b0aP.dag/Unity.Services.Core.Configuration.dll (+2 others) [CacheMiss ff82237312422cf79e9fd3b5d96d143d00000000000000000000000000000006]
[           0s] Csc Library/Bee/artifacts/1900b0aP.dag/Unity.Services.Core.Scheduler.dll (+2 others) [CacheMiss 889ad5d1c1332671ed3c9d4472873d7d00000000000000000000000000000006]
[           0s] Csc Library/Bee/artifacts/1900b0aP.dag/Unity.Services.Core.Telemetry.dll (+2 others) [CacheMiss d6e86af8d8799ef754af0931c5054f6500000000000000000000000000000006]
[494/606    2s] Csc Library/Bee/artifacts/1900b0aP.dag/Unity.Burst.dll (+2 others)
[           0s] Csc Library/Bee/artifacts/1900b0aP.dag/Unity.Burst.dll (+2 others) [CacheWrite 77bee93a340cd78387bca1b47ef3c26900000000000000000000000000000006]
[495/606    2s] Csc Library/Bee/artifacts/1900b0aP.dag/Unity.TextMeshPro.dll (+2 others)
[496/606    0s] Csc Library/Bee/artifacts/1900b0aP.dag/Unity.Services.Core.Environments.Internal.dll (+2 others)
[497/606    0s] Csc Library/Bee/artifacts/1900b0aP.dag/Unity.Services.Core.Configuration.dll (+2 others)
[498/606    0s] Csc Library/Bee/artifacts/1900b0aP.dag/Unity.Services.Core.Threading.dll (+2 others)
[499/606    0s] Csc Library/Bee/artifacts/1900b0aP.dag/Unity.Services.Core.Networking.dll (+2 others)
[500/606    0s] Csc Library/Bee/artifacts/1900b0aP.dag/Unity.Services.Core.Environments.dll (+2 others)
[501/606    0s] Csc Library/Bee/artifacts/1900b0aP.dag/Unity.Services.Core.Device.dll (+2 others)
[502/606    0s] Csc Library/Bee/artifacts/1900b0aP.dag/Unity.Services.Core.Scheduler.dll (+2 others)
[503/606    0s] Csc Library/Bee/artifacts/1900b0aP.dag/Unity.Services.Core.Telemetry.dll (+2 others)
[504/606    0s] Csc Library/Bee/artifacts/1900b0aP.dag/Unity.Services.Wire.Internal.dll (+2 others)
[505/606    0s] Csc Library/Bee/artifacts/1900b0aP.dag/Unity.Services.Authentication.PlayerAccounts.dll (+2 others)
[506/606    0s] MovedFromExtractor Library/Bee/artifacts/mvdfrm/Unity.Burst.ref.dll_14316E70964BB953.mvfrm
[           0s] Csc Library/Bee/artifacts/1900b0aP.dag/Unity.TextMeshPro.dll (+2 others) [CacheWrite 7d18b33f9546da11c22588e2f6c1456100000000000000000000000000000006]
[           0s] Csc Library/Bee/artifacts/1900b0aP.dag/Unity.Services.Core.Environments.Internal.dll (+2 others) [CacheWrite 69015bbdee8b3edda85eba50924bdc5900000000000000000000000000000006]
[           0s] Csc Library/Bee/artifacts/1900b0aP.dag/Unity.Services.Core.Device.dll (+2 others) [CacheWrite 6200411050499daf4c4b0e9fb0aca03600000000000000000000000000000006]
[           0s] Csc Library/Bee/artifacts/1900b0aP.dag/Unity.Services.Core.Threading.dll (+2 others) [CacheWrite 35238e1407d3a6112cac73c987ab4a4e00000000000000000000000000000006]
[           0s] Csc Library/Bee/artifacts/1900b0aP.dag/Unity.Services.Core.Environments.dll (+2 others) [CacheWrite 5860e6a93f1797f796f70f0b0776318b00000000000000000000000000000006]
[           0s] Csc Library/Bee/artifacts/1900b0aP.dag/Unity.Services.Core.Configuration.dll (+2 others) [CacheWrite ff82237312422cf79e9fd3b5d96d143d00000000000000000000000000000006]
[           0s] Csc Library/Bee/artifacts/1900b0aP.dag/Unity.Services.Core.Scheduler.dll (+2 others) [CacheWrite 889ad5d1c1332671ed3c9d4472873d7d00000000000000000000000000000006]
[           0s] Csc Library/Bee/artifacts/1900b0aP.dag/Unity.Services.Core.Networking.dll (+2 others) [CacheWrite 297a08f68b693649976209d2ef3576ea00000000000000000000000000000006]
[           0s] Csc Library/Bee/artifacts/1900b0aP.dag/Unity.Services.Authentication.PlayerAccounts.dll (+2 others) [CacheWrite 97345e53a89fc49f114a39cb0ebb5e7e00000000000000000000000000000006]
[           0s] Csc Library/Bee/artifacts/1900b0aP.dag/Unity.Services.Core.Telemetry.dll (+2 others) [CacheWrite d6e86af8d8799ef754af0931c5054f6500000000000000000000000000000006]
[           0s] Csc Library/Bee/artifacts/1900b0aP.dag/Unity.Services.Wire.Internal.dll (+2 others) [CacheWrite dd130594fb75cb2e35849364fa53114600000000000000000000000000000006]
[507/606    0s] MovedFromExtractor Library/Bee/artifacts/mvdfrm/Unity.Services.Core.Environments.Internal.ref.dll_2E2A6AA962BDD0DF.mvfrm
[508/606    0s] MovedFromExtractor Library/Bee/artifacts/mvdfrm/Unity.TextMeshPro.ref.dll_B085F143991618E6.mvfrm
[509/606    0s] MovedFromExtractor Library/Bee/artifacts/mvdfrm/Unity.Services.Core.Configuration.ref.dll_754C05830D7E747A.mvfrm
[510/606    0s] MovedFromExtractor-Combine Library/Bee/artifacts/1900b0aP.dag/Unity.Collections.dll.mvfrm
[511/606    0s] MovedFromExtractor Library/Bee/artifacts/mvdfrm/Unity.Services.Core.Scheduler.ref.dll_D914549F49C3172F.mvfrm
[512/606    0s] MovedFromExtractor Library/Bee/artifacts/mvdfrm/Unity.Services.Core.Device.ref.dll_3CD85CC734C7BE58.mvfrm
[513/606    0s] MovedFromExtractor Library/Bee/artifacts/mvdfrm/Unity.Services.Core.Environments.ref.dll_29C0C4FBB515A292.mvfrm
[514/606    0s] MovedFromExtractor Library/Bee/artifacts/mvdfrm/Unity.Services.Authentication.PlayerAccounts.ref.dll_E9F58E6D5CFBC790.mvfrm
[515/606    0s] MovedFromExtractor Library/Bee/artifacts/mvdfrm/Unity.Services.Core.Threading.ref.dll_DCC0E3B061464C5C.mvfrm
[516/606    0s] MovedFromExtractor Library/Bee/artifacts/mvdfrm/Unity.Services.Core.Telemetry.ref.dll_E5096D91E2B74B1D.mvfrm
[517/606    0s] ILPostProcess Library/Bee/artifacts/1900b0aP.dag/post-processed/Unity.Services.Core.Device.dll (+pdb)
Processing assembly Library/Bee/artifacts/1900b0aP.dag/Unity.Services.Core.Device.dll, with 130 defines and 195 references

processors: Unity.Jobs.CodeGen.JobsILPostProcessor, Unity.Netcode.Editor.CodeGen.INetworkMessageILPP, Unity.Netcode.Editor.CodeGen.INetworkSerializableILPP, Unity.Netcode.Editor.CodeGen.NetworkBehaviourILPP, Unity.Netcode.Editor.CodeGen.RuntimeAccessModifiersILPP, zzzUnity.Burst.CodeGen.BurstILPostProcessor

running Unity.Jobs.CodeGen.JobsILPostProcessor

running Unity.Netcode.Editor.CodeGen.INetworkMessageILPP

running Unity.Netcode.Editor.CodeGen.INetworkSerializableILPP

running Unity.Netcode.Editor.CodeGen.NetworkBehaviourILPP

running Unity.Netcode.Editor.CodeGen.RuntimeAccessModifiersILPP

running zzzUnity.Burst.CodeGen.BurstILPostProcessor
[518/606    0s] ILPostProcess Library/Bee/artifacts/1900b0aP.dag/post-processed/Unity.Services.Core.Environments.Internal.dll (+pdb)
Processing assembly Library/Bee/artifacts/1900b0aP.dag/Unity.Services.Core.Environments.Internal.dll, with 130 defines and 195 references

processors: Unity.Jobs.CodeGen.JobsILPostProcessor, Unity.Netcode.Editor.CodeGen.INetworkMessageILPP, Unity.Netcode.Editor.CodeGen.INetworkSerializableILPP, Unity.Netcode.Editor.CodeGen.NetworkBehaviourILPP, Unity.Netcode.Editor.CodeGen.RuntimeAccessModifiersILPP, zzzUnity.Burst.CodeGen.BurstILPostProcessor

running Unity.Jobs.CodeGen.JobsILPostProcessor

running Unity.Netcode.Editor.CodeGen.INetworkMessageILPP

running Unity.Netcode.Editor.CodeGen.INetworkSerializableILPP

running Unity.Netcode.Editor.CodeGen.NetworkBehaviourILPP

running Unity.Netcode.Editor.CodeGen.RuntimeAccessModifiersILPP

running zzzUnity.Burst.CodeGen.BurstILPostProcessor
[519/606    0s] ILPostProcess Library/Bee/artifacts/1900b0aP.dag/post-processed/Unity.TextMeshPro.dll (+pdb)
Processing assembly Library/Bee/artifacts/1900b0aP.dag/Unity.TextMeshPro.dll, with 131 defines and 195 references

processors: Unity.Jobs.CodeGen.JobsILPostProcessor, Unity.Netcode.Editor.CodeGen.INetworkMessageILPP, Unity.Netcode.Editor.CodeGen.INetworkSerializableILPP, Unity.Netcode.Editor.CodeGen.NetworkBehaviourILPP, Unity.Netcode.Editor.CodeGen.RuntimeAccessModifiersILPP, zzzUnity.Burst.CodeGen.BurstILPostProcessor

running Unity.Jobs.CodeGen.JobsILPostProcessor

running Unity.Netcode.Editor.CodeGen.INetworkMessageILPP

running Unity.Netcode.Editor.CodeGen.INetworkSerializableILPP

running Unity.Netcode.Editor.CodeGen.NetworkBehaviourILPP

running Unity.Netcode.Editor.CodeGen.RuntimeAccessModifiersILPP

running zzzUnity.Burst.CodeGen.BurstILPostProcessor
[520/606    0s] ILPostProcess Library/Bee/artifacts/1900b0aP.dag/post-processed/Unity.Services.Wire.Internal.dll (+pdb)
Processing assembly Library/Bee/artifacts/1900b0aP.dag/Unity.Services.Wire.Internal.dll, with 130 defines and 197 references

processors: Unity.Jobs.CodeGen.JobsILPostProcessor, Unity.Netcode.Editor.CodeGen.INetworkMessageILPP, Unity.Netcode.Editor.CodeGen.INetworkSerializableILPP, Unity.Netcode.Editor.CodeGen.NetworkBehaviourILPP, Unity.Netcode.Editor.CodeGen.RuntimeAccessModifiersILPP, zzzUnity.Burst.CodeGen.BurstILPostProcessor

running Unity.Jobs.CodeGen.JobsILPostProcessor

running Unity.Netcode.Editor.CodeGen.INetworkMessageILPP

running Unity.Netcode.Editor.CodeGen.INetworkSerializableILPP

running Unity.Netcode.Editor.CodeGen.NetworkBehaviourILPP

running Unity.Netcode.Editor.CodeGen.RuntimeAccessModifiersILPP

running zzzUnity.Burst.CodeGen.BurstILPostProcessor
[521/606    0s] ILPostProcess Library/Bee/artifacts/1900b0aP.dag/post-processed/Unity.Services.Core.Networking.dll (+pdb)
Processing assembly Library/Bee/artifacts/1900b0aP.dag/Unity.Services.Core.Networking.dll, with 130 defines and 196 references

processors: Unity.Jobs.CodeGen.JobsILPostProcessor, Unity.Netcode.Editor.CodeGen.INetworkMessageILPP, Unity.Netcode.Editor.CodeGen.INetworkSerializableILPP, Unity.Netcode.Editor.CodeGen.NetworkBehaviourILPP, Unity.Netcode.Editor.CodeGen.RuntimeAccessModifiersILPP, zzzUnity.Burst.CodeGen.BurstILPostProcessor

running Unity.Jobs.CodeGen.JobsILPostProcessor

running Unity.Netcode.Editor.CodeGen.INetworkMessageILPP

running Unity.Netcode.Editor.CodeGen.INetworkSerializableILPP

running Unity.Netcode.Editor.CodeGen.NetworkBehaviourILPP

running Unity.Netcode.Editor.CodeGen.RuntimeAccessModifiersILPP

running zzzUnity.Burst.CodeGen.BurstILPostProcessor
[           0s] Csc Library/Bee/artifacts/1900b0aP.dag/Unity.Collections.dll (+2 others) [CacheMiss 6c1717c4f5bbe8d78649213049fc89ad00000000000000000000000000000006]
[522/606    0s] CopyFiles Library/Bee/PlayerScriptAssemblies/Unity.Services.Core.Environments.Internal.dll
[523/606    0s] CopyFiles Library/Bee/PlayerScriptAssemblies/Unity.TextMeshPro.pdb
[524/606    0s] CopyFiles Library/Bee/PlayerScriptAssemblies/Unity.TextMeshPro.dll
[525/606    0s] CopyFiles Library/Bee/PlayerScriptAssemblies/Unity.Services.Wire.Internal.pdb
[526/606    0s] CopyFiles Library/Bee/PlayerScriptAssemblies/Unity.Services.Core.Device.dll
[527/606    0s] CopyFiles Library/Bee/PlayerScriptAssemblies/Unity.Services.Wire.Internal.dll
[528/606    0s] CopyFiles Library/Bee/PlayerScriptAssemblies/Unity.Services.Core.Device.pdb
[529/606    0s] CopyFiles Library/Bee/PlayerScriptAssemblies/Unity.Services.Core.Environments.Internal.pdb
[530/606    0s] CopyFiles Library/Bee/PlayerScriptAssemblies/Unity.Services.Core.Networking.dll
[531/606    0s] CopyFiles Library/Bee/PlayerScriptAssemblies/Unity.Services.Core.Networking.pdb
[532/606    0s] ILPostProcess Library/Bee/artifacts/1900b0aP.dag/post-processed/Unity.Services.Core.Telemetry.dll (+pdb)
Processing assembly Library/Bee/artifacts/1900b0aP.dag/Unity.Services.Core.Telemetry.dll, with 130 defines and 196 references

processors: Unity.Jobs.CodeGen.JobsILPostProcessor, Unity.Netcode.Editor.CodeGen.INetworkMessageILPP, Unity.Netcode.Editor.CodeGen.INetworkSerializableILPP, Unity.Netcode.Editor.CodeGen.NetworkBehaviourILPP, Unity.Netcode.Editor.CodeGen.RuntimeAccessModifiersILPP, zzzUnity.Burst.CodeGen.BurstILPostProcessor

running Unity.Jobs.CodeGen.JobsILPostProcessor

running Unity.Netcode.Editor.CodeGen.INetworkMessageILPP

running Unity.Netcode.Editor.CodeGen.INetworkSerializableILPP

running Unity.Netcode.Editor.CodeGen.NetworkBehaviourILPP

running Unity.Netcode.Editor.CodeGen.RuntimeAccessModifiersILPP

running zzzUnity.Burst.CodeGen.BurstILPostProcessor
[533/606    0s] ILPostProcess Library/Bee/artifacts/1900b0aP.dag/post-processed/Unity.Services.Core.Scheduler.dll (+pdb)
Processing assembly Library/Bee/artifacts/1900b0aP.dag/Unity.Services.Core.Scheduler.dll, with 130 defines and 196 references

processors: Unity.Jobs.CodeGen.JobsILPostProcessor, Unity.Netcode.Editor.CodeGen.INetworkMessageILPP, Unity.Netcode.Editor.CodeGen.INetworkSerializableILPP, Unity.Netcode.Editor.CodeGen.NetworkBehaviourILPP, Unity.Netcode.Editor.CodeGen.RuntimeAccessModifiersILPP, zzzUnity.Burst.CodeGen.BurstILPostProcessor

running Unity.Jobs.CodeGen.JobsILPostProcessor

running Unity.Netcode.Editor.CodeGen.INetworkMessageILPP

running Unity.Netcode.Editor.CodeGen.INetworkSerializableILPP

running Unity.Netcode.Editor.CodeGen.NetworkBehaviourILPP

running Unity.Netcode.Editor.CodeGen.RuntimeAccessModifiersILPP

running zzzUnity.Burst.CodeGen.BurstILPostProcessor
[534/606    0s] ILPostProcess Library/Bee/artifacts/1900b0aP.dag/post-processed/Unity.Services.Core.Configuration.dll (+pdb)
Processing assembly Library/Bee/artifacts/1900b0aP.dag/Unity.Services.Core.Configuration.dll, with 130 defines and 196 references

processors: Unity.Jobs.CodeGen.JobsILPostProcessor, Unity.Netcode.Editor.CodeGen.INetworkMessageILPP, Unity.Netcode.Editor.CodeGen.INetworkSerializableILPP, Unity.Netcode.Editor.CodeGen.NetworkBehaviourILPP, Unity.Netcode.Editor.CodeGen.RuntimeAccessModifiersILPP, zzzUnity.Burst.CodeGen.BurstILPostProcessor

running Unity.Jobs.CodeGen.JobsILPostProcessor

running Unity.Netcode.Editor.CodeGen.INetworkMessageILPP

running Unity.Netcode.Editor.CodeGen.INetworkSerializableILPP

running Unity.Netcode.Editor.CodeGen.NetworkBehaviourILPP

running Unity.Netcode.Editor.CodeGen.RuntimeAccessModifiersILPP

running zzzUnity.Burst.CodeGen.BurstILPostProcessor
[535/606    0s] ILPostProcess Library/Bee/artifacts/1900b0aP.dag/post-processed/Unity.Services.Authentication.PlayerAccounts.dll (+pdb)
Processing assembly Library/Bee/artifacts/1900b0aP.dag/Unity.Services.Authentication.PlayerAccounts.dll, with 130 defines and 196 references

processors: Unity.Jobs.CodeGen.JobsILPostProcessor, Unity.Netcode.Editor.CodeGen.INetworkMessageILPP, Unity.Netcode.Editor.CodeGen.INetworkSerializableILPP, Unity.Netcode.Editor.CodeGen.NetworkBehaviourILPP, Unity.Netcode.Editor.CodeGen.RuntimeAccessModifiersILPP, zzzUnity.Burst.CodeGen.BurstILPostProcessor

running Unity.Jobs.CodeGen.JobsILPostProcessor

running Unity.Netcode.Editor.CodeGen.INetworkMessageILPP

running Unity.Netcode.Editor.CodeGen.INetworkSerializableILPP

running Unity.Netcode.Editor.CodeGen.NetworkBehaviourILPP

running Unity.Netcode.Editor.CodeGen.RuntimeAccessModifiersILPP

running zzzUnity.Burst.CodeGen.BurstILPostProcessor
[536/606    0s] CopyFiles Library/Bee/PlayerScriptAssemblies/Unity.Services.Core.Telemetry.pdb
[537/606    0s] CopyFiles Library/Bee/PlayerScriptAssemblies/Unity.Services.Core.Telemetry.dll
[538/606    0s] CopyFiles Library/Bee/PlayerScriptAssemblies/Unity.Services.Core.Scheduler.dll
[539/606    0s] ILPostProcess Library/Bee/artifacts/1900b0aP.dag/post-processed/Unity.Services.Core.Threading.dll (+pdb)
Processing assembly Library/Bee/artifacts/1900b0aP.dag/Unity.Services.Core.Threading.dll, with 130 defines and 196 references

processors: Unity.Jobs.CodeGen.JobsILPostProcessor, Unity.Netcode.Editor.CodeGen.INetworkMessageILPP, Unity.Netcode.Editor.CodeGen.INetworkSerializableILPP, Unity.Netcode.Editor.CodeGen.NetworkBehaviourILPP, Unity.Netcode.Editor.CodeGen.RuntimeAccessModifiersILPP, zzzUnity.Burst.CodeGen.BurstILPostProcessor

running Unity.Jobs.CodeGen.JobsILPostProcessor

running Unity.Netcode.Editor.CodeGen.INetworkMessageILPP

running Unity.Netcode.Editor.CodeGen.INetworkSerializableILPP

running Unity.Netcode.Editor.CodeGen.NetworkBehaviourILPP

running Unity.Netcode.Editor.CodeGen.RuntimeAccessModifiersILPP

running zzzUnity.Burst.CodeGen.BurstILPostProcessor
[540/606    0s] CopyFiles Library/Bee/PlayerScriptAssemblies/Unity.Services.Core.Scheduler.pdb
[541/606    0s] CopyFiles Library/Bee/PlayerScriptAssemblies/Unity.Services.Core.Configuration.dll
[542/606    0s] CopyFiles Library/Bee/PlayerScriptAssemblies/Unity.Services.Core.Configuration.pdb
[543/606    0s] ILPostProcess Library/Bee/artifacts/1900b0aP.dag/post-processed/Unity.Services.Core.Environments.dll (+pdb)
Processing assembly Library/Bee/artifacts/1900b0aP.dag/Unity.Services.Core.Environments.dll, with 130 defines and 196 references

processors: Unity.Jobs.CodeGen.JobsILPostProcessor, Unity.Netcode.Editor.CodeGen.INetworkMessageILPP, Unity.Netcode.Editor.CodeGen.INetworkSerializableILPP, Unity.Netcode.Editor.CodeGen.NetworkBehaviourILPP, Unity.Netcode.Editor.CodeGen.RuntimeAccessModifiersILPP, zzzUnity.Burst.CodeGen.BurstILPostProcessor

running Unity.Jobs.CodeGen.JobsILPostProcessor

running Unity.Netcode.Editor.CodeGen.INetworkMessageILPP

running Unity.Netcode.Editor.CodeGen.INetworkSerializableILPP

running Unity.Netcode.Editor.CodeGen.NetworkBehaviourILPP

running Unity.Netcode.Editor.CodeGen.RuntimeAccessModifiersILPP

running zzzUnity.Burst.CodeGen.BurstILPostProcessor
[544/606    0s] MovedFromExtractor-Combine Library/Bee/artifacts/1900b0aP.dag/Unity.Services.Core.Components.dll.mvfrm
[545/606    0s] MovedFromExtractor-Combine Library/Bee/artifacts/1900b0aP.dag/Unity.Services.Core.Registration.dll.mvfrm
[546/606    0s] CopyFiles Library/Bee/PlayerScriptAssemblies/Unity.Services.Authentication.PlayerAccounts.pdb
[547/606    0s] CopyFiles Library/Bee/PlayerScriptAssemblies/Unity.Services.Core.Threading.pdb
[548/606    0s] CopyFiles Library/Bee/PlayerScriptAssemblies/Unity.Services.Core.Threading.dll
[549/606    0s] CopyFiles Library/Bee/PlayerScriptAssemblies/Unity.Services.Core.Environments.dll
[550/606    0s] CopyFiles Library/Bee/PlayerScriptAssemblies/Unity.Services.Core.Environments.pdb
[           0s] Csc Library/Bee/artifacts/1900b0aP.dag/Unity.Services.Core.Registration.dll (+2 others) [CacheMiss 03bfa8a4940980bd7c817190743cc6e400000000000000000000000000000006]
[           0s] Csc Library/Bee/artifacts/1900b0aP.dag/Unity.Services.Core.Components.dll (+2 others) [CacheMiss f9ebc624dd016852dd95103d7223700500000000000000000000000000000006]
[551/606    0s] CopyFiles Library/Bee/PlayerScriptAssemblies/Unity.Services.Authentication.PlayerAccounts.dll
[552/606    0s] Csc Library/Bee/artifacts/1900b0aP.dag/Unity.Services.Core.Components.dll (+2 others)
[553/606    0s] Csc Library/Bee/artifacts/1900b0aP.dag/Unity.Services.Core.Registration.dll (+2 others)
[           0s] Csc Library/Bee/artifacts/1900b0aP.dag/Unity.Services.Core.Components.dll (+2 others) [CacheWrite f9ebc624dd016852dd95103d7223700500000000000000000000000000000006]
[           0s] Csc Library/Bee/artifacts/1900b0aP.dag/Unity.Services.Core.Registration.dll (+2 others) [CacheWrite 03bfa8a4940980bd7c817190743cc6e400000000000000000000000000000006]
[554/606    0s] ILPostProcess Library/Bee/artifacts/1900b0aP.dag/post-processed/Unity.Services.Core.Components.dll (+pdb)
Processing assembly Library/Bee/artifacts/1900b0aP.dag/Unity.Services.Core.Components.dll, with 130 defines and 197 references

processors: Unity.Jobs.CodeGen.JobsILPostProcessor, Unity.Netcode.Editor.CodeGen.INetworkMessageILPP, Unity.Netcode.Editor.CodeGen.INetworkSerializableILPP, Unity.Netcode.Editor.CodeGen.NetworkBehaviourILPP, Unity.Netcode.Editor.CodeGen.RuntimeAccessModifiersILPP, zzzUnity.Burst.CodeGen.BurstILPostProcessor

running Unity.Jobs.CodeGen.JobsILPostProcessor

running Unity.Netcode.Editor.CodeGen.INetworkMessageILPP

running Unity.Netcode.Editor.CodeGen.INetworkSerializableILPP

running Unity.Netcode.Editor.CodeGen.NetworkBehaviourILPP

running Unity.Netcode.Editor.CodeGen.RuntimeAccessModifiersILPP

running zzzUnity.Burst.CodeGen.BurstILPostProcessor
[555/606    1s] ILPostProcess Library/Bee/artifacts/1900b0aP.dag/post-processed/Unity.Burst.dll (+pdb)
Processing assembly Library/Bee/artifacts/1900b0aP.dag/Unity.Burst.dll, with 130 defines and 191 references

processors: Unity.Jobs.CodeGen.JobsILPostProcessor, Unity.Netcode.Editor.CodeGen.INetworkMessageILPP, Unity.Netcode.Editor.CodeGen.INetworkSerializableILPP, Unity.Netcode.Editor.CodeGen.NetworkBehaviourILPP, Unity.Netcode.Editor.CodeGen.RuntimeAccessModifiersILPP, zzzUnity.Burst.CodeGen.BurstILPostProcessor

running Unity.Jobs.CodeGen.JobsILPostProcessor

running Unity.Netcode.Editor.CodeGen.INetworkMessageILPP

running Unity.Netcode.Editor.CodeGen.INetworkSerializableILPP

running Unity.Netcode.Editor.CodeGen.NetworkBehaviourILPP

running Unity.Netcode.Editor.CodeGen.RuntimeAccessModifiersILPP

running zzzUnity.Burst.CodeGen.BurstILPostProcessor
[556/606    0s] ILPostProcess Library/Bee/artifacts/1900b0aP.dag/post-processed/Unity.Services.Core.Registration.dll (+pdb)
Processing assembly Library/Bee/artifacts/1900b0aP.dag/Unity.Services.Core.Registration.dll, with 130 defines and 203 references

processors: Unity.Jobs.CodeGen.JobsILPostProcessor, Unity.Netcode.Editor.CodeGen.INetworkMessageILPP, Unity.Netcode.Editor.CodeGen.INetworkSerializableILPP, Unity.Netcode.Editor.CodeGen.NetworkBehaviourILPP, Unity.Netcode.Editor.CodeGen.RuntimeAccessModifiersILPP, zzzUnity.Burst.CodeGen.BurstILPostProcessor

running Unity.Jobs.CodeGen.JobsILPostProcessor

running Unity.Netcode.Editor.CodeGen.INetworkMessageILPP

running Unity.Netcode.Editor.CodeGen.INetworkSerializableILPP

running Unity.Netcode.Editor.CodeGen.NetworkBehaviourILPP

running Unity.Netcode.Editor.CodeGen.RuntimeAccessModifiersILPP

running zzzUnity.Burst.CodeGen.BurstILPostProcessor
[557/606    0s] CopyFiles Library/Bee/PlayerScriptAssemblies/Unity.Services.Core.Components.pdb
[558/606    0s] CopyFiles Library/Bee/PlayerScriptAssemblies/Unity.Services.Core.Components.dll
[559/606    0s] CopyFiles Library/Bee/PlayerScriptAssemblies/Unity.Burst.pdb
[560/606    0s] CopyFiles Library/Bee/PlayerScriptAssemblies/Unity.Services.Core.Registration.dll
[561/606    0s] CopyFiles Library/Bee/PlayerScriptAssemblies/Unity.Services.Core.Registration.pdb
[562/606    0s] MovedFromExtractor Library/Bee/artifacts/mvdfrm/Unity.Services.Core.Components.ref.dll_5A0F28C95E66A668.mvfrm
[563/606    0s] CopyFiles Library/Bee/PlayerScriptAssemblies/Unity.Burst.dll
[564/606    0s] MovedFromExtractor-Combine Library/Bee/artifacts/1900b0aP.dag/Unity.Services.Authentication.dll.mvfrm
[           0s] Csc Library/Bee/artifacts/1900b0aP.dag/Unity.Services.Authentication.dll (+2 others) [CacheMiss 63bd156445976d3325c299d7c62bcd5e00000000000000000000000000000006]
[565/606    1s] Csc Library/Bee/artifacts/1900b0aP.dag/Unity.Services.Authentication.dll (+2 others)
[           0s] Csc Library/Bee/artifacts/1900b0aP.dag/Unity.Services.Authentication.dll (+2 others) [CacheWrite 63bd156445976d3325c299d7c62bcd5e00000000000000000000000000000006]
[566/606    0s] ILPostProcess Library/Bee/artifacts/1900b0aP.dag/post-processed/Unity.Services.Authentication.dll (+pdb)
Processing assembly Library/Bee/artifacts/1900b0aP.dag/Unity.Services.Authentication.dll, with 130 defines and 198 references

processors: Unity.Jobs.CodeGen.JobsILPostProcessor, Unity.Netcode.Editor.CodeGen.INetworkMessageILPP, Unity.Netcode.Editor.CodeGen.INetworkSerializableILPP, Unity.Netcode.Editor.CodeGen.NetworkBehaviourILPP, Unity.Netcode.Editor.CodeGen.RuntimeAccessModifiersILPP, zzzUnity.Burst.CodeGen.BurstILPostProcessor

running Unity.Jobs.CodeGen.JobsILPostProcessor

running Unity.Netcode.Editor.CodeGen.INetworkMessageILPP

running Unity.Netcode.Editor.CodeGen.INetworkSerializableILPP

running Unity.Netcode.Editor.CodeGen.NetworkBehaviourILPP

running Unity.Netcode.Editor.CodeGen.RuntimeAccessModifiersILPP

running zzzUnity.Burst.CodeGen.BurstILPostProcessor
[567/606    0s] CopyFiles Library/Bee/PlayerScriptAssemblies/Unity.Services.Authentication.pdb
[568/606    0s] MovedFromExtractor Library/Bee/artifacts/mvdfrm/Unity.Services.Authentication.ref.dll_9531D9BB8FB3E42B.mvfrm
[569/606    0s] CopyFiles Library/Bee/PlayerScriptAssemblies/Unity.Services.Authentication.dll
[570/606    2s] Csc Library/Bee/artifacts/1900b0aP.dag/Unity.Collections.dll (+2 others)
[           0s] Csc Library/Bee/artifacts/1900b0aP.dag/Unity.Collections.dll (+2 others) [CacheWrite 6c1717c4f5bbe8d78649213049fc89ad00000000000000000000000000000006]
[571/606    0s] MovedFromExtractor Library/Bee/artifacts/mvdfrm/Unity.Collections.ref.dll_914F3C16C2C534D8.mvfrm
[572/606    0s] MovedFromExtractor-Combine Library/Bee/artifacts/1900b0aP.dag/Unity.Services.QoS.dll.mvfrm
[573/606    0s] MovedFromExtractor-Combine Library/Bee/artifacts/1900b0aP.dag/Unity.Networking.Transport.dll.mvfrm
[           0s] Csc Library/Bee/artifacts/1900b0aP.dag/Unity.Services.QoS.dll (+2 others) [CacheMiss cb577407445f2e03b2b4be0e1c9fbe5100000000000000000000000000000006]
[           0s] Csc Library/Bee/artifacts/1900b0aP.dag/Unity.Networking.Transport.dll (+2 others) [CacheMiss 66e3d748fa96dd171f093033670c270f00000000000000000000000000000006]
[574/606    0s] Csc Library/Bee/artifacts/1900b0aP.dag/Unity.Services.QoS.dll (+2 others)
[           0s] Csc Library/Bee/artifacts/1900b0aP.dag/Unity.Services.QoS.dll (+2 others) [CacheWrite cb577407445f2e03b2b4be0e1c9fbe5100000000000000000000000000000006]
[575/606    1s] ILPostProcess Library/Bee/artifacts/1900b0aP.dag/post-processed/Unity.Collections.dll (+pdb)
Processing assembly Library/Bee/artifacts/1900b0aP.dag/Unity.Collections.dll, with 132 defines and 196 references

processors: Unity.Jobs.CodeGen.JobsILPostProcessor, Unity.Netcode.Editor.CodeGen.INetworkMessageILPP, Unity.Netcode.Editor.CodeGen.INetworkSerializableILPP, Unity.Netcode.Editor.CodeGen.NetworkBehaviourILPP, Unity.Netcode.Editor.CodeGen.RuntimeAccessModifiersILPP, zzzUnity.Burst.CodeGen.BurstILPostProcessor

running Unity.Jobs.CodeGen.JobsILPostProcessor

running Unity.Netcode.Editor.CodeGen.INetworkMessageILPP

running Unity.Netcode.Editor.CodeGen.INetworkSerializableILPP

running Unity.Netcode.Editor.CodeGen.NetworkBehaviourILPP

running Unity.Netcode.Editor.CodeGen.RuntimeAccessModifiersILPP

running zzzUnity.Burst.CodeGen.BurstILPostProcessor
[576/606    0s] Csc Library/Bee/artifacts/1900b0aP.dag/Unity.Networking.Transport.dll (+2 others)
[           0s] Csc Library/Bee/artifacts/1900b0aP.dag/Unity.Networking.Transport.dll (+2 others) [CacheWrite 66e3d748fa96dd171f093033670c270f00000000000000000000000000000006]
[577/606    0s] CopyFiles Library/Bee/PlayerScriptAssemblies/Unity.Collections.pdb
[578/606    0s] CopyFiles Library/Bee/PlayerScriptAssemblies/Unity.Collections.dll
[579/606    0s] ILPostProcess Library/Bee/artifacts/1900b0aP.dag/post-processed/Unity.Services.QoS.dll (+pdb)
Processing assembly Library/Bee/artifacts/1900b0aP.dag/Unity.Services.QoS.dll, with 131 defines and 197 references

processors: Unity.Jobs.CodeGen.JobsILPostProcessor, Unity.Netcode.Editor.CodeGen.INetworkMessageILPP, Unity.Netcode.Editor.CodeGen.INetworkSerializableILPP, Unity.Netcode.Editor.CodeGen.NetworkBehaviourILPP, Unity.Netcode.Editor.CodeGen.RuntimeAccessModifiersILPP, zzzUnity.Burst.CodeGen.BurstILPostProcessor

running Unity.Jobs.CodeGen.JobsILPostProcessor

running Unity.Netcode.Editor.CodeGen.INetworkMessageILPP

running Unity.Netcode.Editor.CodeGen.INetworkSerializableILPP

running Unity.Netcode.Editor.CodeGen.NetworkBehaviourILPP

running Unity.Netcode.Editor.CodeGen.RuntimeAccessModifiersILPP

running zzzUnity.Burst.CodeGen.BurstILPostProcessor
[580/606    0s] MovedFromExtractor Library/Bee/artifacts/mvdfrm/Unity.Services.QoS.ref.dll_A1E9091420511448.mvfrm
[581/606    0s] CopyFiles Library/Bee/PlayerScriptAssemblies/Unity.Services.QoS.pdb
[582/606    0s] CopyFiles Library/Bee/PlayerScriptAssemblies/Unity.Services.QoS.dll
[583/606    0s] MovedFromExtractor Library/Bee/artifacts/mvdfrm/Unity.Networking.Transport.ref.dll_402129430A0ABF72.mvfrm
[584/606    0s] ILPostProcess Library/Bee/artifacts/1900b0aP.dag/post-processed/Unity.Networking.Transport.dll (+pdb)
Processing assembly Library/Bee/artifacts/1900b0aP.dag/Unity.Networking.Transport.dll, with 130 defines and 197 references

processors: Unity.Jobs.CodeGen.JobsILPostProcessor, Unity.Netcode.Editor.CodeGen.INetworkMessageILPP, Unity.Netcode.Editor.CodeGen.INetworkSerializableILPP, Unity.Netcode.Editor.CodeGen.NetworkBehaviourILPP, Unity.Netcode.Editor.CodeGen.RuntimeAccessModifiersILPP, zzzUnity.Burst.CodeGen.BurstILPostProcessor

running Unity.Jobs.CodeGen.JobsILPostProcessor

running Unity.Netcode.Editor.CodeGen.INetworkMessageILPP

running Unity.Netcode.Editor.CodeGen.INetworkSerializableILPP

running Unity.Netcode.Editor.CodeGen.NetworkBehaviourILPP

running Unity.Netcode.Editor.CodeGen.RuntimeAccessModifiersILPP

running zzzUnity.Burst.CodeGen.BurstILPostProcessor
[585/606    0s] CopyFiles Library/Bee/PlayerScriptAssemblies/Unity.Networking.Transport.pdb
[586/606    0s] MovedFromExtractor-Combine Library/Bee/artifacts/1900b0aP.dag/Unity.Netcode.Runtime.dll.mvfrm
[587/606    0s] CopyFiles Library/Bee/PlayerScriptAssemblies/Unity.Networking.Transport.dll
[           0s] Csc Library/Bee/artifacts/1900b0aP.dag/Unity.Netcode.Runtime.dll (+2 others) [CacheMiss b6ab290c4ede904126fbf7eac63e08d400000000000000000000000000000006]
[588/606    1s] Csc Library/Bee/artifacts/1900b0aP.dag/Unity.Netcode.Runtime.dll (+2 others)
[           0s] Csc Library/Bee/artifacts/1900b0aP.dag/Unity.Netcode.Runtime.dll (+2 others) [CacheWrite b6ab290c4ede904126fbf7eac63e08d400000000000000000000000000000006]
[589/606    0s] MovedFromExtractor Library/Bee/artifacts/mvdfrm/Unity.Netcode.Runtime.ref.dll_90BD8F2F0A0A5847.mvfrm
[590/606    0s] MovedFromExtractor-Combine Library/Bee/artifacts/1900b0aP.dag/Unity.Services.Multiplayer.dll.mvfrm
[           0s] Csc Library/Bee/artifacts/1900b0aP.dag/Unity.Services.Multiplayer.dll (+2 others) [CacheMiss 149e4c6c698c28472c92ceb6612bb82e00000000000000000000000000000006]
[591/606    1s] ILPostProcess Library/Bee/artifacts/1900b0aP.dag/post-processed/Unity.Netcode.Runtime.dll (+pdb)
Processing assembly Library/Bee/artifacts/1900b0aP.dag/Unity.Netcode.Runtime.dll, with 141 defines and 198 references

processors: Unity.Jobs.CodeGen.JobsILPostProcessor, Unity.Netcode.Editor.CodeGen.INetworkMessageILPP, Unity.Netcode.Editor.CodeGen.INetworkSerializableILPP, Unity.Netcode.Editor.CodeGen.NetworkBehaviourILPP, Unity.Netcode.Editor.CodeGen.RuntimeAccessModifiersILPP, zzzUnity.Burst.CodeGen.BurstILPostProcessor

running Unity.Jobs.CodeGen.JobsILPostProcessor

running Unity.Netcode.Editor.CodeGen.INetworkMessageILPP

running Unity.Netcode.Editor.CodeGen.INetworkSerializableILPP

running Unity.Netcode.Editor.CodeGen.NetworkBehaviourILPP

running Unity.Netcode.Editor.CodeGen.RuntimeAccessModifiersILPP

running zzzUnity.Burst.CodeGen.BurstILPostProcessor
[592/606    0s] CopyFiles Library/Bee/PlayerScriptAssemblies/Unity.Netcode.Runtime.pdb
[593/606    0s] CopyFiles Library/Bee/PlayerScriptAssemblies/Unity.Netcode.Runtime.dll
[594/606    2s] Csc Library/Bee/artifacts/1900b0aP.dag/Unity.Services.Multiplayer.dll (+2 others)
[           0s] Csc Library/Bee/artifacts/1900b0aP.dag/Unity.Services.Multiplayer.dll (+2 others) [CacheWrite 149e4c6c698c28472c92ceb6612bb82e00000000000000000000000000000006]
[595/606    0s] MovedFromExtractor Library/Bee/artifacts/mvdfrm/Unity.Services.Multiplayer.ref.dll_64315C261A11C9ED.mvfrm
[596/606    0s] MovedFromExtractor-Combine Library/Bee/artifacts/1900b0aP.dag/Assembly-CSharp.dll.mvfrm
[597/606    0s] Csc Library/Bee/artifacts/1900b0aP.dag/Assembly-CSharp.dll (+2 others)
[598/606    0s] ILPostProcess Library/Bee/artifacts/1900b0aP.dag/post-processed/Unity.Services.Multiplayer.dll (+pdb)
Processing assembly Library/Bee/artifacts/1900b0aP.dag/Unity.Services.Multiplayer.dll, with 133 defines and 203 references

processors: Unity.Jobs.CodeGen.JobsILPostProcessor, Unity.Netcode.Editor.CodeGen.INetworkMessageILPP, Unity.Netcode.Editor.CodeGen.INetworkSerializableILPP, Unity.Netcode.Editor.CodeGen.NetworkBehaviourILPP, Unity.Netcode.Editor.CodeGen.RuntimeAccessModifiersILPP, zzzUnity.Burst.CodeGen.BurstILPostProcessor

running Unity.Jobs.CodeGen.JobsILPostProcessor

running Unity.Netcode.Editor.CodeGen.INetworkMessageILPP

running Unity.Netcode.Editor.CodeGen.INetworkSerializableILPP

running Unity.Netcode.Editor.CodeGen.NetworkBehaviourILPP

running Unity.Netcode.Editor.CodeGen.RuntimeAccessModifiersILPP

running zzzUnity.Burst.CodeGen.BurstILPostProcessor
[599/606    0s] CopyFiles Library/Bee/PlayerScriptAssemblies/Unity.Services.Multiplayer.pdb
[600/606    0s] CopyFiles Library/Bee/PlayerScriptAssemblies/Unity.Services.Multiplayer.dll
[601/606    0s] ILPostProcess Library/Bee/artifacts/1900b0aP.dag/post-processed/Assembly-CSharp.dll (+pdb)
Processing assembly Library/Bee/artifacts/1900b0aP.dag/Assembly-CSharp.dll, with 130 defines and 209 references

processors: Unity.Jobs.CodeGen.JobsILPostProcessor, Unity.Netcode.Editor.CodeGen.INetworkMessageILPP, Unity.Netcode.Editor.CodeGen.INetworkSerializableILPP, Unity.Netcode.Editor.CodeGen.NetworkBehaviourILPP, Unity.Netcode.Editor.CodeGen.RuntimeAccessModifiersILPP, zzzUnity.Burst.CodeGen.BurstILPostProcessor

running Unity.Jobs.CodeGen.JobsILPostProcessor

running Unity.Netcode.Editor.CodeGen.INetworkMessageILPP

running Unity.Netcode.Editor.CodeGen.INetworkSerializableILPP

running Unity.Netcode.Editor.CodeGen.NetworkBehaviourILPP

running Unity.Netcode.Editor.CodeGen.RuntimeAccessModifiersILPP

running zzzUnity.Burst.CodeGen.BurstILPostProcessor
[602/606    0s] CopyFiles Library/Bee/PlayerScriptAssemblies/Assembly-CSharp.pdb
[603/606    0s] CopyFiles Library/Bee/PlayerScriptAssemblies/Assembly-CSharp.dll
[605/606    0s] BuildPlayerDataGenerator Library/BuildPlayerData/Player/RuntimeInitializeOnLoads.json (+1 other)
*** Tundra build success (19.94 seconds), 306 items updated, 606 evaluated
Rebuilding Data files because Assets/Resources/PerformanceTestRunInfo.json is dirty (hash)


Mono dependencies included in the build
Dependency assembly - Mono.CSharp.dll
Dependency assembly - System.Security.Cryptography.Encryption.Aes.dll
Dependency assembly - Mono.Options.dll
Dependency assembly - System.Reflection.Primitives.dll
Dependency assembly - Mono.Messaging.dll
Dependency assembly - System.ServiceModel.Security.dll
Dependency assembly - System.Reactive.Experimental.dll
Dependency assembly - Microsoft.Extensions.DependencyInjection.Abstractions.dll
Dependency assembly - System.Threading.Tasks.Dataflow.dll
Dependency assembly - Accessibility.dll
Dependency assembly - System.Linq.Queryable.dll
Dependency assembly - System.Collections.dll
Dependency assembly - System.Security.Cryptography.Algorithms.dll
Dependency assembly - System.Reflection.TypeExtensions.dll
Dependency assembly - Unity.Services.Wire.Internal.dll
Dependency assembly - System.Diagnostics.Contracts.dll
Dependency assembly - Unity.InternalAPIEngineBridge.004.dll
Dependency assembly - System.Numerics.dll
Dependency assembly - Microsoft.CSharp.dll
Dependency assembly - System.Web.Services.dll
Dependency assembly - System.Security.Cryptography.Encryption.ECDiffieHellman.dll
Dependency assembly - SystemWebTestShim.dll
Dependency assembly - System.IO.IsolatedStorage.dll
Dependency assembly - System.Buffers.dll
Dependency assembly - System.Globalization.Calendars.dll
Dependency assembly - Microsoft.Build.Engine.dll
Dependency assembly - Mono.Security.dll
Dependency assembly - Mono.Http.dll
Dependency assembly - System.IO.Compression.dll
Dependency assembly - ICSharpCode.SharpZipLib.dll
Dependency assembly - Mono.Data.Sqlite.dll
Dependency assembly - System.Collections.NonGeneric.dll
Dependency assembly - System.Security.Cryptography.RandomNumberGenerator.dll
Dependency assembly - System.IO.FileSystem.Primitives.dll
Dependency assembly - System.Threading.Overlapped.dll
Dependency assembly - System.DirectoryServices.Protocols.dll
Dependency assembly - System.IO.UnmanagedMemoryStream.dll
Dependency assembly - System.Security.Cryptography.Cng.dll
Dependency assembly - System.Workflow.ComponentModel.dll
Dependency assembly - I18N.CJK.dll
Dependency assembly - System.Resources.ResourceManager.dll
Dependency assembly - System.Threading.dll
Dependency assembly - System.Data.Linq.dll
Dependency assembly - System.Web.Mobile.dll
Dependency assembly - I18N.dll
Dependency assembly - Microsoft.Build.Utilities.v4.0.dll
Dependency assembly - System.Xml.Linq.dll
Dependency assembly - System.Management.dll
Dependency assembly - System.Xml.dll
Dependency assembly - System.Net.Cache.dll
Dependency assembly - System.Web.DynamicData.dll
Dependency assembly - System.IO.MemoryMappedFiles.dll
Dependency assembly - System.Reactive.Providers.dll
Dependency assembly - System.Net.HttpListener.dll
Dependency assembly - System.Net.Sockets.dll
Dependency assembly - Assembly-CSharp.dll
Dependency assembly - System.Xaml.dll
Dependency assembly - System.AppContext.dll
Dependency assembly - System.IO.Pipes.dll
Dependency assembly - System.Reflection.Emit.ILGeneration.dll
Dependency assembly - Mono.Btls.Interface.dll
Dependency assembly - System.Net.Security.dll
Dependency assembly - System.Diagnostics.StackTrace.dll
Dependency assembly - System.IO.FileSystem.Watcher.dll
Dependency assembly - System.Xml.ReaderWriter.dll
Dependency assembly - System.Web.Abstractions.dll
Dependency assembly - Microsoft.Win32.Primitives.dll
Dependency assembly - System.Reflection.Metadata.dll
Dependency assembly - System.IO.FileSystem.DriveInfo.dll
Dependency assembly - System.Runtime.Remoting.dll
Dependency assembly - System.Linq.Parallel.dll
Dependency assembly - Mono.WebBrowser.dll
Dependency assembly - System.ComponentModel.Composition.dll
Dependency assembly - System.ComponentModel.DataAnnotations.dll
Dependency assembly - System.Reactive.Debugger.dll
Dependency assembly - Commons.Xml.Relaxng.dll
Dependency assembly - System.Numerics.Vectors.dll
Dependency assembly - System.Windows.Forms.dll
Dependency assembly - Unity.Services.Core.Configuration.dll
Dependency assembly - Mono.Management.dll
Dependency assembly - System.Reactive.Windows.Threading.dll
Dependency assembly - System.dll
Dependency assembly - System.Dynamic.Runtime.dll
Dependency assembly - System.Diagnostics.FileVersionInfo.dll
Dependency assembly - System.Security.Cryptography.Pkcs.dll
Dependency assembly - System.Runtime.dll
Dependency assembly - System.Windows.dll
Dependency assembly - System.Runtime.Handles.dll
Dependency assembly - System.Threading.Tasks.Parallel.dll
Dependency assembly - System.Threading.Tasks.dll
Dependency assembly - System.Web.Http.SelfHost.dll
Dependency assembly - System.Reactive.Linq.dll
Dependency assembly - System.Reactive.Windows.Forms.dll
Dependency assembly - System.ServiceModel.Web.dll
Dependency assembly - System.Reflection.Context.dll
Dependency assembly - Mono.Messaging.RabbitMQ.dll
Dependency assembly - System.Net.NameResolution.dll
Dependency assembly - System.Workflow.Activities.dll
Dependency assembly - System.Text.RegularExpressions.dll
Dependency assembly - System.Messaging.dll
Dependency assembly - System.Web.Razor.dll
Dependency assembly - System.Reactive.Core.dll
Dependency assembly - System.Security.Principal.dll
Dependency assembly - Mono.C5.dll
Dependency assembly - System.ComponentModel.TypeConverter.dll
Dependency assembly - I18N.MidEast.dll
Dependency assembly - System.IdentityModel.dll
Dependency assembly - System.Net.Http.Formatting.dll
Dependency assembly - System.Net.NetworkInformation.dll
Dependency assembly - System.Data.DataSetExtensions.dll
Dependency assembly - System.Runtime.Serialization.Json.dll
Dependency assembly - System.ServiceModel.Http.dll
Dependency assembly - System.Linq.Expressions.dll
Dependency assembly - System.Security.Cryptography.Encryption.ECDsa.dll
Dependency assembly - System.ServiceProcess.ServiceController.dll
Dependency assembly - System.ServiceModel.Duplex.dll
Dependency assembly - System.Text.Encoding.CodePages.dll
Dependency assembly - System.Security.Cryptography.DeriveBytes.dll
Dependency assembly - Microsoft.Build.dll
Dependency assembly - WebMatrix.Data.dll
Dependency assembly - System.Data.dll
Dependency assembly - Unity.Services.Core.Registration.dll
Dependency assembly - Mono.XBuild.Tasks.dll
Dependency assembly - System.Diagnostics.TraceEvent.dll
Dependency assembly - Unity.Services.Core.Environments.dll
Dependency assembly - System.Net.Http.WebRequest.dll
Dependency assembly - System.Reactive.Runtime.Remoting.dll
Dependency assembly - System.Runtime.Caching.dll
Dependency assembly - Microsoft.Build.Tasks.v4.0.dll
Dependency assembly - System.Reflection.DispatchProxy.dll
Dependency assembly - System.DirectoryServices.dll
Dependency assembly - System.Resources.Writer.dll
Dependency assembly - System.Collections.Concurrent.dll
Dependency assembly - System.ServiceModel.NetTcp.dll
Dependency assembly - System.Data.OracleClient.dll
Dependency assembly - System.ComponentModel.Annotations.dll
Dependency assembly - System.Xml.XDocument.dll
Dependency assembly - Novell.Directory.Ldap.dll
Dependency assembly - PEAPI.dll
Dependency assembly - System.ServiceModel.Discovery.dll
Dependency assembly - System.Text.Json.dll
Dependency assembly - System.Security.Cryptography.Csp.dll
Dependency assembly - System.Threading.Thread.dll
Dependency assembly - Unity.Services.Core.Device.dll
Dependency assembly - System.Security.Cryptography.X509Certificates.dll
Dependency assembly - System.Collections.Immutable.dll
Dependency assembly - Unity.Burst.Unsafe.dll
Dependency assembly - Unity.Services.Core.Internal.dll
Dependency assembly - SMDiagnostics.dll
Dependency assembly - System.Text.Encoding.Extensions.dll
Dependency assembly - System.Runtime.Extensions.dll
Dependency assembly - System.Xml.XPath.dll
Dependency assembly - Mono.Simd.dll
Dependency assembly - System.Net.WebSockets.dll
Dependency assembly - System.Security.Cryptography.Hashing.dll
Dependency assembly - System.Security.Cryptography.OpenSsl.dll
Dependency assembly - System.Net.AuthenticationManager.dll
Dependency assembly - System.IO.FileSystem.AccessControl.dll
Dependency assembly - System.Web.Extensions.Design.dll
Dependency assembly - netstandard.dll
Dependency assembly - System.Reactive.PlatformServices.dll
Dependency assembly - System.Threading.AccessControl.dll
Dependency assembly - System.Web.WebPages.Razor.dll
Dependency assembly - System.Web.Http.WebHost.dll
Dependency assembly - Unity.Networking.Transport.dll
Dependency assembly - System.ValueTuple.dll
Dependency assembly - System.Reflection.dll
Dependency assembly - Mono.Posix.dll
Dependency assembly - Microsoft.Win32.Registry.dll
Dependency assembly - System.Runtime.CompilerServices.VisualC.dll
Dependency assembly - System.Data.Services.dll
Dependency assembly - System.Drawing.Primitives.dll
Dependency assembly - System.Data.Services.Client.dll
Dependency assembly - System.Diagnostics.Debug.dll
Dependency assembly - Unity.Services.Multiplayer.dll
Dependency assembly - System.Deployment.dll
Dependency assembly - System.Net.Mail.dll
Dependency assembly - System.Drawing.dll
Dependency assembly - System.Runtime.InteropServices.WindowsRuntime.dll
Dependency assembly - System.Net.WebHeaderCollection.dll
Dependency assembly - System.IO.FileSystem.dll
Dependency assembly - System.Web.Http.dll
Dependency assembly - System.IO.dll
Dependency assembly - System.Xml.Xsl.Primitives.dll
Dependency assembly - System.Configuration.Install.dll
Dependency assembly - System.Web.WebPages.Deployment.dll
Dependency assembly - monodoc.dll
Dependency assembly - System.Web.RegularExpressions.dll
Dependency assembly - System.Security.Cryptography.ProtectedData.dll
Dependency assembly - Unity.Services.QoS.dll
Dependency assembly - Mono.Data.Tds.dll
Dependency assembly - I18N.West.dll
Dependency assembly - System.Net.Utilities.dll
Dependency assembly - websocket-sharp.dll
Dependency assembly - System.Xml.Serialization.dll
Dependency assembly - System.Linq.dll
Dependency assembly - System.Reactive.Interfaces.dll
Dependency assembly - Unity.Netcode.Runtime.dll
Dependency assembly - System.Runtime.Serialization.Xml.dll
Dependency assembly - System.Threading.Tasks.Extensions.dll
Dependency assembly - Unity.Services.Core.Analytics.dll
Dependency assembly - Unity.Services.Authentication.PlayerAccounts.dll
Dependency assembly - System.Data.Common.dll
Dependency assembly - Microsoft.Extensions.Logging.Abstractions.dll
Dependency assembly - WindowsBase.dll
Dependency assembly - Unity.Services.Authentication.dll
Dependency assembly - System.Runtime.CompilerServices.Unsafe.dll
Dependency assembly - System.Configuration.dll
Dependency assembly - System.Text.Encodings.Web.dll
Dependency assembly - System.Security.AccessControl.dll
Dependency assembly - System.Security.Cryptography.Encoding.dll
Dependency assembly - I18N.Other.dll
Dependency assembly - System.ComponentModel.EventBasedAsync.dll
Dependency assembly - System.Runtime.Serialization.Primitives.dll
Dependency assembly - System.Net.WebSockets.Client.dll
Dependency assembly - UnityEngine.UI.dll
Dependency assembly - System.Net.Ping.dll
Dependency assembly - Mono.CompilerServices.SymbolWriter.dll
Dependency assembly - System.Web.Mvc.dll
Dependency assembly - Unity.Collections.dll
Dependency assembly - System.Threading.Timer.dll
Dependency assembly - System.Runtime.InteropServices.dll
Dependency assembly - System.Xml.XmlDocument.dll
Dependency assembly - Microsoft.Bcl.AsyncInterfaces.dll
Dependency assembly - mscorlib.dll
Dependency assembly - System.Globalization.Extensions.dll
Dependency assembly - System.Drawing.Design.dll
Dependency assembly - Unity.TextMeshPro.dll
Dependency assembly - System.Memory.dll
Dependency assembly - IBM.Data.DB2.dll
Dependency assembly - System.ComponentModel.Primitives.dll
Dependency assembly - System.ServiceProcess.dll
Dependency assembly - Unity.Services.Core.Networking.dll
Dependency assembly - System.Security.SecureString.dll
Dependency assembly - System.Security.dll
Dependency assembly - System.ServiceModel.Routing.dll
Dependency assembly - System.Net.ServicePoint.dll
Dependency assembly - System.IO.Compression.ZipFile.dll
Dependency assembly - System.ServiceModel.Primitives.dll
Dependency assembly - System.ServiceModel.Internals.dll
Dependency assembly - Unity.Services.Core.dll
Dependency assembly - System.Reflection.Emit.Lightweight.dll
Dependency assembly - System.Json.Microsoft.dll
Dependency assembly - Microsoft.Win32.Registry.AccessControl.dll
Dependency assembly - System.Xml.XPath.XDocument.dll
Dependency assembly - System.Security.Cryptography.RSA.dll
Dependency assembly - System.IdentityModel.Selectors.dll
Dependency assembly - System.Web.WebPages.dll
Dependency assembly - System.Runtime.Serialization.Formatters.dll
Dependency assembly - System.Xml.XPath.XmlDocument.dll
Dependency assembly - System.Diagnostics.TextWriterTraceListener.dll
Dependency assembly - System.Security.Claims.dll
Dependency assembly - Mono.Profiler.Log.dll
Dependency assembly - Mono.Tasklets.dll
Dependency assembly - System.Data.Entity.dll
Dependency assembly - System.Reflection.Emit.dll
Dependency assembly - System.Text.Encoding.dll
Dependency assembly - System.Runtime.Serialization.Formatters.Soap.dll
Dependency assembly - System.Diagnostics.Tracing.dll
Dependency assembly - Unity.Burst.dll
Dependency assembly - System.Workflow.Runtime.dll
Dependency assembly - Unity.Services.Core.Scheduler.dll
Dependency assembly - System.Globalization.dll
Dependency assembly - System.Reactive.Observable.Aliases.dll
Dependency assembly - System.Web.Extensions.dll
Dependency assembly - System.Design.dll
Dependency assembly - System.Security.Cryptography.Encryption.dll
Dependency assembly - cscompmgd.dll
Dependency assembly - System.Web.ApplicationServices.dll
Dependency assembly - System.Diagnostics.TraceSource.dll
Dependency assembly - System.Resources.Reader.dll
Dependency assembly - Mono.Parallel.dll
Dependency assembly - System.Diagnostics.Process.dll
Dependency assembly - System.Net.Http.Rtc.dll
Dependency assembly - Unity.Services.Core.Threading.dll
Dependency assembly - System.Reflection.Extensions.dll
Dependency assembly - Unity.Services.Core.Components.dll
Dependency assembly - CustomMarshalers.dll
Dependency assembly - Mono.Cairo.dll
Dependency assembly - Mono.Security.Win32.dll
Dependency assembly - Unity.Collections.LowLevel.ILSupport.dll
Dependency assembly - System.Web.dll
Dependency assembly - System.Runtime.DurableInstancing.dll
Dependency assembly - System.Net.Requests.dll
Dependency assembly - Microsoft.Build.Framework.dll
Dependency assembly - Microsoft.Web.Infrastructure.dll
Dependency assembly - System.Xml.XmlSerializer.dll
Dependency assembly - System.Net.Primitives.dll
Dependency assembly - Unity.Services.Core.Environments.Internal.dll
Dependency assembly - RabbitMQ.Client.dll
Dependency assembly - System.Threading.ThreadPool.dll
Dependency assembly - System.ComponentModel.dll
Dependency assembly - Unity.Mathematics.dll
Dependency assembly - System.ObjectModel.dll
Dependency assembly - System.Resources.ReaderWriter.dll
Dependency assembly - System.Runtime.InteropServices.RuntimeInformation.dll
Dependency assembly - System.Diagnostics.DiagnosticSource.dll
Dependency assembly - System.Console.dll
Dependency assembly - System.Security.Cryptography.Primitives.dll
Dependency assembly - Unity.Services.Core.Telemetry.dll
Dependency assembly - System.IO.Hashing.dll
Dependency assembly - System.Security.Cryptography.Hashing.Algorithms.dll
Dependency assembly - Newtonsoft.Json.dll
Dependency assembly - System.ServiceModel.dll
Dependency assembly - System.Web.Routing.dll
Dependency assembly - System.Json.dll
Dependency assembly - System.Runtime.Loader.dll
Dependency assembly - System.Runtime.Numerics.dll
Dependency assembly - System.Runtime.Serialization.dll
Dependency assembly - unity-websocket-sharp.dll
Dependency assembly - I18N.Rare.dll
Dependency assembly - System.Net.Http.dll
Dependency assembly - System.Data.SqlClient.dll
Dependency assembly - System.Security.Principal.Windows.dll
Dependency assembly - Microsoft.VisualC.dll
Dependency assembly - System.ServiceModel.Activation.dll
Dependency assembly - System.Collections.Specialized.dll
Dependency assembly - System.Core.dll
Dependency assembly - System.IO.Compression.FileSystem.dll
Dependency assembly - System.Transactions.dll
Dependency assembly - System.Dynamic.dll
Dependency assembly - System.EnterpriseServices.dll
Dependency assembly - System.Windows.Forms.DataVisualization.dll
Dependency assembly - System.Diagnostics.Tools.dll
Dependency assembly - System.Net.dll

Opening scene 'Assets/PaperTrails/Scenes/PaperTrails.unity'
Unloading 2 Unused Serialized files (Serialized files now loaded: 0)
Loaded scene 'Assets/PaperTrails/Scenes/PaperTrails.unity'
	Deserialize:            0.584 ms
	Integration:            205.236 ms
	Integration of assets:  0.004 ms
	Thread Wait Time:       0.010 ms
	Total Operation Time:   205.835 ms
Unloading 58 unused Assets / (1.2 MB). Loaded Objects now: 3852.
Memory consumption went from 306.1 MB to 304.9 MB.
Total: 9.419600 ms (FindLiveObjects: 0.274100 ms CreateObjectMapping: 0.391800 ms MarkObjects: 8.013700 ms  DeleteObjects: 0.739000 ms)

Unloading 4 Unused Serialized files (Serialized files now loaded: 0)
Total cache size 206069581
Unloading 30 unused Assets / (1.2 MB). Loaded Objects now: 3859.
Memory consumption went from 306.7 MB to 305.5 MB.
Total: 8.960000 ms (FindLiveObjects: 0.259400 ms CreateObjectMapping: 0.409900 ms MarkObjects: 7.498700 ms  DeleteObjects: 0.790800 ms)

Total cache size after purge 206069581, took 00:00:00.7662479
Unloading 0 Unused Serialized files (Serialized files now loaded: 0)
Unloading 0 unused Assets / (Unknown). Loaded Objects now: 3859.
Memory consumption went from 305.5 MB to 305.5 MB.
Total: 12.948700 ms (FindLiveObjects: 0.278200 ms CreateObjectMapping: 0.477400 ms MarkObjects: 12.179800 ms  DeleteObjects: 0.012100 ms)

Unloading 1 Unused Serialized files (Serialized files now loaded: 0)
Unloading 186 unused Assets / (150.9 MB). Loaded Objects now: 3859.
Memory consumption went from 457.5 MB to 306.5 MB.
Total: 40.208700 ms (FindLiveObjects: 0.461300 ms CreateObjectMapping: 0.658500 ms MarkObjects: 11.211900 ms  DeleteObjects: 27.876200 ms)

Compiling shader "PaperTrails/Turf"
  Pass "" (vp)
    Target graphics API: d3d11
    Full variant space:         1
    After settings filtering:   1
    After built-in stripping:   1
    After scriptable stripping: 1
    Processed in 0.01 seconds
  Pass "" (fp)
    Target graphics API: d3d11
    Full variant space:         1
    After settings filtering:   1
    After built-in stripping:   1
    After scriptable stripping: 1
    Processed in 0.00 seconds
  Pass  (vp, d3d11) finished in 0.01 seconds. Local cache hits 1 (0.01s CPU time), remote cache hits 0 (0.00s CPU time), compiled 0 variants (0.00s CPU time), skipped 0 variants.
    Prepared data for serialisation in 0.00s
  Pass  (fp, d3d11) finished in 0.01 seconds. Local cache hits 1 (0.01s CPU time), remote cache hits 0 (0.00s CPU time), compiled 0 variants (0.00s CPU time), skipped 0 variants.
    Prepared data for serialisation in 0.00s
Serialized binary data for shader PaperTrails/Turf in 0.00s
    d3d11 (total internal programs: 2, unique: 2)
Compiling shader "Skybox/Procedural"
  Pass "" (vp)
    Target graphics API: d3d11
    Full variant space:         3
    After settings filtering:   3
    After built-in stripping:   3
    After scriptable stripping: 3
    Processed in 0.00 seconds
  Pass "" (fp)
    Target graphics API: d3d11
    Full variant space:         3
    After settings filtering:   3
    After built-in stripping:   3
    After scriptable stripping: 3
    Processed in 0.00 seconds
  Pass  (vp, d3d11) finished in 0.00 seconds. Local cache hits 3 (0.00s CPU time), remote cache hits 0 (0.00s CPU time), compiled 0 variants (0.00s CPU time), skipped 0 variants.
    Prepared data for serialisation in 0.00s
  Pass  (fp, d3d11) finished in 0.00 seconds. Local cache hits 3 (0.00s CPU time), remote cache hits 0 (0.00s CPU time), compiled 0 variants (0.00s CPU time), skipped 0 variants.
    Prepared data for serialisation in 0.00s
Serialized binary data for shader Skybox/Procedural in 0.00s
    d3d11 (total internal programs: 6, unique: 6)
Compiling shader "Legacy Shaders/VertexLit"
  Pass "" (vp)
    Target graphics API: d3d11
    Full variant space:         12
    After settings filtering:   12
    After built-in stripping:   3
    After scriptable stripping: 3
    Processed in 0.00 seconds
  Pass "" (fp)
    Target graphics API: d3d11
    Full variant space:         12
    After settings filtering:   12
    After built-in stripping:   3
    After scriptable stripping: 3
    Processed in 0.00 seconds
  Pass "" (vp)
    Target graphics API: d3d11
    Full variant space:         4
    After settings filtering:   4
    After built-in stripping:   1
    After scriptable stripping: 1
    Processed in 0.00 seconds
  Pass "" (fp)
    Target graphics API: d3d11
    Full variant space:         4
    After settings filtering:   4
    After built-in stripping:   1
    After scriptable stripping: 1
    Processed in 0.00 seconds
  Pass "ShadowCaster" (vp)
    Target graphics API: d3d11
    Full variant space:         4
    After settings filtering:   4
    After built-in stripping:   2
    After scriptable stripping: 2
    Processed in 0.00 seconds
  Pass "ShadowCaster" (fp)
    Target graphics API: d3d11
    Full variant space:         4
    After settings filtering:   4
    After built-in stripping:   2
    After scriptable stripping: 2
    Processed in 0.00 seconds
  Pass  (vp, d3d11) finished in 0.00 seconds. Local cache hits 3 (0.00s CPU time), remote cache hits 0 (0.00s CPU time), compiled 0 variants (0.00s CPU time), skipped 0 variants.
    Prepared data for serialisation in 0.00s
  Pass  (fp, d3d11) finished in 0.00 seconds. Local cache hits 3 (0.00s CPU time), remote cache hits 0 (0.00s CPU time), compiled 0 variants (0.00s CPU time), skipped 0 variants.
    Prepared data for serialisation in 0.00s
  Pass  (vp, d3d11) finished in 0.00 seconds. Local cache hits 1 (0.00s CPU time), remote cache hits 0 (0.00s CPU time), compiled 0 variants (0.00s CPU time), skipped 0 variants.
    Prepared data for serialisation in 0.00s
  Pass  (fp, d3d11) finished in 0.00 seconds. Local cache hits 1 (0.00s CPU time), remote cache hits 0 (0.00s CPU time), compiled 0 variants (0.00s CPU time), skipped 0 variants.
    Prepared data for serialisation in 0.00s
  Pass ShadowCaster (vp, d3d11) finished in 0.00 seconds. Local cache hits 2 (0.00s CPU time), remote cache hits 0 (0.00s CPU time), compiled 0 variants (0.00s CPU time), skipped 0 variants.
    Prepared data for serialisation in 0.00s
  Pass ShadowCaster (fp, d3d11) finished in 0.00 seconds. Local cache hits 2 (0.00s CPU time), remote cache hits 0 (0.00s CPU time), compiled 0 variants (0.00s CPU time), skipped 0 variants.
    Prepared data for serialisation in 0.00s
Serialized binary data for shader Legacy Shaders/VertexLit in 0.00s
    d3d11 (total internal programs: 12, unique: 12)
Compiling shader "Legacy Shaders/Diffuse"
  Pass "FORWARD" (vp)
    Target graphics API: d3d11
    Full variant space:         664
    After settings filtering:   664
    After built-in stripping:   8
    After scriptable stripping: 8
    Processed in 0.00 seconds
  Pass "FORWARD" (fp)
    Target graphics API: d3d11
    Full variant space:         504
    After settings filtering:   504
    After built-in stripping:   4
    After scriptable stripping: 4
    Processed in 0.00 seconds
  Pass "FORWARD" (vp)
    Target graphics API: d3d11
    Full variant space:         20
    After settings filtering:   20
    After built-in stripping:   5
    After scriptable stripping: 5
    Processed in 0.00 seconds
  Pass "FORWARD" (fp)
    Target graphics API: d3d11
    Full variant space:         20
    After settings filtering:   20
    After built-in stripping:   5
    After scriptable stripping: 5
    Processed in 0.00 seconds
  Pass "DEFERRED" (vp)
    Target graphics API: d3d11
    Full variant space:         76
    After settings filtering:   76
    After built-in stripping:   4
    After scriptable stripping: 4
    Processed in 0.00 seconds
  Pass "DEFERRED" (fp)
    Target graphics API: d3d11
    Full variant space:         76
    After settings filtering:   76
    After built-in stripping:   4
    After scriptable stripping: 4
    Processed in 0.00 seconds
  Pass FORWARD (vp, d3d11) finished in 0.00 seconds. Local cache hits 8 (0.00s CPU time), remote cache hits 0 (0.00s CPU time), compiled 0 variants (0.00s CPU time), skipped 0 variants.
    Prepared data for serialisation in 0.00s
  Pass FORWARD (fp, d3d11) finished in 0.00 seconds. Local cache hits 4 (0.00s CPU time), remote cache hits 0 (0.00s CPU time), compiled 0 variants (0.00s CPU time), skipped 0 variants.
    Prepared data for serialisation in 0.00s
  Pass FORWARD (vp, d3d11) finished in 0.00 seconds. Local cache hits 5 (0.00s CPU time), remote cache hits 0 (0.00s CPU time), compiled 0 variants (0.00s CPU time), skipped 0 variants.
    Prepared data for serialisation in 0.00s
  Pass FORWARD (fp, d3d11) finished in 0.00 seconds. Local cache hits 5 (0.00s CPU time), remote cache hits 0 (0.00s CPU time), compiled 0 variants (0.00s CPU time), skipped 0 variants.
    Prepared data for serialisation in 0.00s
  Pass DEFERRED (vp, d3d11) finished in 0.00 seconds. Local cache hits 4 (0.00s CPU time), remote cache hits 0 (0.00s CPU time), compiled 0 variants (0.00s CPU time), skipped 0 variants.
    Prepared data for serialisation in 0.00s
  Pass DEFERRED (fp, d3d11) finished in 0.00 seconds. Local cache hits 4 (0.00s CPU time), remote cache hits 0 (0.00s CPU time), compiled 0 variants (0.00s CPU time), skipped 0 variants.
    Prepared data for serialisation in 0.00s
Serialized binary data for shader Legacy Shaders/Diffuse in 0.00s
    d3d11 (total internal programs: 30, unique: 30)
Compiling shader "Hidden/Internal-StencilWrite"
  Pass "" (vp)
    Target graphics API: d3d11
    Full variant space:         1
    After settings filtering:   1
    After built-in stripping:   1
    After scriptable stripping: 1
    Processed in 0.00 seconds
  Pass "" (fp)
    Target graphics API: d3d11
    Full variant space:         1
    After settings filtering:   1
    After built-in stripping:   1
    After scriptable stripping: 1
    Processed in 0.00 seconds
  Pass  (vp, d3d11) finished in 0.00 seconds. Local cache hits 1 (0.00s CPU time), remote cache hits 0 (0.00s CPU time), compiled 0 variants (0.00s CPU time), skipped 0 variants.
    Prepared data for serialisation in 0.00s
  Pass  (fp, d3d11) finished in 0.00 seconds. Local cache hits 1 (0.00s CPU time), remote cache hits 0 (0.00s CPU time), compiled 0 variants (0.00s CPU time), skipped 0 variants.
    Prepared data for serialisation in 0.00s
Serialized binary data for shader Hidden/Internal-StencilWrite in 0.00s
    d3d11 (total internal programs: 2, unique: 2)
Compiling shader "Standard"
  Pass "FORWARD" (vp)
    Target graphics API: d3d11
    Full variant space:         664
    After settings filtering:   664
    After built-in stripping:   8
    After scriptable stripping: 8
    Processed in 0.00 seconds
  Pass "FORWARD" (fp)
    Target graphics API: d3d11
    Full variant space:         504
    After settings filtering:   504
    After built-in stripping:   4
    After scriptable stripping: 4
    Processed in 0.00 seconds
  Pass "FORWARD_DELTA" (vp)
    Target graphics API: d3d11
    Full variant space:         188
    After settings filtering:   188
    After built-in stripping:   13
    After scriptable stripping: 13
    Processed in 0.00 seconds
  Pass "FORWARD_DELTA" (fp)
    Target graphics API: d3d11
    Full variant space:         188
    After settings filtering:   188
    After built-in stripping:   13
    After scriptable stripping: 13
    Processed in 0.00 seconds
  Pass "ShadowCaster" (vp)
    Target graphics API: d3d11
    Full variant space:         4
    After settings filtering:   4
    After built-in stripping:   2
    After scriptable stripping: 2
    Processed in 0.00 seconds
  Pass "ShadowCaster" (fp)
    Target graphics API: d3d11
    Full variant space:         4
    After settings filtering:   4
    After built-in stripping:   2
    After scriptable stripping: 2
    Processed in 0.00 seconds
  Pass "DEFERRED" (vp)
    Target graphics API: d3d11
    Full variant space:         76
    After settings filtering:   76
    After built-in stripping:   4
    After scriptable stripping: 4
    Processed in 0.00 seconds
  Pass "DEFERRED" (fp)
    Target graphics API: d3d11
    Full variant space:         76
    After settings filtering:   76
    After built-in stripping:   4
    After scriptable stripping: 4
    Processed in 0.00 seconds
  Pass "FORWARD" (vp)
    Target graphics API: d3d11
    Full variant space:         208
    After settings filtering:   208
    After built-in stripping:   8
    After scriptable stripping: 8
    Processed in 0.00 seconds
  Pass "FORWARD" (fp)
    Target graphics API: d3d11
    Full variant space:         148
    After settings filtering:   148
    After built-in stripping:   4
    After scriptable stripping: 4
    Processed in 0.00 seconds
  Pass "FORWARD_DELTA" (vp)
    Target graphics API: d3d11
    Full variant space:         140
    After settings filtering:   140
    After built-in stripping:   10
    After scriptable stripping: 10
    Processed in 0.00 seconds
  Pass "FORWARD_DELTA" (fp)
    Target graphics API: d3d11
    Full variant space:         140
    After settings filtering:   140
    After built-in stripping:   10
    After scriptable stripping: 10
    Processed in 0.00 seconds
  Pass "ShadowCaster" (vp)
    Target graphics API: d3d11
    Full variant space:         2
    After settings filtering:   2
    After built-in stripping:   2
    After scriptable stripping: 2
    Processed in 0.00 seconds
  Pass "ShadowCaster" (fp)
    Target graphics API: d3d11
    Full variant space:         2
    After settings filtering:   2
    After built-in stripping:   2
    After scriptable stripping: 2
    Processed in 0.00 seconds
  Pass FORWARD (vp, d3d11) finished in 0.01 seconds. Local cache hits 8 (0.00s CPU time), remote cache hits 0 (0.00s CPU time), compiled 0 variants (0.00s CPU time), skipped 0 variants.
    Prepared data for serialisation in 0.00s
  Pass FORWARD (fp, d3d11) finished in 0.01 seconds. Local cache hits 4 (0.00s CPU time), remote cache hits 0 (0.00s CPU time), compiled 0 variants (0.00s CPU time), skipped 0 variants.
    Prepared data for serialisation in 0.00s
  Pass FORWARD_DELTA (vp, d3d11) finished in 0.01 seconds. Local cache hits 13 (0.00s CPU time), remote cache hits 0 (0.00s CPU time), compiled 0 variants (0.00s CPU time), skipped 0 variants.
    Prepared data for serialisation in 0.00s
  Pass FORWARD_DELTA (fp, d3d11) finished in 0.01 seconds. Local cache hits 13 (0.00s CPU time), remote cache hits 0 (0.00s CPU time), compiled 0 variants (0.00s CPU time), skipped 0 variants.
    Prepared data for serialisation in 0.00s
  Pass ShadowCaster (vp, d3d11) finished in 0.01 seconds. Local cache hits 2 (0.00s CPU time), remote cache hits 0 (0.00s CPU time), compiled 0 variants (0.00s CPU time), skipped 0 variants.
    Prepared data for serialisation in 0.00s
  Pass ShadowCaster (fp, d3d11) finished in 0.00 seconds. Local cache hits 2 (0.00s CPU time), remote cache hits 0 (0.00s CPU time), compiled 0 variants (0.00s CPU time), skipped 0 variants.
    Prepared data for serialisation in 0.00s
  Pass DEFERRED (vp, d3d11) finished in 0.00 seconds. Local cache hits 4 (0.00s CPU time), remote cache hits 0 (0.00s CPU time), compiled 0 variants (0.00s CPU time), skipped 0 variants.
    Prepared data for serialisation in 0.00s
  Pass DEFERRED (fp, d3d11) finished in 0.00 seconds. Local cache hits 4 (0.00s CPU time), remote cache hits 0 (0.00s CPU time), compiled 0 variants (0.00s CPU time), skipped 0 variants.
    Prepared data for serialisation in 0.00s
  Pass FORWARD (vp, d3d11) finished in 0.00 seconds. Local cache hits 8 (0.00s CPU time), remote cache hits 0 (0.00s CPU time), compiled 0 variants (0.00s CPU time), skipped 0 variants.
    Prepared data for serialisation in 0.00s
  Pass FORWARD (fp, d3d11) finished in 0.00 seconds. Local cache hits 4 (0.00s CPU time), remote cache hits 0 (0.00s CPU time), compiled 0 variants (0.00s CPU time), skipped 0 variants.
    Prepared data for serialisation in 0.00s
  Pass FORWARD_DELTA (vp, d3d11) finished in 0.00 seconds. Local cache hits 10 (0.00s CPU time), remote cache hits 0 (0.00s CPU time), compiled 0 variants (0.00s CPU time), skipped 0 variants.
    Prepared data for serialisation in 0.00s
  Pass FORWARD_DELTA (fp, d3d11) finished in 0.00 seconds. Local cache hits 10 (0.00s CPU time), remote cache hits 0 (0.00s CPU time), compiled 0 variants (0.00s CPU time), skipped 0 variants.
    Prepared data for serialisation in 0.00s
  Pass ShadowCaster (vp, d3d11) finished in 0.00 seconds. Local cache hits 2 (0.00s CPU time), remote cache hits 0 (0.00s CPU time), compiled 0 variants (0.00s CPU time), skipped 0 variants.
    Prepared data for serialisation in 0.00s
  Pass ShadowCaster (fp, d3d11) finished in 0.00 seconds. Local cache hits 2 (0.00s CPU time), remote cache hits 0 (0.00s CPU time), compiled 0 variants (0.00s CPU time), skipped 0 variants.
    Prepared data for serialisation in 0.00s
Serialized binary data for shader Standard in 0.00s
    d3d11 (total internal programs: 86, unique: 72)
Compiling shader "Hidden/Internal-DepthNormalsTexture"
  Pass "" (vp)
    Target graphics API: d3d11
    Full variant space:         1
    After settings filtering:   1
    After built-in stripping:   1
    After scriptable stripping: 1
    Processed in 0.00 seconds
  Pass "" (fp)
    Target graphics API: d3d11
    Full variant space:         1
    After settings filtering:   1
    After built-in stripping:   1
    After scriptable stripping: 1
    Processed in 0.00 seconds
  Pass "" (vp)
    Target graphics API: d3d11
    Full variant space:         1
    After settings filtering:   1
    After built-in stripping:   1
    After scriptable stripping: 1
    Processed in 0.00 seconds
  Pass "" (fp)
    Target graphics API: d3d11
    Full variant space:         1
    After settings filtering:   1
    After built-in stripping:   1
    After scriptable stripping: 1
    Processed in 0.00 seconds
  Pass "" (vp)
    Target graphics API: d3d11
    Full variant space:         1
    After settings filtering:   1
    After built-in stripping:   1
    After scriptable stripping: 1
    Processed in 0.00 seconds
  Pass "" (fp)
    Target graphics API: d3d11
    Full variant space:         1
    After settings filtering:   1
    After built-in stripping:   1
    After scriptable stripping: 1
    Processed in 0.00 seconds
  Pass "" (vp)
    Target graphics API: d3d11
    Full variant space:         1
    After settings filtering:   1
    After built-in stripping:   1
    After scriptable stripping: 1
    Processed in 0.00 seconds
  Pass "" (fp)
    Target graphics API: d3d11
    Full variant space:         1
    After settings filtering:   1
    After built-in stripping:   1
    After scriptable stripping: 1
    Processed in 0.00 seconds
  Pass "" (vp)
    Target graphics API: d3d11
    Full variant space:         1
    After settings filtering:   1
    After built-in stripping:   1
    After scriptable stripping: 1
    Processed in 0.00 seconds
  Pass "" (fp)
    Target graphics API: d3d11
    Full variant space:         1
    After settings filtering:   1
    After built-in stripping:   1
    After scriptable stripping: 1
    Processed in 0.00 seconds
  Pass "" (vp)
    Target graphics API: d3d11
    Full variant space:         1
    After settings filtering:   1
    After built-in stripping:   1
    After scriptable stripping: 1
    Processed in 0.00 seconds
  Pass "" (fp)
    Target graphics API: d3d11
    Full variant space:         1
    After settings filtering:   1
    After built-in stripping:   1
    After scriptable stripping: 1
    Processed in 0.00 seconds
  Pass "" (vp)
    Target graphics API: d3d11
    Full variant space:         1
    After settings filtering:   1
    After built-in stripping:   1
    After scriptable stripping: 1
    Processed in 0.00 seconds
  Pass "" (fp)
    Target graphics API: d3d11
    Full variant space:         1
    After settings filtering:   1
    After built-in stripping:   1
    After scriptable stripping: 1
    Processed in 0.00 seconds
  Pass "" (vp)
    Target graphics API: d3d11
    Full variant space:         1
    After settings filtering:   1
    After built-in stripping:   1
    After scriptable stripping: 1
    Processed in 0.00 seconds
  Pass "" (fp)
    Target graphics API: d3d11
    Full variant space:         1
    After settings filtering:   1
    After built-in stripping:   1
    After scriptable stripping: 1
    Processed in 0.00 seconds
  Pass "" (vp)
    Target graphics API: d3d11
    Full variant space:         1
    After settings filtering:   1
    After built-in stripping:   1
    After scriptable stripping: 1
    Processed in 0.00 seconds
  Pass "" (fp)
    Target graphics API: d3d11
    Full variant space:         1
    After settings filtering:   1
    After built-in stripping:   1
    After scriptable stripping: 1
    Processed in 0.00 seconds
  Pass "" (vp)
    Target graphics API: d3d11
    Full variant space:         1
    After settings filtering:   1
    After built-in stripping:   1
    After scriptable stripping: 1
    Processed in 0.00 seconds
  Pass "" (fp)
    Target graphics API: d3d11
    Full variant space:         1
    After settings filtering:   1
    After built-in stripping:   1
    After scriptable stripping: 1
    Processed in 0.00 seconds
  Pass  (vp, d3d11) finished in 0.00 seconds. Local cache hits 1 (0.00s CPU time), remote cache hits 0 (0.00s CPU time), compiled 0 variants (0.00s CPU time), skipped 0 variants.
    Prepared data for serialisation in 0.00s
  Pass  (fp, d3d11) finished in 0.00 seconds. Local cache hits 1 (0.00s CPU time), remote cache hits 0 (0.00s CPU time), compiled 0 variants (0.00s CPU time), skipped 0 variants.
    Prepared data for serialisation in 0.00s
  Pass  (vp, d3d11) finished in 0.00 seconds. Local cache hits 1 (0.00s CPU time), remote cache hits 0 (0.00s CPU time), compiled 0 variants (0.00s CPU time), skipped 0 variants.
    Prepared data for serialisation in 0.00s
  Pass  (fp, d3d11) finished in 0.00 seconds. Local cache hits 1 (0.00s CPU time), remote cache hits 0 (0.00s CPU time), compiled 0 variants (0.00s CPU time), skipped 0 variants.
    Prepared data for serialisation in 0.00s
  Pass  (vp, d3d11) finished in 0.00 seconds. Local cache hits 1 (0.00s CPU time), remote cache hits 0 (0.00s CPU time), compiled 0 variants (0.00s CPU time), skipped 0 variants.
    Prepared data for serialisation in 0.00s
  Pass  (fp, d3d11) finished in 0.00 seconds. Local cache hits 1 (0.00s CPU time), remote cache hits 0 (0.00s CPU time), compiled 0 variants (0.00s CPU time), skipped 0 variants.
    Prepared data for serialisation in 0.00s
  Pass  (vp, d3d11) finished in 0.00 seconds. Local cache hits 1 (0.00s CPU time), remote cache hits 0 (0.00s CPU time), compiled 0 variants (0.00s CPU time), skipped 0 variants.
    Prepared data for serialisation in 0.00s
  Pass  (fp, d3d11) finished in 0.00 seconds. Local cache hits 1 (0.00s CPU time), remote cache hits 0 (0.00s CPU time), compiled 0 variants (0.00s CPU time), skipped 0 variants.
    Prepared data for serialisation in 0.00s
  Pass  (vp, d3d11) finished in 0.00 seconds. Local cache hits 1 (0.00s CPU time), remote cache hits 0 (0.00s CPU time), compiled 0 variants (0.00s CPU time), skipped 0 variants.
    Prepared data for serialisation in 0.00s
  Pass  (fp, d3d11) finished in 0.00 seconds. Local cache hits 1 (0.00s CPU time), remote cache hits 0 (0.00s CPU time), compiled 0 variants (0.00s CPU time), skipped 0 variants.
    Prepared data for serialisation in 0.00s
  Pass  (vp, d3d11) finished in 0.00 seconds. Local cache hits 1 (0.00s CPU time), remote cache hits 0 (0.00s CPU time), compiled 0 variants (0.00s CPU time), skipped 0 variants.
    Prepared data for serialisation in 0.00s
  Pass  (fp, d3d11) finished in 0.00 seconds. Local cache hits 1 (0.00s CPU time), remote cache hits 0 (0.00s CPU time), compiled 0 variants (0.00s CPU time), skipped 0 variants.
    Prepared data for serialisation in 0.00s
  Pass  (vp, d3d11) finished in 0.00 seconds. Local cache hits 1 (0.00s CPU time), remote cache hits 0 (0.00s CPU time), compiled 0 variants (0.00s CPU time), skipped 0 variants.
    Prepared data for serialisation in 0.00s
  Pass  (fp, d3d11) finished in 0.00 seconds. Local cache hits 1 (0.00s CPU time), remote cache hits 0 (0.00s CPU time), compiled 0 variants (0.00s CPU time), skipped 0 variants.
    Prepared data for serialisation in 0.00s
  Pass  (vp, d3d11) finished in 0.00 seconds. Local cache hits 1 (0.00s CPU time), remote cache hits 0 (0.00s CPU time), compiled 0 variants (0.00s CPU time), skipped 0 variants.
    Prepared data for serialisation in 0.00s
  Pass  (fp, d3d11) finished in 0.00 seconds. Local cache hits 1 (0.00s CPU time), remote cache hits 0 (0.00s CPU time), compiled 0 variants (0.00s CPU time), skipped 0 variants.
    Prepared data for serialisation in 0.00s
  Pass  (vp, d3d11) finished in 0.00 seconds. Local cache hits 1 (0.00s CPU time), remote cache hits 0 (0.00s CPU time), compiled 0 variants (0.00s CPU time), skipped 0 variants.
    Prepared data for serialisation in 0.00s
  Pass  (fp, d3d11) finished in 0.00 seconds. Local cache hits 1 (0.00s CPU time), remote cache hits 0 (0.00s CPU time), compiled 0 variants (0.00s CPU time), skipped 0 variants.
    Prepared data for serialisation in 0.00s
  Pass  (vp, d3d11) finished in 0.00 seconds. Local cache hits 1 (0.00s CPU time), remote cache hits 0 (0.00s CPU time), compiled 0 variants (0.00s CPU time), skipped 0 variants.
    Prepared data for serialisation in 0.00s
  Pass  (fp, d3d11) finished in 0.00 seconds. Local cache hits 1 (0.00s CPU time), remote cache hits 0 (0.00s CPU time), compiled 0 variants (0.00s CPU time), skipped 0 variants.
    Prepared data for serialisation in 0.00s
Serialized binary data for shader Hidden/Internal-DepthNormalsTexture in 0.00s
    d3d11 (total internal programs: 20, unique: 17)
Compiling shader "Hidden/Internal-ScreenSpaceShadows"
  Pass "" (vp)
    Target graphics API: d3d11
    Full variant space:         4
    After settings filtering:   4
    After built-in stripping:   4
    After scriptable stripping: 4
    Processed in 0.00 seconds
  Pass "" (fp)
    Target graphics API: d3d11
    Full variant space:         4
    After settings filtering:   4
    After built-in stripping:   4
    After scriptable stripping: 4
    Processed in 0.00 seconds
  Pass "" (vp)
    Target graphics API: d3d11
    Full variant space:         4
    After settings filtering:   4
    After built-in stripping:   4
    After scriptable stripping: 4
    Processed in 0.00 seconds
  Pass "" (fp)
    Target graphics API: d3d11
    Full variant space:         4
    After settings filtering:   4
    After built-in stripping:   4
    After scriptable stripping: 4
    Processed in 0.00 seconds
  Pass "" (vp)
    Target graphics API: d3d11
    Full variant space:         4
    After settings filtering:   4
    After built-in stripping:   4
    After scriptable stripping: 4
    Processed in 0.00 seconds
  Pass "" (fp)
    Target graphics API: d3d11
    Full variant space:         4
    After settings filtering:   4
    After built-in stripping:   4
    After scriptable stripping: 4
    Processed in 0.00 seconds
  Pass "" (vp)
    Target graphics API: d3d11
    Full variant space:         4
    After settings filtering:   4
    After built-in stripping:   4
    After scriptable stripping: 4
    Processed in 0.00 seconds
  Pass "" (fp)
    Target graphics API: d3d11
    Full variant space:         4
    After settings filtering:   4
    After built-in stripping:   4
    After scriptable stripping: 4
    Processed in 0.00 seconds
  Pass  (vp, d3d11) finished in 0.00 seconds. Local cache hits 4 (0.00s CPU time), remote cache hits 0 (0.00s CPU time), compiled 0 variants (0.00s CPU time), skipped 0 variants.
    Prepared data for serialisation in 0.00s
  Pass  (fp, d3d11) finished in 0.00 seconds. Local cache hits 4 (0.00s CPU time), remote cache hits 0 (0.00s CPU time), compiled 0 variants (0.00s CPU time), skipped 0 variants.
    Prepared data for serialisation in 0.00s
  Pass  (vp, d3d11) finished in 0.00 seconds. Local cache hits 4 (0.00s CPU time), remote cache hits 0 (0.00s CPU time), compiled 0 variants (0.00s CPU time), skipped 0 variants.
    Prepared data for serialisation in 0.00s
  Pass  (fp, d3d11) finished in 0.00 seconds. Local cache hits 4 (0.00s CPU time), remote cache hits 0 (0.00s CPU time), compiled 0 variants (0.00s CPU time), skipped 0 variants.
    Prepared data for serialisation in 0.00s
  Pass  (vp, d3d11) finished in 0.00 seconds. Local cache hits 4 (0.00s CPU time), remote cache hits 0 (0.00s CPU time), compiled 0 variants (0.00s CPU time), skipped 0 variants.
    Prepared data for serialisation in 0.00s
  Pass  (fp, d3d11) finished in 0.00 seconds. Local cache hits 4 (0.00s CPU time), remote cache hits 0 (0.00s CPU time), compiled 0 variants (0.00s CPU time), skipped 0 variants.
    Prepared data for serialisation in 0.00s
  Pass  (vp, d3d11) finished in 0.00 seconds. Local cache hits 4 (0.00s CPU time), remote cache hits 0 (0.00s CPU time), compiled 0 variants (0.00s CPU time), skipped 0 variants.
    Prepared data for serialisation in 0.00s
  Pass  (fp, d3d11) finished in 0.00 seconds. Local cache hits 4 (0.00s CPU time), remote cache hits 0 (0.00s CPU time), compiled 0 variants (0.00s CPU time), skipped 0 variants.
    Prepared data for serialisation in 0.00s
Serialized binary data for shader Hidden/Internal-ScreenSpaceShadows in 0.00s
    d3d11 (total internal programs: 32, unique: 20)
Compiling shader "Hidden/Internal-CombineDepthNormals"
  Pass "" (vp)
    Target graphics API: d3d11
    Full variant space:         1
    After settings filtering:   1
    After built-in stripping:   1
    After scriptable stripping: 1
    Processed in 0.00 seconds
  Pass "" (fp)
    Target graphics API: d3d11
    Full variant space:         1
    After settings filtering:   1
    After built-in stripping:   1
    After scriptable stripping: 1
    Processed in 0.00 seconds
  Pass  (vp, d3d11) finished in 0.00 seconds. Local cache hits 1 (0.00s CPU time), remote cache hits 0 (0.00s CPU time), compiled 0 variants (0.00s CPU time), skipped 0 variants.
    Prepared data for serialisation in 0.00s
  Pass  (fp, d3d11) finished in 0.00 seconds. Local cache hits 1 (0.00s CPU time), remote cache hits 0 (0.00s CPU time), compiled 0 variants (0.00s CPU time), skipped 0 variants.
    Prepared data for serialisation in 0.00s
Serialized binary data for shader Hidden/Internal-CombineDepthNormals in 0.00s
    d3d11 (total internal programs: 2, unique: 2)
Compiling shader "Hidden/BlitCopy"
  Pass "" (vp)
    Target graphics API: d3d11
    Full variant space:         1
    After settings filtering:   1
    After built-in stripping:   1
    After scriptable stripping: 1
    Processed in 0.00 seconds
  Pass "" (fp)
    Target graphics API: d3d11
    Full variant space:         1
    After settings filtering:   1
    After built-in stripping:   1
    After scriptable stripping: 1
    Processed in 0.00 seconds
  Pass  (vp, d3d11) finished in 0.00 seconds. Local cache hits 1 (0.00s CPU time), remote cache hits 0 (0.00s CPU time), compiled 0 variants (0.00s CPU time), skipped 0 variants.
    Prepared data for serialisation in 0.00s
  Pass  (fp, d3d11) finished in 0.00 seconds. Local cache hits 1 (0.00s CPU time), remote cache hits 0 (0.00s CPU time), compiled 0 variants (0.00s CPU time), skipped 0 variants.
    Prepared data for serialisation in 0.00s
Serialized binary data for shader Hidden/BlitCopy in 0.00s
    d3d11 (total internal programs: 2, unique: 2)
Compiling shader "Hidden/BlitCopyDepth"
  Pass "" (vp)
    Target graphics API: d3d11
    Full variant space:         1
    After settings filtering:   1
    After built-in stripping:   1
    After scriptable stripping: 1
    Processed in 0.00 seconds
  Pass "" (fp)
    Target graphics API: d3d11
    Full variant space:         1
    After settings filtering:   1
    After built-in stripping:   1
    After scriptable stripping: 1
    Processed in 0.00 seconds
  Pass  (vp, d3d11) finished in 0.00 seconds. Local cache hits 1 (0.00s CPU time), remote cache hits 0 (0.00s CPU time), compiled 0 variants (0.00s CPU time), skipped 0 variants.
    Prepared data for serialisation in 0.00s
  Pass  (fp, d3d11) finished in 0.00 seconds. Local cache hits 1 (0.00s CPU time), remote cache hits 0 (0.00s CPU time), compiled 0 variants (0.00s CPU time), skipped 0 variants.
    Prepared data for serialisation in 0.00s
Serialized binary data for shader Hidden/BlitCopyDepth in 0.00s
    d3d11 (total internal programs: 2, unique: 2)
Compiling shader "Hidden/ConvertTexture"
  Pass "" (vp)
    Target graphics API: d3d11
    Full variant space:         1
    After settings filtering:   1
    After built-in stripping:   1
    After scriptable stripping: 1
    Processed in 0.00 seconds
  Pass "" (fp)
    Target graphics API: d3d11
    Full variant space:         1
    After settings filtering:   1
    After built-in stripping:   1
    After scriptable stripping: 1
    Processed in 0.00 seconds
  Pass  (vp, d3d11) finished in 0.00 seconds. Local cache hits 1 (0.00s CPU time), remote cache hits 0 (0.00s CPU time), compiled 0 variants (0.00s CPU time), skipped 0 variants.
    Prepared data for serialisation in 0.00s
  Pass  (fp, d3d11) finished in 0.00 seconds. Local cache hits 1 (0.00s CPU time), remote cache hits 0 (0.00s CPU time), compiled 0 variants (0.00s CPU time), skipped 0 variants.
    Prepared data for serialisation in 0.00s
Serialized binary data for shader Hidden/ConvertTexture in 0.00s
    d3d11 (total internal programs: 2, unique: 2)
Compiling shader "Hidden/Internal-DeferredShading"
  Pass "" (vp)
    Target graphics API: d3d11
    Full variant space:         94
    After settings filtering:   94
    After built-in stripping:   26
    After scriptable stripping: 26
    Processed in 0.00 seconds
  Pass "" (fp)
    Target graphics API: d3d11
    Full variant space:         94
    After settings filtering:   94
    After built-in stripping:   26
    After scriptable stripping: 26
    Processed in 0.00 seconds
  Pass "" (vp)
    Target graphics API: d3d11
    Full variant space:         1
    After settings filtering:   1
    After built-in stripping:   1
    After scriptable stripping: 1
    Processed in 0.00 seconds
  Pass "" (fp)
    Target graphics API: d3d11
    Full variant space:         1
    After settings filtering:   1
    After built-in stripping:   1
    After scriptable stripping: 1
    Processed in 0.00 seconds
  Pass  (vp, d3d11) finished in 0.00 seconds. Local cache hits 26 (0.01s CPU time), remote cache hits 0 (0.00s CPU time), compiled 0 variants (0.00s CPU time), skipped 0 variants.
    Prepared data for serialisation in 0.00s
  Pass  (fp, d3d11) finished in 0.00 seconds. Local cache hits 26 (0.01s CPU time), remote cache hits 0 (0.00s CPU time), compiled 0 variants (0.00s CPU time), skipped 0 variants.
    Prepared data for serialisation in 0.00s
  Pass  (vp, d3d11) finished in 0.00 seconds. Local cache hits 1 (0.00s CPU time), remote cache hits 0 (0.00s CPU time), compiled 0 variants (0.00s CPU time), skipped 0 variants.
    Prepared data for serialisation in 0.00s
  Pass  (fp, d3d11) finished in 0.00 seconds. Local cache hits 1 (0.00s CPU time), remote cache hits 0 (0.00s CPU time), compiled 0 variants (0.00s CPU time), skipped 0 variants.
    Prepared data for serialisation in 0.00s
Serialized binary data for shader Hidden/Internal-DeferredShading in 0.00s
    d3d11 (total internal programs: 54, unique: 54)
Compiling shader "Hidden/Internal-DeferredReflections"
  Pass "" (vp)
    Target graphics API: d3d11
    Full variant space:         1
    After settings filtering:   1
    After built-in stripping:   1
    After scriptable stripping: 1
    Processed in 0.00 seconds
  Pass "" (fp)
    Target graphics API: d3d11
    Full variant space:         1
    After settings filtering:   1
    After built-in stripping:   1
    After scriptable stripping: 1
    Processed in 0.00 seconds
  Pass "" (vp)
    Target graphics API: d3d11
    Full variant space:         2
    After settings filtering:   2
    After built-in stripping:   2
    After scriptable stripping: 2
    Processed in 0.00 seconds
  Pass "" (fp)
    Target graphics API: d3d11
    Full variant space:         2
    After settings filtering:   2
    After built-in stripping:   2
    After scriptable stripping: 2
    Processed in 0.00 seconds
  Pass  (vp, d3d11) finished in 0.00 seconds. Local cache hits 1 (0.00s CPU time), remote cache hits 0 (0.00s CPU time), compiled 0 variants (0.00s CPU time), skipped 0 variants.
    Prepared data for serialisation in 0.00s
  Pass  (fp, d3d11) finished in 0.00 seconds. Local cache hits 1 (0.00s CPU time), remote cache hits 0 (0.00s CPU time), compiled 0 variants (0.00s CPU time), skipped 0 variants.
    Prepared data for serialisation in 0.00s
  Pass  (vp, d3d11) finished in 0.00 seconds. Local cache hits 2 (0.00s CPU time), remote cache hits 0 (0.00s CPU time), compiled 0 variants (0.00s CPU time), skipped 0 variants.
    Prepared data for serialisation in 0.00s
  Pass  (fp, d3d11) finished in 0.00 seconds. Local cache hits 2 (0.00s CPU time), remote cache hits 0 (0.00s CPU time), compiled 0 variants (0.00s CPU time), skipped 0 variants.
    Prepared data for serialisation in 0.00s
Serialized binary data for shader Hidden/Internal-DeferredReflections in 0.00s
    d3d11 (total internal programs: 6, unique: 6)
Compiling shader "Hidden/Internal-MotionVectors"
  Pass "" (vp)
    Target graphics API: d3d11
    Full variant space:         1
    After settings filtering:   1
    After built-in stripping:   1
    After scriptable stripping: 1
    Processed in 0.00 seconds
  Pass "" (fp)
    Target graphics API: d3d11
    Full variant space:         1
    After settings filtering:   1
    After built-in stripping:   1
    After scriptable stripping: 1
    Processed in 0.00 seconds
  Pass "" (vp)
    Target graphics API: d3d11
    Full variant space:         1
    After settings filtering:   1
    After built-in stripping:   1
    After scriptable stripping: 1
    Processed in 0.00 seconds
  Pass "" (fp)
    Target graphics API: d3d11
    Full variant space:         1
    After settings filtering:   1
    After built-in stripping:   1
    After scriptable stripping: 1
    Processed in 0.00 seconds
  Pass "" (vp)
    Target graphics API: d3d11
    Full variant space:         1
    After settings filtering:   1
    After built-in stripping:   1
    After scriptable stripping: 1
    Processed in 0.00 seconds
  Pass "" (fp)
    Target graphics API: d3d11
    Full variant space:         1
    After settings filtering:   1
    After built-in stripping:   1
    After scriptable stripping: 1
    Processed in 0.00 seconds
  Pass  (vp, d3d11) finished in 0.00 seconds. Local cache hits 1 (0.00s CPU time), remote cache hits 0 (0.00s CPU time), compiled 0 variants (0.00s CPU time), skipped 0 variants.
    Prepared data for serialisation in 0.00s
  Pass  (fp, d3d11) finished in 0.00 seconds. Local cache hits 1 (0.00s CPU time), remote cache hits 0 (0.00s CPU time), compiled 0 variants (0.00s CPU time), skipped 0 variants.
    Prepared data for serialisation in 0.00s
  Pass  (vp, d3d11) finished in 0.00 seconds. Local cache hits 1 (0.00s CPU time), remote cache hits 0 (0.00s CPU time), compiled 0 variants (0.00s CPU time), skipped 0 variants.
    Prepared data for serialisation in 0.00s
  Pass  (fp, d3d11) finished in 0.00 seconds. Local cache hits 1 (0.00s CPU time), remote cache hits 0 (0.00s CPU time), compiled 0 variants (0.00s CPU time), skipped 0 variants.
    Prepared data for serialisation in 0.00s
  Pass  (vp, d3d11) finished in 0.00 seconds. Local cache hits 1 (0.00s CPU time), remote cache hits 0 (0.00s CPU time), compiled 0 variants (0.00s CPU time), skipped 0 variants.
    Prepared data for serialisation in 0.00s
  Pass  (fp, d3d11) finished in 0.00 seconds. Local cache hits 1 (0.00s CPU time), remote cache hits 0 (0.00s CPU time), compiled 0 variants (0.00s CPU time), skipped 0 variants.
    Prepared data for serialisation in 0.00s
Serialized binary data for shader Hidden/Internal-MotionVectors in 0.00s
    d3d11 (total internal programs: 6, unique: 5)
Compiling shader "Hidden/Internal-Flare"
  Pass "" (vp)
    Target graphics API: d3d11
    Full variant space:         1
    After settings filtering:   1
    After built-in stripping:   1
    After scriptable stripping: 1
    Processed in 0.00 seconds
  Pass "" (fp)
    Target graphics API: d3d11
    Full variant space:         1
    After settings filtering:   1
    After built-in stripping:   1
    After scriptable stripping: 1
    Processed in 0.00 seconds
  Pass  (vp, d3d11) finished in 0.00 seconds. Local cache hits 1 (0.00s CPU time), remote cache hits 0 (0.00s CPU time), compiled 0 variants (0.00s CPU time), skipped 0 variants.
    Prepared data for serialisation in 0.00s
  Pass  (fp, d3d11) finished in 0.00 seconds. Local cache hits 1 (0.00s CPU time), remote cache hits 0 (0.00s CPU time), compiled 0 variants (0.00s CPU time), skipped 0 variants.
    Prepared data for serialisation in 0.00s
Serialized binary data for shader Hidden/Internal-Flare in 0.00s
    d3d11 (total internal programs: 2, unique: 2)
Compiling shader "Hidden/Internal-Halo"
  Pass "" (vp)
    Target graphics API: d3d11
    Full variant space:         4
    After settings filtering:   4
    After built-in stripping:   1
    After scriptable stripping: 1
    Processed in 0.00 seconds
  Pass "" (fp)
    Target graphics API: d3d11
    Full variant space:         4
    After settings filtering:   4
    After built-in stripping:   1
    After scriptable stripping: 1
    Processed in 0.00 seconds
  Pass  (vp, d3d11) finished in 0.00 seconds. Local cache hits 1 (0.00s CPU time), remote cache hits 0 (0.00s CPU time), compiled 0 variants (0.00s CPU time), skipped 0 variants.
    Prepared data for serialisation in 0.00s
  Pass  (fp, d3d11) finished in 0.00 seconds. Local cache hits 1 (0.00s CPU time), remote cache hits 0 (0.00s CPU time), compiled 0 variants (0.00s CPU time), skipped 0 variants.
    Prepared data for serialisation in 0.00s
Serialized binary data for shader Hidden/Internal-Halo in 0.00s
    d3d11 (total internal programs: 2, unique: 2)
Compiling shader "Hidden/BlitCopyWithDepth"
  Pass "" (vp)
    Target graphics API: d3d11
    Full variant space:         1
    After settings filtering:   1
    After built-in stripping:   1
    After scriptable stripping: 1
    Processed in 0.00 seconds
  Pass "" (fp)
    Target graphics API: d3d11
    Full variant space:         1
    After settings filtering:   1
    After built-in stripping:   1
    After scriptable stripping: 1
    Processed in 0.00 seconds
  Pass  (vp, d3d11) finished in 0.00 seconds. Local cache hits 1 (0.00s CPU time), remote cache hits 0 (0.00s CPU time), compiled 0 variants (0.00s CPU time), skipped 0 variants.
    Prepared data for serialisation in 0.00s
  Pass  (fp, d3d11) finished in 0.00 seconds. Local cache hits 1 (0.00s CPU time), remote cache hits 0 (0.00s CPU time), compiled 0 variants (0.00s CPU time), skipped 0 variants.
    Prepared data for serialisation in 0.00s
Serialized binary data for shader Hidden/BlitCopyWithDepth in 0.00s
    d3d11 (total internal programs: 2, unique: 2)
Compiling shader "Hidden/BlitToDepth"
  Pass "" (vp)
    Target graphics API: d3d11
    Full variant space:         1
    After settings filtering:   1
    After built-in stripping:   1
    After scriptable stripping: 1
    Processed in 0.00 seconds
  Pass "" (fp)
    Target graphics API: d3d11
    Full variant space:         1
    After settings filtering:   1
    After built-in stripping:   1
    After scriptable stripping: 1
    Processed in 0.00 seconds
  Pass  (vp, d3d11) finished in 0.00 seconds. Local cache hits 1 (0.00s CPU time), remote cache hits 0 (0.00s CPU time), compiled 0 variants (0.00s CPU time), skipped 0 variants.
    Prepared data for serialisation in 0.00s
  Pass  (fp, d3d11) finished in 0.00 seconds. Local cache hits 1 (0.00s CPU time), remote cache hits 0 (0.00s CPU time), compiled 0 variants (0.00s CPU time), skipped 0 variants.
    Prepared data for serialisation in 0.00s
Serialized binary data for shader Hidden/BlitToDepth in 0.00s
    d3d11 (total internal programs: 2, unique: 2)
Compiling shader "Hidden/BlitToDepth_MSAA"
  Pass "" (vp)
    Target graphics API: d3d11
    Full variant space:         1
    After settings filtering:   1
    After built-in stripping:   1
    After scriptable stripping: 1
    Processed in 0.00 seconds
  Pass "" (fp)
    Target graphics API: d3d11
    Full variant space:         1
    After settings filtering:   1
    After built-in stripping:   1
    After scriptable stripping: 1
    Processed in 0.00 seconds
  Pass  (vp, d3d11) finished in 0.00 seconds. Local cache hits 1 (0.00s CPU time), remote cache hits 0 (0.00s CPU time), compiled 0 variants (0.00s CPU time), skipped 0 variants.
    Prepared data for serialisation in 0.00s
  Pass  (fp, d3d11) finished in 0.00 seconds. Local cache hits 1 (0.00s CPU time), remote cache hits 0 (0.00s CPU time), compiled 0 variants (0.00s CPU time), skipped 0 variants.
    Prepared data for serialisation in 0.00s
Serialized binary data for shader Hidden/BlitToDepth_MSAA in 0.00s
    d3d11 (total internal programs: 2, unique: 2)
Compiling shader "Hidden/BlitCopyHDRTonemap"
  Pass "" (vp)
    Target graphics API: d3d11
    Full variant space:         1
    After settings filtering:   1
    After built-in stripping:   1
    After scriptable stripping: 1
    Processed in 0.00 seconds
  Pass "" (fp)
    Target graphics API: d3d11
    Full variant space:         1
    After settings filtering:   1
    After built-in stripping:   1
    After scriptable stripping: 1
    Processed in 0.00 seconds
  Pass  (vp, d3d11) finished in 0.00 seconds. Local cache hits 1 (0.00s CPU time), remote cache hits 0 (0.00s CPU time), compiled 0 variants (0.00s CPU time), skipped 0 variants.
    Prepared data for serialisation in 0.00s
  Pass  (fp, d3d11) finished in 0.00 seconds. Local cache hits 1 (0.00s CPU time), remote cache hits 0 (0.00s CPU time), compiled 0 variants (0.00s CPU time), skipped 0 variants.
    Prepared data for serialisation in 0.00s
Serialized binary data for shader Hidden/BlitCopyHDRTonemap in 0.00s
    d3d11 (total internal programs: 2, unique: 2)
Compiling shader "Hidden/Internal-DebugPattern"
  Pass "Target Color and DepthStencil" (vp)
    Target graphics API: d3d11
    Full variant space:         1
    After settings filtering:   1
    After built-in stripping:   1
    After scriptable stripping: 1
    Processed in 0.00 seconds
  Pass "Target Color and DepthStencil" (fp)
    Target graphics API: d3d11
    Full variant space:         1
    After settings filtering:   1
    After built-in stripping:   1
    After scriptable stripping: 1
    Processed in 0.00 seconds
  Pass "Target only Color" (vp)
    Target graphics API: d3d11
    Full variant space:         1
    After settings filtering:   1
    After built-in stripping:   1
    After scriptable stripping: 1
    Processed in 0.00 seconds
  Pass "Target only Color" (fp)
    Target graphics API: d3d11
    Full variant space:         1
    After settings filtering:   1
    After built-in stripping:   1
    After scriptable stripping: 1
    Processed in 0.00 seconds
  Pass "Target only DepthStencil" (vp)
    Target graphics API: d3d11
    Full variant space:         1
    After settings filtering:   1
    After built-in stripping:   1
    After scriptable stripping: 1
    Processed in 0.00 seconds
  Pass "Target only DepthStencil" (fp)
    Target graphics API: d3d11
    Full variant space:         1
    After settings filtering:   1
    After built-in stripping:   1
    After scriptable stripping: 1
    Processed in 0.00 seconds
  Pass Target Color and DepthStencil (vp, d3d11) finished in 0.00 seconds. Local cache hits 1 (0.00s CPU time), remote cache hits 0 (0.00s CPU time), compiled 0 variants (0.00s CPU time), skipped 0 variants.
    Prepared data for serialisation in 0.00s
  Pass Target Color and DepthStencil (fp, d3d11) finished in 0.00 seconds. Local cache hits 1 (0.00s CPU time), remote cache hits 0 (0.00s CPU time), compiled 0 variants (0.00s CPU time), skipped 0 variants.
    Prepared data for serialisation in 0.00s
  Pass Target only Color (vp, d3d11) finished in 0.00 seconds. Local cache hits 1 (0.00s CPU time), remote cache hits 0 (0.00s CPU time), compiled 0 variants (0.00s CPU time), skipped 0 variants.
    Prepared data for serialisation in 0.00s
  Pass Target only Color (fp, d3d11) finished in 0.00 seconds. Local cache hits 1 (0.00s CPU time), remote cache hits 0 (0.00s CPU time), compiled 0 variants (0.00s CPU time), skipped 0 variants.
    Prepared data for serialisation in 0.00s
  Pass Target only DepthStencil (vp, d3d11) finished in 0.00 seconds. Local cache hits 1 (0.00s CPU time), remote cache hits 0 (0.00s CPU time), compiled 0 variants (0.00s CPU time), skipped 0 variants.
    Prepared data for serialisation in 0.00s
  Pass Target only DepthStencil (fp, d3d11) finished in 0.00 seconds. Local cache hits 1 (0.00s CPU time), remote cache hits 0 (0.00s CPU time), compiled 0 variants (0.00s CPU time), skipped 0 variants.
    Prepared data for serialisation in 0.00s
Serialized binary data for shader Hidden/Internal-DebugPattern in 0.00s
    d3d11 (total internal programs: 6, unique: 4)
Compiling shader "Hidden/Internal-GUITextureClip"
  Pass "" (vp)
    Target graphics API: d3d11
    Full variant space:         1
    After settings filtering:   1
    After built-in stripping:   1
    After scriptable stripping: 1
    Processed in 0.00 seconds
  Pass "" (fp)
    Target graphics API: d3d11
    Full variant space:         1
    After settings filtering:   1
    After built-in stripping:   1
    After scriptable stripping: 1
    Processed in 0.00 seconds
  Pass "" (vp)
    Target graphics API: d3d11
    Full variant space:         1
    After settings filtering:   1
    After built-in stripping:   1
    After scriptable stripping: 1
    Processed in 0.00 seconds
  Pass "" (fp)
    Target graphics API: d3d11
    Full variant space:         1
    After settings filtering:   1
    After built-in stripping:   1
    After scriptable stripping: 1
    Processed in 0.00 seconds
  Pass  (vp, d3d11) finished in 0.00 seconds. Local cache hits 1 (0.00s CPU time), remote cache hits 0 (0.00s CPU time), compiled 0 variants (0.00s CPU time), skipped 0 variants.
    Prepared data for serialisation in 0.00s
  Pass  (fp, d3d11) finished in 0.00 seconds. Local cache hits 1 (0.00s CPU time), remote cache hits 0 (0.00s CPU time), compiled 0 variants (0.00s CPU time), skipped 0 variants.
    Prepared data for serialisation in 0.00s
  Pass  (vp, d3d11) finished in 0.00 seconds. Local cache hits 1 (0.00s CPU time), remote cache hits 0 (0.00s CPU time), compiled 0 variants (0.00s CPU time), skipped 0 variants.
    Prepared data for serialisation in 0.00s
  Pass  (fp, d3d11) finished in 0.00 seconds. Local cache hits 1 (0.00s CPU time), remote cache hits 0 (0.00s CPU time), compiled 0 variants (0.00s CPU time), skipped 0 variants.
    Prepared data for serialisation in 0.00s
Serialized binary data for shader Hidden/Internal-GUITextureClip in 0.00s
    d3d11 (total internal programs: 4, unique: 2)
Compiling shader "Hidden/Internal-GUITextureClipText"
  Pass "" (vp)
    Target graphics API: d3d11
    Full variant space:         1
    After settings filtering:   1
    After built-in stripping:   1
    After scriptable stripping: 1
    Processed in 0.00 seconds
  Pass "" (fp)
    Target graphics API: d3d11
    Full variant space:         1
    After settings filtering:   1
    After built-in stripping:   1
    After scriptable stripping: 1
    Processed in 0.00 seconds
  Pass "" (vp)
    Target graphics API: d3d11
    Full variant space:         1
    After settings filtering:   1
    After built-in stripping:   1
    After scriptable stripping: 1
    Processed in 0.00 seconds
  Pass "" (fp)
    Target graphics API: d3d11
    Full variant space:         1
    After settings filtering:   1
    After built-in stripping:   1
    After scriptable stripping: 1
    Processed in 0.00 seconds
  Pass  (vp, d3d11) finished in 0.00 seconds. Local cache hits 1 (0.00s CPU time), remote cache hits 0 (0.00s CPU time), compiled 0 variants (0.00s CPU time), skipped 0 variants.
    Prepared data for serialisation in 0.00s
  Pass  (fp, d3d11) finished in 0.00 seconds. Local cache hits 1 (0.00s CPU time), remote cache hits 0 (0.00s CPU time), compiled 0 variants (0.00s CPU time), skipped 0 variants.
    Prepared data for serialisation in 0.00s
  Pass  (vp, d3d11) finished in 0.00 seconds. Local cache hits 1 (0.00s CPU time), remote cache hits 0 (0.00s CPU time), compiled 0 variants (0.00s CPU time), skipped 0 variants.
    Prepared data for serialisation in 0.00s
  Pass  (fp, d3d11) finished in 0.00 seconds. Local cache hits 1 (0.00s CPU time), remote cache hits 0 (0.00s CPU time), compiled 0 variants (0.00s CPU time), skipped 0 variants.
    Prepared data for serialisation in 0.00s
Serialized binary data for shader Hidden/Internal-GUITextureClipText in 0.00s
    d3d11 (total internal programs: 4, unique: 2)
Compiling shader "Hidden/Internal-GUITexture"
  Pass "" (vp)
    Target graphics API: d3d11
    Full variant space:         1
    After settings filtering:   1
    After built-in stripping:   1
    After scriptable stripping: 1
    Processed in 0.00 seconds
  Pass "" (fp)
    Target graphics API: d3d11
    Full variant space:         1
    After settings filtering:   1
    After built-in stripping:   1
    After scriptable stripping: 1
    Processed in 0.00 seconds
  Pass "" (vp)
    Target graphics API: d3d11
    Full variant space:         1
    After settings filtering:   1
    After built-in stripping:   1
    After scriptable stripping: 1
    Processed in 0.00 seconds
  Pass "" (fp)
    Target graphics API: d3d11
    Full variant space:         1
    After settings filtering:   1
    After built-in stripping:   1
    After scriptable stripping: 1
    Processed in 0.00 seconds
  Pass  (vp, d3d11) finished in 0.00 seconds. Local cache hits 1 (0.00s CPU time), remote cache hits 0 (0.00s CPU time), compiled 0 variants (0.00s CPU time), skipped 0 variants.
    Prepared data for serialisation in 0.00s
  Pass  (fp, d3d11) finished in 0.00 seconds. Local cache hits 1 (0.00s CPU time), remote cache hits 0 (0.00s CPU time), compiled 0 variants (0.00s CPU time), skipped 0 variants.
    Prepared data for serialisation in 0.00s
  Pass  (vp, d3d11) finished in 0.00 seconds. Local cache hits 1 (0.00s CPU time), remote cache hits 0 (0.00s CPU time), compiled 0 variants (0.00s CPU time), skipped 0 variants.
    Prepared data for serialisation in 0.00s
  Pass  (fp, d3d11) finished in 0.00 seconds. Local cache hits 1 (0.00s CPU time), remote cache hits 0 (0.00s CPU time), compiled 0 variants (0.00s CPU time), skipped 0 variants.
    Prepared data for serialisation in 0.00s
Serialized binary data for shader Hidden/Internal-GUITexture in 0.00s
    d3d11 (total internal programs: 4, unique: 2)
Compiling shader "Hidden/Internal-GUITextureBlit"
  Pass "" (vp)
    Target graphics API: d3d11
    Full variant space:         1
    After settings filtering:   1
    After built-in stripping:   1
    After scriptable stripping: 1
    Processed in 0.00 seconds
  Pass "" (fp)
    Target graphics API: d3d11
    Full variant space:         1
    After settings filtering:   1
    After built-in stripping:   1
    After scriptable stripping: 1
    Processed in 0.00 seconds
  Pass "" (vp)
    Target graphics API: d3d11
    Full variant space:         1
    After settings filtering:   1
    After built-in stripping:   1
    After scriptable stripping: 1
    Processed in 0.00 seconds
  Pass "" (fp)
    Target graphics API: d3d11
    Full variant space:         1
    After settings filtering:   1
    After built-in stripping:   1
    After scriptable stripping: 1
    Processed in 0.00 seconds
  Pass  (vp, d3d11) finished in 0.00 seconds. Local cache hits 1 (0.00s CPU time), remote cache hits 0 (0.00s CPU time), compiled 0 variants (0.00s CPU time), skipped 0 variants.
    Prepared data for serialisation in 0.00s
  Pass  (fp, d3d11) finished in 0.00 seconds. Local cache hits 1 (0.00s CPU time), remote cache hits 0 (0.00s CPU time), compiled 0 variants (0.00s CPU time), skipped 0 variants.
    Prepared data for serialisation in 0.00s
  Pass  (vp, d3d11) finished in 0.00 seconds. Local cache hits 1 (0.00s CPU time), remote cache hits 0 (0.00s CPU time), compiled 0 variants (0.00s CPU time), skipped 0 variants.
    Prepared data for serialisation in 0.00s
  Pass  (fp, d3d11) finished in 0.00 seconds. Local cache hits 1 (0.00s CPU time), remote cache hits 0 (0.00s CPU time), compiled 0 variants (0.00s CPU time), skipped 0 variants.
    Prepared data for serialisation in 0.00s
Serialized binary data for shader Hidden/Internal-GUITextureBlit in 0.00s
    d3d11 (total internal programs: 4, unique: 2)
Compiling shader "Hidden/Internal-GUIRoundedRect"
  Pass "" (vp)
    Target graphics API: d3d11
    Full variant space:         1
    After settings filtering:   1
    After built-in stripping:   1
    After scriptable stripping: 1
    Processed in 0.00 seconds
  Pass "" (fp)
    Target graphics API: d3d11
    Full variant space:         1
    After settings filtering:   1
    After built-in stripping:   1
    After scriptable stripping: 1
    Processed in 0.00 seconds
  Pass "" (vp)
    Target graphics API: d3d11
    Full variant space:         1
    After settings filtering:   1
    After built-in stripping:   1
    After scriptable stripping: 1
    Processed in 0.00 seconds
  Pass "" (fp)
    Target graphics API: d3d11
    Full variant space:         1
    After settings filtering:   1
    After built-in stripping:   1
    After scriptable stripping: 1
    Processed in 0.00 seconds
  Pass  (vp, d3d11) finished in 0.00 seconds. Local cache hits 1 (0.00s CPU time), remote cache hits 0 (0.00s CPU time), compiled 0 variants (0.00s CPU time), skipped 0 variants.
    Prepared data for serialisation in 0.00s
  Pass  (fp, d3d11) finished in 0.00 seconds. Local cache hits 1 (0.00s CPU time), remote cache hits 0 (0.00s CPU time), compiled 0 variants (0.00s CPU time), skipped 0 variants.
    Prepared data for serialisation in 0.00s
  Pass  (vp, d3d11) finished in 0.00 seconds. Local cache hits 1 (0.00s CPU time), remote cache hits 0 (0.00s CPU time), compiled 0 variants (0.00s CPU time), skipped 0 variants.
    Prepared data for serialisation in 0.00s
  Pass  (fp, d3d11) finished in 0.00 seconds. Local cache hits 1 (0.00s CPU time), remote cache hits 0 (0.00s CPU time), compiled 0 variants (0.00s CPU time), skipped 0 variants.
    Prepared data for serialisation in 0.00s
Serialized binary data for shader Hidden/Internal-GUIRoundedRect in 0.00s
    d3d11 (total internal programs: 4, unique: 2)
Compiling shader "Hidden/Internal-GUIRoundedRectWithColorPerBorder"
  Pass "" (vp)
    Target graphics API: d3d11
    Full variant space:         1
    After settings filtering:   1
    After built-in stripping:   1
    After scriptable stripping: 1
    Processed in 0.00 seconds
  Pass "" (fp)
    Target graphics API: d3d11
    Full variant space:         1
    After settings filtering:   1
    After built-in stripping:   1
    After scriptable stripping: 1
    Processed in 0.00 seconds
  Pass "" (vp)
    Target graphics API: d3d11
    Full variant space:         1
    After settings filtering:   1
    After built-in stripping:   1
    After scriptable stripping: 1
    Processed in 0.00 seconds
  Pass "" (fp)
    Target graphics API: d3d11
    Full variant space:         1
    After settings filtering:   1
    After built-in stripping:   1
    After scriptable stripping: 1
    Processed in 0.00 seconds
  Pass  (vp, d3d11) finished in 0.00 seconds. Local cache hits 1 (0.00s CPU time), remote cache hits 0 (0.00s CPU time), compiled 0 variants (0.00s CPU time), skipped 0 variants.
    Prepared data for serialisation in 0.00s
  Pass  (fp, d3d11) finished in 0.00 seconds. Local cache hits 1 (0.00s CPU time), remote cache hits 0 (0.00s CPU time), compiled 0 variants (0.00s CPU time), skipped 0 variants.
    Prepared data for serialisation in 0.00s
  Pass  (vp, d3d11) finished in 0.00 seconds. Local cache hits 1 (0.00s CPU time), remote cache hits 0 (0.00s CPU time), compiled 0 variants (0.00s CPU time), skipped 0 variants.
    Prepared data for serialisation in 0.00s
  Pass  (fp, d3d11) finished in 0.00 seconds. Local cache hits 1 (0.00s CPU time), remote cache hits 0 (0.00s CPU time), compiled 0 variants (0.00s CPU time), skipped 0 variants.
    Prepared data for serialisation in 0.00s
Serialized binary data for shader Hidden/Internal-GUIRoundedRectWithColorPerBorder in 0.00s
    d3d11 (total internal programs: 4, unique: 2)
Compiling shader "Hidden/Internal-UIRDefault"
  Pass "" (vp)
    Target graphics API: d3d11
    Full variant space:         40
    After settings filtering:   40
    After built-in stripping:   40
    After scriptable stripping: 40
    Processed in 0.00 seconds
  Pass "" (fp)
    Target graphics API: d3d11
    Full variant space:         40
    After settings filtering:   40
    After built-in stripping:   40
    After scriptable stripping: 40
    Processed in 0.00 seconds
  Pass  (vp, d3d11) finished in 0.00 seconds. Local cache hits 40 (0.02s CPU time), remote cache hits 0 (0.00s CPU time), compiled 0 variants (0.00s CPU time), skipped 0 variants.
    Prepared data for serialisation in 0.00s
  Pass  (fp, d3d11) finished in 0.00 seconds. Local cache hits 40 (0.02s CPU time), remote cache hits 0 (0.00s CPU time), compiled 0 variants (0.00s CPU time), skipped 0 variants.
    Prepared data for serialisation in 0.00s
Serialized binary data for shader Hidden/Internal-UIRDefault in 0.00s
    d3d11 (total internal programs: 80, unique: 80)
Compiling shader "Hidden/Internal-UIRAtlasBlitCopy"
  Pass "" (vp)
    Target graphics API: d3d11
    Full variant space:         1
    After settings filtering:   1
    After built-in stripping:   1
    After scriptable stripping: 1
    Processed in 0.00 seconds
  Pass "" (fp)
    Target graphics API: d3d11
    Full variant space:         1
    After settings filtering:   1
    After built-in stripping:   1
    After scriptable stripping: 1
    Processed in 0.00 seconds
  Pass  (vp, d3d11) finished in 0.00 seconds. Local cache hits 1 (0.00s CPU time), remote cache hits 0 (0.00s CPU time), compiled 0 variants (0.00s CPU time), skipped 0 variants.
    Prepared data for serialisation in 0.00s
  Pass  (fp, d3d11) finished in 0.00 seconds. Local cache hits 1 (0.00s CPU time), remote cache hits 0 (0.00s CPU time), compiled 0 variants (0.00s CPU time), skipped 0 variants.
    Prepared data for serialisation in 0.00s
Serialized binary data for shader Hidden/Internal-UIRAtlasBlitCopy in 0.00s
    d3d11 (total internal programs: 2, unique: 2)
Compiling shader "Sprites/Default"
  Pass "" (vp)
    Target graphics API: d3d11
    Full variant space:         8
    After settings filtering:   8
    After built-in stripping:   4
    After scriptable stripping: 4
    Processed in 0.00 seconds
  Pass "" (fp)
    Target graphics API: d3d11
    Full variant space:         8
    After settings filtering:   8
    After built-in stripping:   4
    After scriptable stripping: 4
    Processed in 0.00 seconds
  Pass  (vp, d3d11) finished in 0.00 seconds. Local cache hits 4 (0.00s CPU time), remote cache hits 0 (0.00s CPU time), compiled 0 variants (0.00s CPU time), skipped 0 variants.
    Prepared data for serialisation in 0.00s
  Pass  (fp, d3d11) finished in 0.00 seconds. Local cache hits 4 (0.00s CPU time), remote cache hits 0 (0.00s CPU time), compiled 0 variants (0.00s CPU time), skipped 0 variants.
    Prepared data for serialisation in 0.00s
Serialized binary data for shader Sprites/Default in 0.00s
    d3d11 (total internal programs: 8, unique: 8)
Compiling shader "Sprites/Mask"
  Pass "" (vp)
    Target graphics API: d3d11
    Full variant space:         4
    After settings filtering:   4
    After built-in stripping:   4
    After scriptable stripping: 4
    Processed in 0.00 seconds
  Pass "" (fp)
    Target graphics API: d3d11
    Full variant space:         4
    After settings filtering:   4
    After built-in stripping:   4
    After scriptable stripping: 4
    Processed in 0.00 seconds
  Pass  (vp, d3d11) finished in 0.00 seconds. Local cache hits 4 (0.00s CPU time), remote cache hits 0 (0.00s CPU time), compiled 0 variants (0.00s CPU time), skipped 0 variants.
    Prepared data for serialisation in 0.00s
  Pass  (fp, d3d11) finished in 0.00 seconds. Local cache hits 4 (0.00s CPU time), remote cache hits 0 (0.00s CPU time), compiled 0 variants (0.00s CPU time), skipped 0 variants.
    Prepared data for serialisation in 0.00s
Serialized binary data for shader Sprites/Mask in 0.00s
    d3d11 (total internal programs: 8, unique: 8)
Compiling shader "UI/Default"
  Pass "Default" (vp)
    Target graphics API: d3d11
    Full variant space:         4
    After settings filtering:   4
    After built-in stripping:   4
    After scriptable stripping: 4
    Processed in 0.00 seconds
  Pass "Default" (fp)
    Target graphics API: d3d11
    Full variant space:         4
    After settings filtering:   4
    After built-in stripping:   4
    After scriptable stripping: 4
    Processed in 0.00 seconds
  Pass "XRMotionVectors" (vp)
    Target graphics API: d3d11
    Full variant space:         4
    After settings filtering:   4
    After built-in stripping:   4
    After scriptable stripping: 4
    Processed in 0.00 seconds
  Pass "XRMotionVectors" (fp)
    Target graphics API: d3d11
    Full variant space:         4
    After settings filtering:   4
    After built-in stripping:   4
    After scriptable stripping: 4
    Processed in 0.00 seconds
  Pass Default (vp, d3d11) finished in 0.00 seconds. Local cache hits 4 (0.00s CPU time), remote cache hits 0 (0.00s CPU time), compiled 0 variants (0.00s CPU time), skipped 0 variants.
    Prepared data for serialisation in 0.00s
  Pass Default (fp, d3d11) finished in 0.00 seconds. Local cache hits 4 (0.00s CPU time), remote cache hits 0 (0.00s CPU time), compiled 0 variants (0.00s CPU time), skipped 0 variants.
    Prepared data for serialisation in 0.00s
  Pass XRMotionVectors (vp, d3d11) finished in 0.00 seconds. Local cache hits 4 (0.00s CPU time), remote cache hits 0 (0.00s CPU time), compiled 0 variants (0.00s CPU time), skipped 0 variants.
    Prepared data for serialisation in 0.00s
  Pass XRMotionVectors (fp, d3d11) finished in 0.00 seconds. Local cache hits 4 (0.00s CPU time), remote cache hits 0 (0.00s CPU time), compiled 0 variants (0.00s CPU time), skipped 0 variants.
    Prepared data for serialisation in 0.00s
Serialized binary data for shader UI/Default in 0.00s
    d3d11 (total internal programs: 16, unique: 16)
Compiling shader "UI/DefaultETC1"
  Pass "Default" (vp)
    Target graphics API: d3d11
    Full variant space:         4
    After settings filtering:   4
    After built-in stripping:   4
    After scriptable stripping: 4
    Processed in 0.00 seconds
  Pass "Default" (fp)
    Target graphics API: d3d11
    Full variant space:         4
    After settings filtering:   4
    After built-in stripping:   4
    After scriptable stripping: 4
    Processed in 0.00 seconds
  Pass "XRMotionVectors" (vp)
    Target graphics API: d3d11
    Full variant space:         4
    After settings filtering:   4
    After built-in stripping:   4
    After scriptable stripping: 4
    Processed in 0.00 seconds
  Pass "XRMotionVectors" (fp)
    Target graphics API: d3d11
    Full variant space:         4
    After settings filtering:   4
    After built-in stripping:   4
    After scriptable stripping: 4
    Processed in 0.00 seconds
  Pass Default (vp, d3d11) finished in 0.00 seconds. Local cache hits 4 (0.00s CPU time), remote cache hits 0 (0.00s CPU time), compiled 0 variants (0.00s CPU time), skipped 0 variants.
    Prepared data for serialisation in 0.00s
  Pass Default (fp, d3d11) finished in 0.00 seconds. Local cache hits 4 (0.00s CPU time), remote cache hits 0 (0.00s CPU time), compiled 0 variants (0.00s CPU time), skipped 0 variants.
    Prepared data for serialisation in 0.00s
  Pass XRMotionVectors (vp, d3d11) finished in 0.00 seconds. Local cache hits 4 (0.00s CPU time), remote cache hits 0 (0.00s CPU time), compiled 0 variants (0.00s CPU time), skipped 0 variants.
    Prepared data for serialisation in 0.00s
  Pass XRMotionVectors (fp, d3d11) finished in 0.00 seconds. Local cache hits 4 (0.00s CPU time), remote cache hits 0 (0.00s CPU time), compiled 0 variants (0.00s CPU time), skipped 0 variants.
    Prepared data for serialisation in 0.00s
Serialized binary data for shader UI/DefaultETC1 in 0.00s
    d3d11 (total internal programs: 16, unique: 16)
Compiling shader "Hidden/CubeBlur"
  Pass "" (vp)
    Target graphics API: d3d11
    Full variant space:         1
    After settings filtering:   1
    After built-in stripping:   1
    After scriptable stripping: 1
    Processed in 0.00 seconds
  Pass "" (fp)
    Target graphics API: d3d11
    Full variant space:         1
    After settings filtering:   1
    After built-in stripping:   1
    After scriptable stripping: 1
    Processed in 0.00 seconds
  Pass "" (vp)
    Target graphics API: d3d11
    Full variant space:         1
    After settings filtering:   1
    After built-in stripping:   1
    After scriptable stripping: 1
    Processed in 0.00 seconds
  Pass "" (fp)
    Target graphics API: d3d11
    Full variant space:         1
    After settings filtering:   1
    After built-in stripping:   1
    After scriptable stripping: 1
    Processed in 0.00 seconds
  Pass  (vp, d3d11) finished in 0.00 seconds. Local cache hits 1 (0.00s CPU time), remote cache hits 0 (0.00s CPU time), compiled 0 variants (0.00s CPU time), skipped 0 variants.
    Prepared data for serialisation in 0.00s
  Pass  (fp, d3d11) finished in 0.00 seconds. Local cache hits 1 (0.00s CPU time), remote cache hits 0 (0.00s CPU time), compiled 0 variants (0.00s CPU time), skipped 0 variants.
    Prepared data for serialisation in 0.00s
  Pass  (vp, d3d11) finished in 0.00 seconds. Local cache hits 1 (0.00s CPU time), remote cache hits 0 (0.00s CPU time), compiled 0 variants (0.00s CPU time), skipped 0 variants.
    Prepared data for serialisation in 0.00s
  Pass  (fp, d3d11) finished in 0.00 seconds. Local cache hits 1 (0.00s CPU time), remote cache hits 0 (0.00s CPU time), compiled 0 variants (0.00s CPU time), skipped 0 variants.
    Prepared data for serialisation in 0.00s
Serialized binary data for shader Hidden/CubeBlur in 0.00s
    d3d11 (total internal programs: 4, unique: 3)
Compiling shader "Hidden/CubeCopy"
  Pass "" (vp)
    Target graphics API: d3d11
    Full variant space:         1
    After settings filtering:   1
    After built-in stripping:   1
    After scriptable stripping: 1
    Processed in 0.00 seconds
  Pass "" (fp)
    Target graphics API: d3d11
    Full variant space:         1
    After settings filtering:   1
    After built-in stripping:   1
    After scriptable stripping: 1
    Processed in 0.00 seconds
  Pass "" (vp)
    Target graphics API: d3d11
    Full variant space:         1
    After settings filtering:   1
    After built-in stripping:   1
    After scriptable stripping: 1
    Processed in 0.00 seconds
  Pass "" (fp)
    Target graphics API: d3d11
    Full variant space:         1
    After settings filtering:   1
    After built-in stripping:   1
    After scriptable stripping: 1
    Processed in 0.00 seconds
  Pass  (vp, d3d11) finished in 0.00 seconds. Local cache hits 1 (0.00s CPU time), remote cache hits 0 (0.00s CPU time), compiled 0 variants (0.00s CPU time), skipped 0 variants.
    Prepared data for serialisation in 0.00s
  Pass  (fp, d3d11) finished in 0.00 seconds. Local cache hits 1 (0.00s CPU time), remote cache hits 0 (0.00s CPU time), compiled 0 variants (0.00s CPU time), skipped 0 variants.
    Prepared data for serialisation in 0.00s
  Pass  (vp, d3d11) finished in 0.00 seconds. Local cache hits 1 (0.00s CPU time), remote cache hits 0 (0.00s CPU time), compiled 0 variants (0.00s CPU time), skipped 0 variants.
    Prepared data for serialisation in 0.00s
  Pass  (fp, d3d11) finished in 0.00 seconds. Local cache hits 1 (0.00s CPU time), remote cache hits 0 (0.00s CPU time), compiled 0 variants (0.00s CPU time), skipped 0 variants.
    Prepared data for serialisation in 0.00s
Serialized binary data for shader Hidden/CubeCopy in 0.00s
    d3d11 (total internal programs: 4, unique: 2)
Compiling shader "Hidden/CubeBlend"
  Pass "" (vp)
    Target graphics API: d3d11
    Full variant space:         1
    After settings filtering:   1
    After built-in stripping:   1
    After scriptable stripping: 1
    Processed in 0.00 seconds
  Pass "" (fp)
    Target graphics API: d3d11
    Full variant space:         1
    After settings filtering:   1
    After built-in stripping:   1
    After scriptable stripping: 1
    Processed in 0.00 seconds
  Pass "" (vp)
    Target graphics API: d3d11
    Full variant space:         1
    After settings filtering:   1
    After built-in stripping:   1
    After scriptable stripping: 1
    Processed in 0.00 seconds
  Pass "" (fp)
    Target graphics API: d3d11
    Full variant space:         1
    After settings filtering:   1
    After built-in stripping:   1
    After scriptable stripping: 1
    Processed in 0.00 seconds
  Pass  (vp, d3d11) finished in 0.00 seconds. Local cache hits 1 (0.00s CPU time), remote cache hits 0 (0.00s CPU time), compiled 0 variants (0.00s CPU time), skipped 0 variants.
    Prepared data for serialisation in 0.00s
  Pass  (fp, d3d11) finished in 0.00 seconds. Local cache hits 1 (0.00s CPU time), remote cache hits 0 (0.00s CPU time), compiled 0 variants (0.00s CPU time), skipped 0 variants.
    Prepared data for serialisation in 0.00s
  Pass  (vp, d3d11) finished in 0.00 seconds. Local cache hits 1 (0.00s CPU time), remote cache hits 0 (0.00s CPU time), compiled 0 variants (0.00s CPU time), skipped 0 variants.
    Prepared data for serialisation in 0.00s
  Pass  (fp, d3d11) finished in 0.00 seconds. Local cache hits 1 (0.00s CPU time), remote cache hits 0 (0.00s CPU time), compiled 0 variants (0.00s CPU time), skipped 0 variants.
    Prepared data for serialisation in 0.00s
Serialized binary data for shader Hidden/CubeBlend in 0.00s
    d3d11 (total internal programs: 4, unique: 2)
Compiling shader "Hidden/VR/BlitTexArraySlice"
  Pass "" (vp)
    Target graphics API: d3d11
    Full variant space:         1
    After settings filtering:   1
    After built-in stripping:   1
    After scriptable stripping: 1
    Processed in 0.00 seconds
  Pass "" (fp)
    Target graphics API: d3d11
    Full variant space:         1
    After settings filtering:   1
    After built-in stripping:   1
    After scriptable stripping: 1
    Processed in 0.00 seconds
  Pass  (vp, d3d11) finished in 0.00 seconds. Local cache hits 1 (0.00s CPU time), remote cache hits 0 (0.00s CPU time), compiled 0 variants (0.00s CPU time), skipped 0 variants.
    Prepared data for serialisation in 0.00s
  Pass  (fp, d3d11) finished in 0.00 seconds. Local cache hits 1 (0.00s CPU time), remote cache hits 0 (0.00s CPU time), compiled 0 variants (0.00s CPU time), skipped 0 variants.
    Prepared data for serialisation in 0.00s
Serialized binary data for shader Hidden/VR/BlitTexArraySlice in 0.00s
    d3d11 (total internal programs: 2, unique: 2)
Compiling shader "Hidden/Internal-ODSWorldTexture"
  Pass "" (vp)
    Target graphics API: d3d11
    Full variant space:         1
    After settings filtering:   1
    After built-in stripping:   1
    After scriptable stripping: 1
    Processed in 0.00 seconds
  Pass "" (fp)
    Target graphics API: d3d11
    Full variant space:         1
    After settings filtering:   1
    After built-in stripping:   1
    After scriptable stripping: 1
    Processed in 0.00 seconds
  Pass "" (vp)
    Target graphics API: d3d11
    Full variant space:         1
    After settings filtering:   1
    After built-in stripping:   1
    After scriptable stripping: 1
    Processed in 0.00 seconds
  Pass "" (fp)
    Target graphics API: d3d11
    Full variant space:         1
    After settings filtering:   1
    After built-in stripping:   1
    After scriptable stripping: 1
    Processed in 0.00 seconds
  Pass "" (vp)
    Target graphics API: d3d11
    Full variant space:         1
    After settings filtering:   1
    After built-in stripping:   1
    After scriptable stripping: 1
    Processed in 0.00 seconds
  Pass "" (fp)
    Target graphics API: d3d11
    Full variant space:         1
    After settings filtering:   1
    After built-in stripping:   1
    After scriptable stripping: 1
    Processed in 0.00 seconds
  Pass "" (vp)
    Target graphics API: d3d11
    Full variant space:         1
    After settings filtering:   1
    After built-in stripping:   1
    After scriptable stripping: 1
    Processed in 0.00 seconds
  Pass "" (fp)
    Target graphics API: d3d11
    Full variant space:         1
    After settings filtering:   1
    After built-in stripping:   1
    After scriptable stripping: 1
    Processed in 0.00 seconds
  Pass "" (vp)
    Target graphics API: d3d11
    Full variant space:         1
    After settings filtering:   1
    After built-in stripping:   1
    After scriptable stripping: 1
    Processed in 0.00 seconds
  Pass "" (fp)
    Target graphics API: d3d11
    Full variant space:         1
    After settings filtering:   1
    After built-in stripping:   1
    After scriptable stripping: 1
    Processed in 0.00 seconds
  Pass "" (vp)
    Target graphics API: d3d11
    Full variant space:         1
    After settings filtering:   1
    After built-in stripping:   1
    After scriptable stripping: 1
    Processed in 0.00 seconds
  Pass "" (fp)
    Target graphics API: d3d11
    Full variant space:         1
    After settings filtering:   1
    After built-in stripping:   1
    After scriptable stripping: 1
    Processed in 0.00 seconds
  Pass "" (vp)
    Target graphics API: d3d11
    Full variant space:         1
    After settings filtering:   1
    After built-in stripping:   1
    After scriptable stripping: 1
    Processed in 0.00 seconds
  Pass "" (fp)
    Target graphics API: d3d11
    Full variant space:         1
    After settings filtering:   1
    After built-in stripping:   1
    After scriptable stripping: 1
    Processed in 0.00 seconds
  Pass "" (vp)
    Target graphics API: d3d11
    Full variant space:         1
    After settings filtering:   1
    After built-in stripping:   1
    After scriptable stripping: 1
    Processed in 0.00 seconds
  Pass "" (fp)
    Target graphics API: d3d11
    Full variant space:         1
    After settings filtering:   1
    After built-in stripping:   1
    After scriptable stripping: 1
    Processed in 0.00 seconds
  Pass "" (vp)
    Target graphics API: d3d11
    Full variant space:         1
    After settings filtering:   1
    After built-in stripping:   1
    After scriptable stripping: 1
    Processed in 0.00 seconds
  Pass "" (fp)
    Target graphics API: d3d11
    Full variant space:         1
    After settings filtering:   1
    After built-in stripping:   1
    After scriptable stripping: 1
    Processed in 0.00 seconds
  Pass "" (vp)
    Target graphics API: d3d11
    Full variant space:         1
    After settings filtering:   1
    After built-in stripping:   1
    After scriptable stripping: 1
    Processed in 0.00 seconds
  Pass "" (fp)
    Target graphics API: d3d11
    Full variant space:         1
    After settings filtering:   1
    After built-in stripping:   1
    After scriptable stripping: 1
    Processed in 0.00 seconds
  Pass  (vp, d3d11) finished in 0.00 seconds. Local cache hits 1 (0.00s CPU time), remote cache hits 0 (0.00s CPU time), compiled 0 variants (0.00s CPU time), skipped 0 variants.
    Prepared data for serialisation in 0.00s
  Pass  (fp, d3d11) finished in 0.00 seconds. Local cache hits 1 (0.00s CPU time), remote cache hits 0 (0.00s CPU time), compiled 0 variants (0.00s CPU time), skipped 0 variants.
    Prepared data for serialisation in 0.00s
  Pass  (vp, d3d11) finished in 0.00 seconds. Local cache hits 1 (0.00s CPU time), remote cache hits 0 (0.00s CPU time), compiled 0 variants (0.00s CPU time), skipped 0 variants.
    Prepared data for serialisation in 0.00s
  Pass  (fp, d3d11) finished in 0.00 seconds. Local cache hits 1 (0.00s CPU time), remote cache hits 0 (0.00s CPU time), compiled 0 variants (0.00s CPU time), skipped 0 variants.
    Prepared data for serialisation in 0.00s
  Pass  (vp, d3d11) finished in 0.00 seconds. Local cache hits 1 (0.00s CPU time), remote cache hits 0 (0.00s CPU time), compiled 0 variants (0.00s CPU time), skipped 0 variants.
    Prepared data for serialisation in 0.00s
  Pass  (fp, d3d11) finished in 0.00 seconds. Local cache hits 1 (0.00s CPU time), remote cache hits 0 (0.00s CPU time), compiled 0 variants (0.00s CPU time), skipped 0 variants.
    Prepared data for serialisation in 0.00s
  Pass  (vp, d3d11) finished in 0.00 seconds. Local cache hits 1 (0.00s CPU time), remote cache hits 0 (0.00s CPU time), compiled 0 variants (0.00s CPU time), skipped 0 variants.
    Prepared data for serialisation in 0.00s
  Pass  (fp, d3d11) finished in 0.00 seconds. Local cache hits 1 (0.00s CPU time), remote cache hits 0 (0.00s CPU time), compiled 0 variants (0.00s CPU time), skipped 0 variants.
    Prepared data for serialisation in 0.00s
  Pass  (vp, d3d11) finished in 0.00 seconds. Local cache hits 1 (0.00s CPU time), remote cache hits 0 (0.00s CPU time), compiled 0 variants (0.00s CPU time), skipped 0 variants.
    Prepared data for serialisation in 0.00s
  Pass  (fp, d3d11) finished in 0.00 seconds. Local cache hits 1 (0.00s CPU time), remote cache hits 0 (0.00s CPU time), compiled 0 variants (0.00s CPU time), skipped 0 variants.
    Prepared data for serialisation in 0.00s
  Pass  (vp, d3d11) finished in 0.00 seconds. Local cache hits 1 (0.00s CPU time), remote cache hits 0 (0.00s CPU time), compiled 0 variants (0.00s CPU time), skipped 0 variants.
    Prepared data for serialisation in 0.00s
  Pass  (fp, d3d11) finished in 0.00 seconds. Local cache hits 1 (0.00s CPU time), remote cache hits 0 (0.00s CPU time), compiled 0 variants (0.00s CPU time), skipped 0 variants.
    Prepared data for serialisation in 0.00s
  Pass  (vp, d3d11) finished in 0.00 seconds. Local cache hits 1 (0.00s CPU time), remote cache hits 0 (0.00s CPU time), compiled 0 variants (0.00s CPU time), skipped 0 variants.
    Prepared data for serialisation in 0.00s
  Pass  (fp, d3d11) finished in 0.00 seconds. Local cache hits 1 (0.00s CPU time), remote cache hits 0 (0.00s CPU time), compiled 0 variants (0.00s CPU time), skipped 0 variants.
    Prepared data for serialisation in 0.00s
  Pass  (vp, d3d11) finished in 0.00 seconds. Local cache hits 1 (0.00s CPU time), remote cache hits 0 (0.00s CPU time), compiled 0 variants (0.00s CPU time), skipped 0 variants.
    Prepared data for serialisation in 0.00s
  Pass  (fp, d3d11) finished in 0.00 seconds. Local cache hits 1 (0.00s CPU time), remote cache hits 0 (0.00s CPU time), compiled 0 variants (0.00s CPU time), skipped 0 variants.
    Prepared data for serialisation in 0.00s
  Pass  (vp, d3d11) finished in 0.00 seconds. Local cache hits 1 (0.00s CPU time), remote cache hits 0 (0.00s CPU time), compiled 0 variants (0.00s CPU time), skipped 0 variants.
    Prepared data for serialisation in 0.00s
  Pass  (fp, d3d11) finished in 0.00 seconds. Local cache hits 1 (0.00s CPU time), remote cache hits 0 (0.00s CPU time), compiled 0 variants (0.00s CPU time), skipped 0 variants.
    Prepared data for serialisation in 0.00s
  Pass  (vp, d3d11) finished in 0.00 seconds. Local cache hits 1 (0.00s CPU time), remote cache hits 0 (0.00s CPU time), compiled 0 variants (0.00s CPU time), skipped 0 variants.
    Prepared data for serialisation in 0.00s
  Pass  (fp, d3d11) finished in 0.00 seconds. Local cache hits 1 (0.00s CPU time), remote cache hits 0 (0.00s CPU time), compiled 0 variants (0.00s CPU time), skipped 0 variants.
    Prepared data for serialisation in 0.00s
Serialized binary data for shader Hidden/Internal-ODSWorldTexture in 0.00s
    d3d11 (total internal programs: 20, unique: 15)
Compiling shader "Hidden/Internal-CubemapToEquirect"
  Pass "" (vp)
    Target graphics API: d3d11
    Full variant space:         1
    After settings filtering:   1
    After built-in stripping:   1
    After scriptable stripping: 1
    Processed in 0.00 seconds
  Pass "" (fp)
    Target graphics API: d3d11
    Full variant space:         1
    After settings filtering:   1
    After built-in stripping:   1
    After scriptable stripping: 1
    Processed in 0.00 seconds
  Pass  (vp, d3d11) finished in 0.00 seconds. Local cache hits 1 (0.00s CPU time), remote cache hits 0 (0.00s CPU time), compiled 0 variants (0.00s CPU time), skipped 0 variants.
    Prepared data for serialisation in 0.00s
  Pass  (fp, d3d11) finished in 0.00 seconds. Local cache hits 1 (0.00s CPU time), remote cache hits 0 (0.00s CPU time), compiled 0 variants (0.00s CPU time), skipped 0 variants.
    Prepared data for serialisation in 0.00s
Serialized binary data for shader Hidden/Internal-CubemapToEquirect in 0.00s
    d3d11 (total internal programs: 2, unique: 2)
Compiling shader "Hidden/VR/BlitFromTex2DToTexArraySlice"
  Pass "" (vp)
    Target graphics API: d3d11
    Full variant space:         1
    After settings filtering:   1
    After built-in stripping:   1
    After scriptable stripping: 1
    Processed in 0.00 seconds
  Pass "" (fp)
    Target graphics API: d3d11
    Full variant space:         1
    After settings filtering:   1
    After built-in stripping:   1
    After scriptable stripping: 1
    Processed in 0.00 seconds
  Pass "" (vp)
    Target graphics API: d3d11
    Full variant space:         1
    After settings filtering:   1
    After built-in stripping:   1
    After scriptable stripping: 1
    Processed in 0.00 seconds
  Pass "" (fp)
    Target graphics API: d3d11
    Full variant space:         1
    After settings filtering:   1
    After built-in stripping:   1
    After scriptable stripping: 1
    Processed in 0.00 seconds
  Pass "" (gp)
    Target graphics API: d3d11
    Full variant space:         1
    After settings filtering:   1
    After built-in stripping:   1
    After scriptable stripping: 1
    Processed in 0.00 seconds
  Pass  (vp, d3d11) finished in 0.00 seconds. Local cache hits 1 (0.00s CPU time), remote cache hits 0 (0.00s CPU time), compiled 0 variants (0.00s CPU time), skipped 0 variants.
    Prepared data for serialisation in 0.00s
  Pass  (fp, d3d11) finished in 0.00 seconds. Local cache hits 1 (0.00s CPU time), remote cache hits 0 (0.00s CPU time), compiled 0 variants (0.00s CPU time), skipped 0 variants.
    Prepared data for serialisation in 0.00s
  Pass  (vp, d3d11) finished in 0.00 seconds. Local cache hits 1 (0.00s CPU time), remote cache hits 0 (0.00s CPU time), compiled 0 variants (0.00s CPU time), skipped 0 variants.
    Prepared data for serialisation in 0.00s
  Pass  (fp, d3d11) finished in 0.00 seconds. Local cache hits 1 (0.00s CPU time), remote cache hits 0 (0.00s CPU time), compiled 0 variants (0.00s CPU time), skipped 0 variants.
    Prepared data for serialisation in 0.00s
  Pass  (gp, d3d11) finished in 0.00 seconds. Local cache hits 1 (0.00s CPU time), remote cache hits 0 (0.00s CPU time), compiled 0 variants (0.00s CPU time), skipped 0 variants.
    Prepared data for serialisation in 0.00s
Serialized binary data for shader Hidden/VR/BlitFromTex2DToTexArraySlice in 0.00s
    d3d11 (total internal programs: 5, unique: 5)
Compiling shader "Hidden/VideoComposite"
  Pass "Default" (vp)
    Target graphics API: d3d11
    Full variant space:         1
    After settings filtering:   1
    After built-in stripping:   1
    After scriptable stripping: 1
    Processed in 0.00 seconds
  Pass "Default" (fp)
    Target graphics API: d3d11
    Full variant space:         1
    After settings filtering:   1
    After built-in stripping:   1
    After scriptable stripping: 1
    Processed in 0.00 seconds
  Pass Default (vp, d3d11) finished in 0.00 seconds. Local cache hits 1 (0.00s CPU time), remote cache hits 0 (0.00s CPU time), compiled 0 variants (0.00s CPU time), skipped 0 variants.
    Prepared data for serialisation in 0.00s
  Pass Default (fp, d3d11) finished in 0.00 seconds. Local cache hits 1 (0.00s CPU time), remote cache hits 0 (0.00s CPU time), compiled 0 variants (0.00s CPU time), skipped 0 variants.
    Prepared data for serialisation in 0.00s
Serialized binary data for shader Hidden/VideoComposite in 0.00s
    d3d11 (total internal programs: 2, unique: 2)
Compiling shader "Hidden/VideoDecode"
  Pass "YCbCr_To_RGB1" (vp)
    Target graphics API: d3d11
    Full variant space:         2
    After settings filtering:   2
    After built-in stripping:   2
    After scriptable stripping: 2
    Processed in 0.00 seconds
  Pass "YCbCr_To_RGB1" (fp)
    Target graphics API: d3d11
    Full variant space:         2
    After settings filtering:   2
    After built-in stripping:   2
    After scriptable stripping: 2
    Processed in 0.00 seconds
  Pass "YCbCrA_To_RGBAFull" (vp)
    Target graphics API: d3d11
    Full variant space:         2
    After settings filtering:   2
    After built-in stripping:   2
    After scriptable stripping: 2
    Processed in 0.00 seconds
  Pass "YCbCrA_To_RGBAFull" (fp)
    Target graphics API: d3d11
    Full variant space:         2
    After settings filtering:   2
    After built-in stripping:   2
    After scriptable stripping: 2
    Processed in 0.00 seconds
  Pass "YCbCrA_To_RGBA" (vp)
    Target graphics API: d3d11
    Full variant space:         2
    After settings filtering:   2
    After built-in stripping:   2
    After scriptable stripping: 2
    Processed in 0.00 seconds
  Pass "YCbCrA_To_RGBA" (fp)
    Target graphics API: d3d11
    Full variant space:         2
    After settings filtering:   2
    After built-in stripping:   2
    After scriptable stripping: 2
    Processed in 0.00 seconds
  Pass "Flip_RGBA_To_RGBA" (vp)
    Target graphics API: d3d11
    Full variant space:         2
    After settings filtering:   2
    After built-in stripping:   2
    After scriptable stripping: 2
    Processed in 0.00 seconds
  Pass "Flip_RGBA_To_RGBA" (fp)
    Target graphics API: d3d11
    Full variant space:         2
    After settings filtering:   2
    After built-in stripping:   2
    After scriptable stripping: 2
    Processed in 0.00 seconds
  Pass "Flip_RGBASplit_To_RGBA" (vp)
    Target graphics API: d3d11
    Full variant space:         2
    After settings filtering:   2
    After built-in stripping:   2
    After scriptable stripping: 2
    Processed in 0.00 seconds
  Pass "Flip_RGBASplit_To_RGBA" (fp)
    Target graphics API: d3d11
    Full variant space:         2
    After settings filtering:   2
    After built-in stripping:   2
    After scriptable stripping: 2
    Processed in 0.00 seconds
  Pass "Flip_NV12_To_RGB1" (vp)
    Target graphics API: d3d11
    Full variant space:         2
    After settings filtering:   2
    After built-in stripping:   2
    After scriptable stripping: 2
    Processed in 0.00 seconds
  Pass "Flip_NV12_To_RGB1" (fp)
    Target graphics API: d3d11
    Full variant space:         2
    After settings filtering:   2
    After built-in stripping:   2
    After scriptable stripping: 2
    Processed in 0.00 seconds
  Pass "Flip_NV12_To_RGBA" (vp)
    Target graphics API: d3d11
    Full variant space:         2
    After settings filtering:   2
    After built-in stripping:   2
    After scriptable stripping: 2
    Processed in 0.00 seconds
  Pass "Flip_NV12_To_RGBA" (fp)
    Target graphics API: d3d11
    Full variant space:         2
    After settings filtering:   2
    After built-in stripping:   2
    After scriptable stripping: 2
    Processed in 0.00 seconds
  Pass "Flip_P010_To_RGB1" (vp)
    Target graphics API: d3d11
    Full variant space:         1
    After settings filtering:   1
    After built-in stripping:   1
    After scriptable stripping: 1
    Processed in 0.00 seconds
  Pass "Flip_P010_To_RGB1" (fp)
    Target graphics API: d3d11
    Full variant space:         1
    After settings filtering:   1
    After built-in stripping:   1
    After scriptable stripping: 1
    Processed in 0.00 seconds
  Pass YCbCr_To_RGB1 (vp, d3d11) finished in 0.00 seconds. Local cache hits 2 (0.00s CPU time), remote cache hits 0 (0.00s CPU time), compiled 0 variants (0.00s CPU time), skipped 0 variants.
    Prepared data for serialisation in 0.00s
  Pass YCbCr_To_RGB1 (fp, d3d11) finished in 0.00 seconds. Local cache hits 2 (0.00s CPU time), remote cache hits 0 (0.00s CPU time), compiled 0 variants (0.00s CPU time), skipped 0 variants.
    Prepared data for serialisation in 0.00s
  Pass YCbCrA_To_RGBAFull (vp, d3d11) finished in 0.00 seconds. Local cache hits 2 (0.00s CPU time), remote cache hits 0 (0.00s CPU time), compiled 0 variants (0.00s CPU time), skipped 0 variants.
    Prepared data for serialisation in 0.00s
  Pass YCbCrA_To_RGBAFull (fp, d3d11) finished in 0.00 seconds. Local cache hits 2 (0.00s CPU time), remote cache hits 0 (0.00s CPU time), compiled 0 variants (0.00s CPU time), skipped 0 variants.
    Prepared data for serialisation in 0.00s
  Pass YCbCrA_To_RGBA (vp, d3d11) finished in 0.00 seconds. Local cache hits 2 (0.00s CPU time), remote cache hits 0 (0.00s CPU time), compiled 0 variants (0.00s CPU time), skipped 0 variants.
    Prepared data for serialisation in 0.00s
  Pass YCbCrA_To_RGBA (fp, d3d11) finished in 0.00 seconds. Local cache hits 2 (0.00s CPU time), remote cache hits 0 (0.00s CPU time), compiled 0 variants (0.00s CPU time), skipped 0 variants.
    Prepared data for serialisation in 0.00s
  Pass Flip_RGBA_To_RGBA (vp, d3d11) finished in 0.00 seconds. Local cache hits 2 (0.00s CPU time), remote cache hits 0 (0.00s CPU time), compiled 0 variants (0.00s CPU time), skipped 0 variants.
    Prepared data for serialisation in 0.00s
  Pass Flip_RGBA_To_RGBA (fp, d3d11) finished in 0.00 seconds. Local cache hits 2 (0.00s CPU time), remote cache hits 0 (0.00s CPU time), compiled 0 variants (0.00s CPU time), skipped 0 variants.
    Prepared data for serialisation in 0.00s
  Pass Flip_RGBASplit_To_RGBA (vp, d3d11) finished in 0.00 seconds. Local cache hits 2 (0.00s CPU time), remote cache hits 0 (0.00s CPU time), compiled 0 variants (0.00s CPU time), skipped 0 variants.
    Prepared data for serialisation in 0.00s
  Pass Flip_RGBASplit_To_RGBA (fp, d3d11) finished in 0.00 seconds. Local cache hits 2 (0.00s CPU time), remote cache hits 0 (0.00s CPU time), compiled 0 variants (0.00s CPU time), skipped 0 variants.
    Prepared data for serialisation in 0.00s
  Pass Flip_NV12_To_RGB1 (vp, d3d11) finished in 0.00 seconds. Local cache hits 2 (0.00s CPU time), remote cache hits 0 (0.00s CPU time), compiled 0 variants (0.00s CPU time), skipped 0 variants.
    Prepared data for serialisation in 0.00s
  Pass Flip_NV12_To_RGB1 (fp, d3d11) finished in 0.00 seconds. Local cache hits 2 (0.00s CPU time), remote cache hits 0 (0.00s CPU time), compiled 0 variants (0.00s CPU time), skipped 0 variants.
    Prepared data for serialisation in 0.00s
  Pass Flip_NV12_To_RGBA (vp, d3d11) finished in 0.00 seconds. Local cache hits 2 (0.00s CPU time), remote cache hits 0 (0.00s CPU time), compiled 0 variants (0.00s CPU time), skipped 0 variants.
    Prepared data for serialisation in 0.00s
  Pass Flip_NV12_To_RGBA (fp, d3d11) finished in 0.00 seconds. Local cache hits 2 (0.00s CPU time), remote cache hits 0 (0.00s CPU time), compiled 0 variants (0.00s CPU time), skipped 0 variants.
    Prepared data for serialisation in 0.00s
  Pass Flip_P010_To_RGB1 (vp, d3d11) finished in 0.00 seconds. Local cache hits 1 (0.00s CPU time), remote cache hits 0 (0.00s CPU time), compiled 0 variants (0.00s CPU time), skipped 0 variants.
    Prepared data for serialisation in 0.00s
  Pass Flip_P010_To_RGB1 (fp, d3d11) finished in 0.00 seconds. Local cache hits 1 (0.00s CPU time), remote cache hits 0 (0.00s CPU time), compiled 0 variants (0.00s CPU time), skipped 0 variants.
    Prepared data for serialisation in 0.00s
Serialized binary data for shader Hidden/VideoDecode in 0.00s
    d3d11 (total internal programs: 30, unique: 19)
Compiling shader "Hidden/TextCore/Distance Field SSD"
  Pass "" (vp)
    Target graphics API: d3d11
    Full variant space:         1
    After settings filtering:   1
    After built-in stripping:   1
    After scriptable stripping: 1
    Processed in 0.00 seconds
  Pass "" (fp)
    Target graphics API: d3d11
    Full variant space:         1
    After settings filtering:   1
    After built-in stripping:   1
    After scriptable stripping: 1
    Processed in 0.00 seconds
  Pass  (vp, d3d11) finished in 0.00 seconds. Local cache hits 1 (0.00s CPU time), remote cache hits 0 (0.00s CPU time), compiled 0 variants (0.00s CPU time), skipped 0 variants.
    Prepared data for serialisation in 0.00s
  Pass  (fp, d3d11) finished in 0.00 seconds. Local cache hits 1 (0.00s CPU time), remote cache hits 0 (0.00s CPU time), compiled 0 variants (0.00s CPU time), skipped 0 variants.
    Prepared data for serialisation in 0.00s
Serialized binary data for shader Hidden/TextCore/Distance Field SSD in 0.00s
    d3d11 (total internal programs: 2, unique: 2)
Compiling shader "Hidden/Physics2D/SDF_CircleGeometry"
  Pass "" (vp)
    Target graphics API: d3d11
    Full variant space:         2
    After settings filtering:   2
    After built-in stripping:   1
    After scriptable stripping: 1
    Processed in 0.00 seconds
  Pass "" (fp)
    Target graphics API: d3d11
    Full variant space:         2
    After settings filtering:   2
    After built-in stripping:   1
    After scriptable stripping: 1
    Processed in 0.00 seconds
  Pass  (vp, d3d11) finished in 0.00 seconds. Local cache hits 1 (0.00s CPU time), remote cache hits 0 (0.00s CPU time), compiled 0 variants (0.00s CPU time), skipped 0 variants.
    Prepared data for serialisation in 0.00s
  Pass  (fp, d3d11) finished in 0.00 seconds. Local cache hits 1 (0.00s CPU time), remote cache hits 0 (0.00s CPU time), compiled 0 variants (0.00s CPU time), skipped 0 variants.
    Prepared data for serialisation in 0.00s
Serialized binary data for shader Hidden/Physics2D/SDF_CircleGeometry in 0.00s
    d3d11 (total internal programs: 2, unique: 2)
Compiling shader "Hidden/Physics2D/SDF_CapsuleGeometry"
  Pass "" (vp)
    Target graphics API: d3d11
    Full variant space:         2
    After settings filtering:   2
    After built-in stripping:   1
    After scriptable stripping: 1
    Processed in 0.00 seconds
  Pass "" (fp)
    Target graphics API: d3d11
    Full variant space:         2
    After settings filtering:   2
    After built-in stripping:   1
    After scriptable stripping: 1
    Processed in 0.00 seconds
  Pass  (vp, d3d11) finished in 0.00 seconds. Local cache hits 1 (0.00s CPU time), remote cache hits 0 (0.00s CPU time), compiled 0 variants (0.00s CPU time), skipped 0 variants.
    Prepared data for serialisation in 0.00s
  Pass  (fp, d3d11) finished in 0.00 seconds. Local cache hits 1 (0.00s CPU time), remote cache hits 0 (0.00s CPU time), compiled 0 variants (0.00s CPU time), skipped 0 variants.
    Prepared data for serialisation in 0.00s
Serialized binary data for shader Hidden/Physics2D/SDF_CapsuleGeometry in 0.00s
    d3d11 (total internal programs: 2, unique: 2)
Compiling shader "Hidden/Physics2D/SDF_PolygonGeometry"
  Pass "" (vp)
    Target graphics API: d3d11
    Full variant space:         2
    After settings filtering:   2
    After built-in stripping:   1
    After scriptable stripping: 1
    Processed in 0.00 seconds
  Pass "" (fp)
    Target graphics API: d3d11
    Full variant space:         2
    After settings filtering:   2
    After built-in stripping:   1
    After scriptable stripping: 1
    Processed in 0.00 seconds
  Pass  (vp, d3d11) finished in 0.00 seconds. Local cache hits 1 (0.00s CPU time), remote cache hits 0 (0.00s CPU time), compiled 0 variants (0.00s CPU time), skipped 0 variants.
    Prepared data for serialisation in 0.00s
  Pass  (fp, d3d11) finished in 0.00 seconds. Local cache hits 1 (0.00s CPU time), remote cache hits 0 (0.00s CPU time), compiled 0 variants (0.00s CPU time), skipped 0 variants.
    Prepared data for serialisation in 0.00s
Serialized binary data for shader Hidden/Physics2D/SDF_PolygonGeometry in 0.00s
    d3d11 (total internal programs: 2, unique: 2)
Compiling shader "Hidden/Physics2D/SDF_Line"
  Pass "" (vp)
    Target graphics API: d3d11
    Full variant space:         2
    After settings filtering:   2
    After built-in stripping:   1
    After scriptable stripping: 1
    Processed in 0.00 seconds
  Pass "" (fp)
    Target graphics API: d3d11
    Full variant space:         2
    After settings filtering:   2
    After built-in stripping:   1
    After scriptable stripping: 1
    Processed in 0.00 seconds
  Pass  (vp, d3d11) finished in 0.00 seconds. Local cache hits 1 (0.00s CPU time), remote cache hits 0 (0.00s CPU time), compiled 0 variants (0.00s CPU time), skipped 0 variants.
    Prepared data for serialisation in 0.00s
  Pass  (fp, d3d11) finished in 0.00 seconds. Local cache hits 1 (0.00s CPU time), remote cache hits 0 (0.00s CPU time), compiled 0 variants (0.00s CPU time), skipped 0 variants.
    Prepared data for serialisation in 0.00s
Serialized binary data for shader Hidden/Physics2D/SDF_Line in 0.00s
    d3d11 (total internal programs: 2, unique: 2)
Compiling shader "Hidden/Physics2D/SDF_Point"
  Pass "" (vp)
    Target graphics API: d3d11
    Full variant space:         2
    After settings filtering:   2
    After built-in stripping:   1
    After scriptable stripping: 1
    Processed in 0.00 seconds
  Pass "" (fp)
    Target graphics API: d3d11
    Full variant space:         2
    After settings filtering:   2
    After built-in stripping:   1
    After scriptable stripping: 1
    Processed in 0.00 seconds
  Pass  (vp, d3d11) finished in 0.00 seconds. Local cache hits 1 (0.00s CPU time), remote cache hits 0 (0.00s CPU time), compiled 0 variants (0.00s CPU time), skipped 0 variants.
    Prepared data for serialisation in 0.00s
  Pass  (fp, d3d11) finished in 0.00 seconds. Local cache hits 1 (0.00s CPU time), remote cache hits 0 (0.00s CPU time), compiled 0 variants (0.00s CPU time), skipped 0 variants.
    Prepared data for serialisation in 0.00s
Serialized binary data for shader Hidden/Physics2D/SDF_Point in 0.00s
    d3d11 (total internal programs: 2, unique: 2)
Compiling shader "PaperTrails/Turf"
  Pass "" (vp)
    Target graphics API: d3d11
    Full variant space:         1
    After settings filtering:   1
    After built-in stripping:   1
    After scriptable stripping: 1
    Processed in 0.00 seconds
  Pass "" (fp)
    Target graphics API: d3d11
    Full variant space:         1
    After settings filtering:   1
    After built-in stripping:   1
    After scriptable stripping: 1
    Processed in 0.00 seconds
  Pass  (vp, d3d11) finished in 0.00 seconds. Local cache hits 1 (0.00s CPU time), remote cache hits 0 (0.00s CPU time), compiled 0 variants (0.00s CPU time), skipped 0 variants.
    Prepared data for serialisation in 0.00s
  Pass  (fp, d3d11) finished in 0.00 seconds. Local cache hits 1 (0.00s CPU time), remote cache hits 0 (0.00s CPU time), compiled 0 variants (0.00s CPU time), skipped 0 variants.
    Prepared data for serialisation in 0.00s
Serialized binary data for shader PaperTrails/Turf in 0.00s
    d3d11 (total internal programs: 2, unique: 2)
SpriteAtlasDatabase::Cleanup
Starting: C:\Program Files\Unity\Hub\Editor\6000.5.6f1\Editor\Data\Tools\BuildPipeline\bee_backend.exe --ipc --dagfile="Library/Bee/Player055ee8cb.dag" --profile="Library/Bee/backend1.traceevents" Player
WorkingDir: C:/Users/NMAdmin/Downloads/Codex/paper_io_multi_clone
Starting: C:\Program Files\Unity\Hub\Editor\6000.5.6f1\Editor\Data\netcorerun\netcorerun.exe "C:\Program Files\Unity\Hub\Editor\6000.5.6f1\Editor\Data\PlaybackEngines\WindowsStandaloneSupport\WinPlayerBuildProgram.exe" "C:/Program Files/Unity/Hub/Editor/6000.5.6f1/Editor/Data/PlaybackEngines/WindowsStandaloneSupport/Bee;C:/Program Files/Unity/Hub/Editor/6000.5.6f1/Editor/Data/Tools/BuildPipeline" "Library/Bee/Player055ee8cb.dag.json" "Library/Bee/Player055ee8cb-inputdata.json" "Library\Bee\buildprogram0.traceevents"
WorkingDir: C:/Users/NMAdmin/Downloads/Codex/paper_io_multi_clone
ExitCode: 4 Duration: 0s64ms
DisplayProgressbar: Incremental Player Build
ExitCode: 0 Duration: 0s456ms
Starting: C:\Program Files\Unity\Hub\Editor\6000.5.6f1\Editor\Data\Tools\BuildPipeline\bee_backend.exe --ipc --dagfile="Library/Bee/Player055ee8cb.dag" --dagfilejson="Library\Bee\Player055ee8cb.dag.json" --profile="Library/Bee/backend2.traceevents" Player
WorkingDir: C:/Users/NMAdmin/Downloads/Codex/paper_io_multi_clone
Starting: C:\Program Files\Unity\Hub\Editor\6000.5.6f1\Editor\Data\netcorerun\netcorerun.exe "C:\Program Files\Unity\Hub\Editor\6000.5.6f1\Editor\Data\PlaybackEngines\WindowsStandaloneSupport\WinPlayerBuildProgram.exe" "C:/Program Files/Unity/Hub/Editor/6000.5.6f1/Editor/Data/PlaybackEngines/WindowsStandaloneSupport/Bee;C:/Program Files/Unity/Hub/Editor/6000.5.6f1/Editor/Data/Tools/BuildPipeline" "Library/Bee/Player055ee8cb.dag.json" "Library/Bee/Player055ee8cb-inputdata.json" "Library\Bee\buildprogram1.traceevents"
WorkingDir: C:/Users/NMAdmin/Downloads/Codex/paper_io_multi_clone
ExitCode: 4 Duration: 1s311ms
ExitCode: 0 Duration: 0s447ms
Starting: C:\Program Files\Unity\Hub\Editor\6000.5.6f1\Editor\Data\Tools\BuildPipeline\bee_backend.exe --ipc --dagfile="Library/Bee/Player055ee8cb.dag" --dagfilejson="Library\Bee\Player055ee8cb.dag.json" --profile="Library/Bee/backend3.traceevents" Player
WorkingDir: C:/Users/NMAdmin/Downloads/Codex/paper_io_multi_clone
C:/Users/NMAdmin/Downloads/Codex/paper_io_multi_clone/Library/PackageCache/com.unity.burst@6bb9aca3ef38/.Runtime\bcl.exe exited after 15248 ms.
stdout:
Starting 1 library requests
Done
stderr:

Starting: C:\Program Files\Unity\Hub\Editor\6000.5.6f1\Editor\Data\netcorerun\netcorerun.exe "C:\Program Files\Unity\Hub\Editor\6000.5.6f1\Editor\Data\PlaybackEngines\WindowsStandaloneSupport\WinPlayerBuildProgram.exe" "C:/Program Files/Unity/Hub/Editor/6000.5.6f1/Editor/Data/PlaybackEngines/WindowsStandaloneSupport/Bee;C:/Program Files/Unity/Hub/Editor/6000.5.6f1/Editor/Data/Tools/BuildPipeline" "Library/Bee/Player055ee8cb.dag.json" "Library/Bee/Player055ee8cb-inputdata.json" "Library\Bee\buildprogram2.traceevents"
WorkingDir: C:/Users/NMAdmin/Downloads/Codex/paper_io_multi_clone
ExitCode: 4 Duration: 17s
ExitCode: 0 Duration: 0s441ms
Starting: C:\Program Files\Unity\Hub\Editor\6000.5.6f1\Editor\Data\Tools\BuildPipeline\bee_backend.exe --ipc --dagfile="Library/Bee/Player055ee8cb.dag" --dagfilejson="Library\Bee\Player055ee8cb.dag.json" --profile="Library/Bee/backend4.traceevents" Player
WorkingDir: C:/Users/NMAdmin/Downloads/Codex/paper_io_multi_clone
ExitCode: 0 Duration: 0s191ms
Refreshing native plugins compatible for Editor in 2.55 ms, found 0 plugins.
Refreshing native plugins compatible for Editor in 2.95 ms, found 0 plugins.
Asset Pipeline Refresh (id=955d5b0b12d339b48811a2901586f886): Total: 0.052 seconds - Initiated by RefreshV2(NoUpdateAssetOptions)
[Licensing::Client] Successfully resolved entitlement details
Refreshing native plugins compatible for Editor in 2.77 ms, found 0 plugins.

-------------------------------------------------------------------------------
Build Report
Uncompressed usage by category (Percentages based on user generated assets only):
Textures               3.2 mb	 93.8% 
Meshes                 0.0 kb	 0.0% 
Animations             0.0 kb	 0.0% 
Sounds                 0.0 kb	 0.0% 
Shaders                10.2 kb	 0.3% 
Other Assets           3.3 kb	 0.1% 
Levels                 0.7 kb	 0.0% 
File headers           40.4 kb	 1.2% 
Total User Assets      3.4 mb	 100.0% 
Complete build size    94.6 mb
Used Assets and files from the Resources folder, sorted by uncompressed size:
 2.7 mb	 2.8% Built-in Texture2D: Splash Screen Unity Logo
 519.6 kb	 0.5% Resources/unity_builtin_extra
 3.4 kb	 0.0% Assets/PaperTrails/Runtime/Turf.shader
 1.8 kb	 0.0% Assets/Resources/PerformanceTestRunInfo.json
 0.4 kb	 0.0% Built-in Sprite: 
 0.2 kb	 0.0% Packages/com.unity.services.authentication/Player Accounts/Runtime/PlayerAccountsPackageInitializer.cs
 0.2 kb	 0.0% Packages/com.unity.services.authentication/Player Accounts/Runtime/Exceptions/PlayerAccountsExceptionHandler.cs
 0.2 kb	 0.0% Packages/com.unity.services.multiplayer/Runtime/DistributedAuthority/SDK/IDistributedAuthoritySDKConfiguration.cs
 0.2 kb	 0.0% Packages/com.unity.services.multiplayer/Runtime/DistributedAuthority/SDK/Exceptions/DistributedAuthorityServiceException.cs
 0.2 kb	 0.0% Packages/com.unity.services.multiplayer/Runtime/DistributedAuthority/Apis/DistributedAuthorityApi.cs
 0.2 kb	 0.0% Packages/com.unity.services.core/Runtime/Configuration/StreamingAssetsConfigurationLoader.cs
 0.2 kb	 0.0% Packages/com.unity.services.authentication/Runtime/AuthenticationServiceInternal.UsernamePassword.cs
 0.2 kb	 0.0% Packages/com.unity.services.authentication/Runtime/AuthenticationServiceInternal.RestrictedToken.cs
 0.2 kb	 0.0% Packages/com.unity.services.authentication/Player Accounts/Runtime/UnityPlayerAccountSettings.cs
 0.2 kb	 0.0% Packages/com.unity.services.authentication/Player Accounts/Runtime/PlayerAccountServiceInternal.cs
 0.2 kb	 0.0% Packages/com.unity.services.authentication/Player Accounts/Runtime/Models/PlayerAccountsErrorResponse.cs
 0.2 kb	 0.0% Packages/com.unity.netcode.gameobjects/Runtime/Messaging/GenerateSerializationForGenericParameterAttribute.cs
 0.2 kb	 0.0% Packages/com.unity.services.authentication/Runtime/AuthenticationServiceInternal.PlayerNames.cs
 0.2 kb	 0.0% Packages/com.unity.services.authentication/Runtime/AuthenticationServiceInternal.Notification.cs
 0.2 kb	 0.0% Packages/com.unity.services.multiplayer/Runtime/DistributedAuthority/SDK/WrappedDistributedAuthorityService.cs
 0.2 kb	 0.0% Packages/com.unity.services.multiplayer/Runtime/DistributedAuthority/Apis/DistributedAuthorityApiRequests.cs
 0.2 kb	 0.0% Packages/com.unity.services.core/Runtime/Configuration/SerializableProjectConfiguration.cs
 0.2 kb	 0.0% Packages/com.unity.services.core/Runtime/Configuration/ConfigurationCollectionHelper.cs
 0.2 kb	 0.0% Packages/com.unity.services.authentication/Runtime/Models/RestrictedTokenOptionsExtensions.cs
 0.2 kb	 0.0% Packages/com.unity.services.authentication/Runtime/AuthenticationServiceInternal.External.cs
 0.2 kb	 0.0% Packages/com.unity.services.authentication/Runtime/AuthenticationServiceInternal.CodeLink.cs
 0.2 kb	 0.0% Packages/com.unity.services.authentication/Player Accounts/Runtime/Utilities/Network/INetworkConfiguration.cs
 0.2 kb	 0.0% Packages/com.unity.services.authentication/Player Accounts/Runtime/Utilities/CodeChallengeGenerator.cs
 0.2 kb	 0.0% Packages/com.unity.services.authentication/Player Accounts/Runtime/Utilities/Browser/StandaloneBrowserUtils.cs
 0.2 kb	 0.0% Packages/com.unity.services.authentication/Player Accounts/Runtime/IPlayerAccountService.cs
 0.2 kb	 0.0% Packages/com.unity.services.authentication/Player Accounts/Runtime/Exceptions/PlayerAccountsException.cs
 0.2 kb	 0.0% Packages/com.unity.services.authentication/Player Accounts/Runtime/Exceptions/PlayerAccountsErrorCodes.cs
 0.2 kb	 0.0% Packages/com.unity.services.multiplayer/Runtime/Lobbies/SDK/LobbyMigrationData/LobbyDownloadMigrationDataOptions.cs
 0.2 kb	 0.0% Packages/com.unity.services.multiplayer/Runtime/DistributedAuthority/Http/ResponseDeserializationException.cs
 0.2 kb	 0.0% Packages/com.unity.services.core/Runtime/Core.Internal/Components/Telemetry/IDiagnosticsComponentProvider.cs
 0.2 kb	 0.0% Packages/com.unity.services.core/Runtime/Core.Internal/Components/Analytics/IAnalyticsStandardEventComponent.cs
 0.2 kb	 0.0% Packages/com.unity.services.authentication/Runtime/AuthenticationServiceInternal.BYOI.cs
 0.2 kb	 0.0% Packages/com.unity.services.wire/Runtime/Centrifuge/ConcurrentDictSubscriptionRepository.cs
 0.2 kb	 0.0% Packages/com.unity.services.multiplayer/Runtime/DistributedAuthority/SDK/LobbyServiceExceptionExtensions.cs
 0.2 kb	 0.0% Packages/com.unity.services.multiplayer/Runtime/DistributedAuthority/SDK/DistributedAuthorityTransport.cs
 0.2 kb	 0.0% Packages/com.unity.services.multiplayer/Runtime/DistributedAuthority/ErrorMitigation/StatusCodePolicyConfig.cs
 0.2 kb	 0.0% Packages/com.unity.services.core/Runtime/Telemetry/Diagnotstics/DisabledDiagnosticsFactory.cs
 0.2 kb	 0.0% Packages/com.unity.services.core/Runtime/Scheduler/ScheduledInvocationComparer.cs
 0.2 kb	 0.0% Packages/com.unity.services.core/Runtime/Environments/EnvironmentsOptionsExtensions.cs
 0.2 kb	 0.0% Packages/com.unity.services.core/Runtime/Core.Internal/Registry/DependencyTreeInitializeOrderSorter.cs
 0.2 kb	 0.0% Packages/com.unity.services.core/Runtime/Configuration/MemoryConfigurationLoader.cs
 0.2 kb	 0.0% Packages/com.unity.services.authentication/Runtime/Network/AuthenticationWebRequestUtils.cs
 0.2 kb	 0.0% Packages/com.unity.services.authentication/Runtime/Models/Requests/SignInWithExternalTokenRequest.cs
 0.2 kb	 0.0% Packages/com.unity.services.authentication/Runtime/Models/Requests/GameCenter/SignInWithAppleGameCenterRequest.cs
 0.2 kb	 0.0% Packages/com.unity.services.authentication/Runtime/Models/Requests/GameCenter/LinkWithAppleGameCenterRequest.cs
 0.2 kb	 0.0% Packages/com.unity.services.authentication/Runtime/Exceptions/IAuthenticationExceptionHandler.cs
 0.2 kb	 0.0% Packages/com.unity.services.authentication/Runtime/Exceptions/AuthenticationExceptionHandler.cs
 0.2 kb	 0.0% Packages/com.unity.services.authentication/Runtime/Core/AuthenticationPackageInitializer.cs
 0.2 kb	 0.0% Packages/com.unity.services.authentication/Runtime/Components/PlayerAuthenticationEvents.cs
 0.2 kb	 0.0% Packages/com.unity.services.authentication/Runtime/AuthenticationServiceInternal.cs
 0.2 kb	 0.0% Packages/com.unity.services.authentication/Player Accounts/Runtime/Utilities/Network/WebRequestException.cs
 0.2 kb	 0.0% Packages/com.unity.services.authentication/Player Accounts/Runtime/Utilities/Network/NetworkConfiguration.cs
 0.2 kb	 0.0% Packages/com.unity.services.authentication/Player Accounts/Runtime/PlayerAccountService.cs
 0.2 kb	 0.0% Packages/com.unity.collections/Unity.Collections/GenerateTestsForBurstCompatibilityAttribute.cs
 0.2 kb	 0.0% Packages/com.unity.services.multiplayer/Runtime/Multiplayer/Components/SessionConnectorBehaviour.cs
 0.2 kb	 0.0% Packages/com.unity.services.multiplayer/Runtime/Matchmaker/Http/ResponseDeserializationException.cs
 0.2 kb	 0.0% Packages/com.unity.services.multiplayer/Runtime/Lobbies/SDK/LobbyMigrationData/LobbyUploadMigrationDataResults.cs
 0.2 kb	 0.0% Packages/com.unity.services.multiplayer/Runtime/Lobbies/SDK/LobbyMigrationData/LobbyUploadMigrationDataOptions.cs
 0.2 kb	 0.0% Packages/com.unity.transport/Runtime/Pipelines/UnreliableSequencedPipelineStage.cs
 0.2 kb	 0.0% Packages/com.unity.transport/Runtime/Pipelines/ReliableSequencedPipelineStage.cs
 0.2 kb	 0.0% Packages/com.unity.services.multiplayer/Runtime/Relay/Http/ResponseDeserializationException.cs
 0.2 kb	 0.0% Packages/com.unity.services.multiplayer/Runtime/Relay/Apis/RelayAllocationsApi.cs
 0.2 kb	 0.0% Packages/com.unity.services.multiplayer/Runtime/Multiplayer/Modules/Network/Handlers/NetworkHandler/GameObjectsNetcodeNetworkHandler.cs
 0.2 kb	 0.0% Packages/com.unity.services.multiplayer/Runtime/Matchmaker/ErrorMitigation/StatusCodePolicyConfig.cs
 0.2 kb	 0.0% Packages/com.unity.services.multiplayer/Runtime/Lobbies/Http/ResponseDeserializationException.cs
 0.2 kb	 0.0% Packages/com.unity.services.multiplayer/Runtime/DistributedAuthority/SDK/DistributedAuthorityService.cs
 0.2 kb	 0.0% Packages/com.unity.services.multiplayer/Runtime/DistributedAuthority/ErrorMitigation/RetryPolicyConfig.cs
 0.2 kb	 0.0% Packages/com.unity.services.core/Runtime/Threading/UnityThreadUtilsInternal.cs
 0.2 kb	 0.0% Packages/com.unity.services.core/Runtime/Telemetry/Metrics/DisabledMetricsFactory.cs
 0.2 kb	 0.0% Packages/com.unity.services.core/Runtime/Core.Internal/Components/Configuration/IProjectConfiguration.cs
 0.2 kb	 0.0% Packages/com.unity.services.core/Runtime/Configuration/ConfigurationResetter.cs
 0.2 kb	 0.0% Packages/com.unity.services.core/Runtime/Components/ServicesInitializationEvents.cs
 0.2 kb	 0.0% Packages/com.unity.services.core/Runtime/Analytics/AnalyticsOptionsExtensions.cs
 0.2 kb	 0.0% Packages/com.unity.services.authentication/Runtime/Network/IAuthenticationNetworkClient.cs
 0.2 kb	 0.0% Packages/com.unity.services.authentication/Runtime/Network/AuthenticationNetworkClient.cs
 0.2 kb	 0.0% Packages/com.unity.services.authentication/Runtime/Models/Responses/AuthenticationErrorResponse.cs
 0.2 kb	 0.0% Packages/com.unity.services.authentication/Runtime/Models/Requests/LinkWithExternalTokenRequest.cs
 0.2 kb	 0.0% Packages/com.unity.services.authentication/Runtime/Models/Requests/Code Linking/GenerateSignInCodeRequest.cs
 0.2 kb	 0.0% Packages/com.unity.services.authentication/Player Accounts/Runtime/Utilities/Network/NetworkHandler.cs
 0.2 kb	 0.0% Packages/com.unity.services.authentication/Player Accounts/Runtime/Utilities/Network/INetworkHandler.cs
 0.2 kb	 0.0% Packages/com.unity.services.authentication/Player Accounts/Runtime/Utilities/Network/HttpUtilities.cs
 0.2 kb	 0.0% Packages/com.unity.services.authentication/Player Accounts/Runtime/Utilities/DateTimeWrapper.cs
 0.2 kb	 0.0% Packages/com.unity.services.authentication/Player Accounts/Runtime/Utilities/Browser/IBrowserUtils.cs
 0.2 kb	 0.0% Packages/com.unity.services.authentication/Player Accounts/Runtime/Models/SignInResponse.cs
 0.2 kb	 0.0% Packages/com.unity.services.authentication/Player Accounts/Runtime/ICoreRegistry.cs
 0.2 kb	 0.0% Packages/com.unity.netcode.gameobjects/Runtime/Messaging/GenerateSerializationForTypeAttribute.cs
 0.1 kb	 0.0% Packages/com.unity.transport/Runtime/Relay/NetworkDriverRelayExtensions.cs
 0.1 kb	 0.0% Packages/com.unity.transport/Runtime/Relay/Messages/RelayMessageConnectRequest.cs
 0.1 kb	 0.0% Packages/com.unity.transport/Runtime/AtomicFreeList.cs
 0.1 kb	 0.0% Packages/com.unity.services.wire/Runtime/websocket-sharp/Net/WebSockets/TcpListenerWebSocketContext.cs
 0.1 kb	 0.0% Packages/com.unity.services.wire/Runtime/websocket-sharp/Net/WebSockets/HttpListenerWebSocketContext.cs
 0.1 kb	 0.0% Packages/com.unity.services.multiplayer/Runtime/Relay/Apis/RelayAllocationsApiRequests.cs
 0.1 kb	 0.0% Packages/com.unity.services.multiplayer/Runtime/MultiplayerInitializer.Matchmaker.cs
 0.1 kb	 0.0% Packages/com.unity.services.multiplayer/Runtime/Multiplayer/Components/SessionObserverEvents.cs
 0.1 kb	 0.0% Packages/com.unity.services.multiplayer/Runtime/Multiplayer/Components/SessionNetworkSettings.cs
 0.1 kb	 0.0% Packages/com.unity.services.multiplayer/Runtime/Multiplayer/Components/SessionConnectorEvents.cs
 0.1 kb	 0.0% Packages/com.unity.services.multiplayer/Runtime/Matchmaker/Models/TicketStatusResponseOneOf.cs
 0.1 kb	 0.0% Packages/com.unity.services.multiplayer/Runtime/Matchmaker/Models/MultiplayConnectionDetails.cs
 0.1 kb	 0.0% Packages/com.unity.services.multiplayer/Runtime/Matchmaker/Models/CreateBackfillTicketResponse.cs
 0.1 kb	 0.0% Packages/com.unity.services.multiplayer/Runtime/Matchmaker/Models/CreateBackfillTicketRequest.cs
 0.1 kb	 0.0% Packages/com.unity.services.multiplayer/Runtime/Lobbies/SDK/ILobbyServiceSDKConfiguration.cs
 0.1 kb	 0.0% Packages/com.unity.services.multiplayer/Runtime/Lobbies/ErrorMitigation/StatusCodePolicyConfig.cs
 0.1 kb	 0.0% Packages/com.unity.services.multiplayer/Runtime/DistributedAuthority/Scheduler/EngineStateHelper.cs
 0.1 kb	 0.0% Packages/com.unity.services.multiplayer/Runtime/DistributedAuthority/Http/UnityWebRequestHelpers.cs
 0.1 kb	 0.0% Packages/com.unity.services.multiplayer/Runtime/DistributedAuthority/Http/DeserializationSettings.cs
 0.1 kb	 0.0% Packages/com.unity.services.multiplayer/Runtime/DistributedAuthority/Http/DeserializationException.cs
 0.1 kb	 0.0% Packages/com.unity.services.core/Runtime/Core.Internal/Registry/DependencyTreeExceptions.cs
 0.1 kb	 0.0% Packages/com.unity.services.core/Runtime/Core.Internal/Components/Vivox/IVivoxTokenProviderInternal.cs
 0.1 kb	 0.0% Packages/com.unity.services.core/Runtime/Core.Internal/Components/Networking/HttpRequestExtensions.cs
 0.1 kb	 0.0% Packages/com.unity.services.core/Runtime/Core.Internal/Components/Authentication/IServerEnvironmentId.cs
 0.1 kb	 0.0% Packages/com.unity.services.core/Runtime/Core.Internal/Components/Authentication/IServerAccessToken.cs
 0.1 kb	 0.0% Packages/com.unity.services.authentication/Runtime/Generated/Shared/ApiRequestPathBuilder.cs
 0.1 kb	 0.0% Packages/com.unity.services.authentication/Runtime/Generated/Shared/AbstractOpenAPISchema.cs
 0.1 kb	 0.0% Packages/com.unity.netcode.gameobjects/Runtime/Transports/UTP/INetworkStreamDriverConstructor.cs
 0.1 kb	 0.0% Packages/com.unity.transport/Runtime/WebSocketNetworkInterface.cs
 0.1 kb	 0.0% Packages/com.unity.transport/Runtime/StreamSegmentationParameters.cs
 0.1 kb	 0.0% Packages/com.unity.transport/Runtime/Pipelines/FragmentationPipelineStage.cs
 0.1 kb	 0.0% Packages/com.unity.services.qos/Runtime/v2/Http/ResponseDeserializationException.cs
 0.1 kb	 0.0% Packages/com.unity.services.qos/Runtime/Models/QosServiceServersResponseBody.cs
 0.1 kb	 0.0% Packages/com.unity.services.multiplayer/Runtime/Relay/SDK/IRelayServiceSDKConfiguration.cs
 0.1 kb	 0.0% Packages/com.unity.services.multiplayer/Runtime/Relay/ErrorMitigation/StatusCodePolicyConfig.cs
 0.1 kb	 0.0% Packages/com.unity.services.multiplayer/Runtime/Multiplayer/WrappedMultiplayerService.cs
 0.1 kb	 0.0% Packages/com.unity.services.multiplayer/Runtime/Multiplayer/Modules/Matchmaker/EnableMatchmakerModuleOption.cs
 0.1 kb	 0.0% Packages/com.unity.services.multiplayer/Runtime/Matchmaker/SDK/IMatchmakerSdkConfiguration.cs
 0.1 kb	 0.0% Packages/com.unity.services.multiplayer/Runtime/Matchmaker/SDK/Exceptions/MatchmakerServiceException.cs
 0.1 kb	 0.0% Packages/com.unity.services.multiplayer/Runtime/Matchmaker/SDK/CreateBackfillTicketOptions.cs
 0.1 kb	 0.0% Packages/com.unity.services.multiplayer/Runtime/Matchmaker/InternalMatchmakerServiceSdk.cs
 0.1 kb	 0.0% Packages/com.unity.services.multiplayer/Runtime/Matchmaker/ErrorMitigation/RetryPolicyConfig.cs
 0.1 kb	 0.0% Packages/com.unity.services.multiplayer/Runtime/DistributedAuthority/SDK/InternalDaLobbyService.cs
 0.1 kb	 0.0% Packages/com.unity.services.multiplayer/Runtime/DistributedAuthority/Models/ErrorResponseBody.cs
 0.1 kb	 0.0% Packages/com.unity.services.multiplayer/Runtime/DistributedAuthority/ErrorMitigation/RetryPolicy.cs
 0.1 kb	 0.0% Packages/com.unity.services.multiplayer/Runtime/DistributedAuthority/ErrorMitigation/IRetryPolicy.cs
 0.1 kb	 0.0% Packages/com.unity.services.core/Runtime/Telemetry/Diagnotstics/DisabledDiagnostics.cs
 0.1 kb	 0.0% Packages/com.unity.services.core/Runtime/Telemetry/Diagnotstics/DiagnosticsFactory.cs
 0.1 kb	 0.0% Packages/com.unity.services.core/Runtime/Scheduler/ScheduledInvocation.cs
 0.1 kb	 0.0% Packages/com.unity.services.core/Runtime/Scheduler/MinimumBinaryHeap.cs
 0.1 kb	 0.0% Packages/com.unity.services.core/Runtime/Registration/CorePackageInitializer.cs
 0.1 kb	 0.0% Packages/com.unity.services.core/Runtime/Networking/UnityWebRequestClient.cs
 0.1 kb	 0.0% Packages/com.unity.services.core/Runtime/Environments/Internal/Environments.cs
 0.1 kb	 0.0% Packages/com.unity.services.core/Runtime/Core.Internal/Serialization/NewtonsoftSerializer.cs
 0.1 kb	 0.0% Packages/com.unity.services.core/Runtime/Core.Internal/Registry/PackageInitializationInfo.cs
 0.1 kb	 0.0% Packages/com.unity.services.core/Runtime/Core.Internal/Registry/CircularDependencyException.cs
 0.1 kb	 0.0% Packages/com.unity.services.core/Runtime/Core.Internal/Components/Device/IEngineInstallationId.cs
 0.1 kb	 0.0% Packages/com.unity.services.core/Runtime/Configuration/Utils/StreamingAssetsUtils.cs
 0.1 kb	 0.0% Packages/com.unity.services.core/Runtime/Configuration/ProjectConfiguration.cs
 0.1 kb	 0.0% Packages/com.unity.services.core/Runtime/Configuration/IConfigurationLoader.cs
 0.1 kb	 0.0% Packages/com.unity.services.core/Runtime/Configuration/ConfigurationUtils.cs
 0.1 kb	 0.0% Packages/com.unity.services.core/Runtime/Configuration/ConfigurationEntry.cs
 0.1 kb	 0.0% Packages/com.unity.services.core/Runtime/Components/ServicesInitialization.cs
 0.1 kb	 0.0% Packages/com.unity.services.authentication/Runtime/Utilities/CodeChallengeGenerator.cs
 0.1 kb	 0.0% Packages/com.unity.services.authentication/Runtime/Network/AuthenticationApiClient.cs
 0.1 kb	 0.0% Packages/com.unity.services.authentication/Runtime/Models/Settings/INetworkConfiguration.cs
 0.1 kb	 0.0% Packages/com.unity.services.authentication/Runtime/Models/Settings/IAuthenticationSettings.cs
 0.1 kb	 0.0% Packages/com.unity.services.authentication/Runtime/Models/Settings/AuthenticationSettings.cs
 0.1 kb	 0.0% Packages/com.unity.services.authentication/Runtime/Models/Security/AccessTokenExtraClaims.cs
 0.1 kb	 0.0% Packages/com.unity.services.authentication/Runtime/Models/RestrictedTokenResponse.cs
 0.1 kb	 0.0% Packages/com.unity.services.authentication/Runtime/Models/RestrictedTokenOptions.cs
 0.1 kb	 0.0% Packages/com.unity.services.authentication/Runtime/Models/Responses/GetNotificationsResponse.cs
 0.1 kb	 0.0% Packages/com.unity.services.authentication/Runtime/Models/Responses/CodeLinkConfirmResponse.cs
 0.1 kb	 0.0% Packages/com.unity.services.authentication/Runtime/Models/Requests/UsernamePasswordRequest.cs
 0.1 kb	 0.0% Packages/com.unity.services.authentication/Runtime/Models/Requests/UpdatePasswordRequest.cs
 0.1 kb	 0.0% Packages/com.unity.services.authentication/Runtime/Models/Requests/SignInWithSteamRequest.cs
 0.1 kb	 0.0% Packages/com.unity.services.authentication/Runtime/Models/Requests/SignInAnonymouslyRequest.cs
 0.1 kb	 0.0% Packages/com.unity.services.authentication/Runtime/Models/Requests/Oculus/SignInWithOculusRequest.cs
 0.1 kb	 0.0% Packages/com.unity.services.authentication/Runtime/Models/Requests/Oculus/LinkWithOculusRequest.cs
 0.1 kb	 0.0% Packages/com.unity.services.authentication/Runtime/Models/Requests/Code Linking/SignInWithCodeRequest.cs
 0.1 kb	 0.0% Packages/com.unity.services.authentication/Runtime/Models/Requests/Code Linking/ConfirmSignInCodeRequest.cs
 0.1 kb	 0.0% Packages/com.unity.services.authentication/Runtime/Models/Requests/AppleGameCenterConfig.cs
 0.1 kb	 0.0% Packages/com.unity.services.authentication/Runtime/Models/Components/SessionTokenComponent.cs
 0.1 kb	 0.0% Packages/com.unity.services.authentication/Runtime/Models/Components/EnvironmentIdComponent.cs
 0.1 kb	 0.0% Packages/com.unity.services.authentication/Runtime/Metrics/IAuthenticationMetrics.cs
 0.1 kb	 0.0% Packages/com.unity.services.authentication/Runtime/Metrics/AuthenticationMetrics.cs
 0.1 kb	 0.0% Packages/com.unity.services.authentication/Runtime/IAuthenticationService.cs
 0.1 kb	 0.0% Packages/com.unity.services.authentication/Runtime/Generated/PlayerNames/Model/UpdateNameRequest.cs
 0.1 kb	 0.0% Packages/com.unity.services.authentication/Runtime/Exceptions/AuthenticationException.cs
 0.1 kb	 0.0% Packages/com.unity.services.authentication/Runtime/Exceptions/AuthenticationErrorCodes.cs
 0.1 kb	 0.0% Packages/com.unity.services.authentication/Runtime/Core/AuthenticationExtensions.cs
 0.1 kb	 0.0% Packages/com.unity.services.authentication/Runtime/Components/PlayerAuthentication.cs
 0.1 kb	 0.0% Packages/com.unity.services.authentication/Runtime/AuthenticationService.cs
 0.1 kb	 0.0% Packages/com.unity.services.authentication/Player Accounts/Runtime/Utilities/UriHelper.cs
 0.1 kb	 0.0% Packages/com.unity.services.authentication/Player Accounts/Runtime/Utilities/Network/WebRequest.cs
 0.1 kb	 0.0% Packages/com.unity.services.authentication/Player Accounts/Runtime/Utilities/JwtDecoder.cs
 0.1 kb	 0.0% Packages/com.unity.services.authentication/Player Accounts/Runtime/Utilities/Browser/BrowserUtils.cs
 0.1 kb	 0.0% Packages/com.unity.services.authentication/Player Accounts/Runtime/Extensions/UnityServicesExtensions.cs
 0.1 kb	 0.0% Packages/com.unity.netcode.gameobjects/Runtime/Transports/SinglePlayer/SinglePlayerTransport.cs
 0.1 kb	 0.0% Packages/com.unity.netcode.gameobjects/Runtime/NetworkVariable/Serialization/TypedILPPInitializers.cs
 0.1 kb	 0.0% Packages/com.unity.netcode.gameobjects/Runtime/Messaging/Messages/AnticipationCounterSyncPingMessage.cs
 0.1 kb	 0.0% Packages/com.unity.netcode.gameobjects/Runtime/Components/Interpolator/BufferedLinearInterpolatorVector3.cs
 0.1 kb	 0.0% Packages/com.unity.netcode.gameobjects/Runtime/Components/Interpolator/BufferedLinearInterpolatorQuaternion.cs
 0.1 kb	 0.0% Packages/com.unity.collections/Unity.Collections/UnsafeParallelHashSetExtensions.gen.cs
 0.1 kb	 0.0% Packages/com.unity.collections/Unity.Collections/UnsafeParallelHashMap.cs
 0.1 kb	 0.0% Packages/com.unity.transport/Runtime/TLS/UnityTLSConfiguration.cs
 0.1 kb	 0.0% Packages/com.unity.transport/Runtime/TLS/SecureParameters.cs
 0.1 kb	 0.0% Packages/com.unity.transport/Runtime/Relay/RelayNetworkParameter.cs
 0.1 kb	 0.0% Packages/com.unity.transport/Runtime/Relay/Messages/RelayMessageDisconnect.cs
 0.1 kb	 0.0% Packages/com.unity.transport/Runtime/Analytics/ConnectionMedium.cs
 0.1 kb	 0.0% Packages/com.unity.services.wire/Runtime/Centrifuge/ProtocolSchema/UnsubscribeResult.cs
 0.1 kb	 0.0% Packages/com.unity.services.wire/Runtime/Centrifuge/ProtocolSchema/UnsubscribeRequest.cs
 0.1 kb	 0.0% Packages/com.unity.services.qos/Runtime/v2/ErrorMitigation/StatusCodePolicyConfig.cs
 0.1 kb	 0.0% Packages/com.unity.services.qos/Runtime/Http/ResponseDeserializationException.cs
 0.1 kb	 0.0% Packages/com.unity.services.multiplayer/Runtime/MultiplayerInitializer.Relay.cs
 0.1 kb	 0.0% Packages/com.unity.services.multiplayer/Runtime/MultiplayerInitializer.Lobby.cs
 0.1 kb	 0.0% Packages/com.unity.services.multiplayer/Runtime/MultiplayerInitializer.Da.cs
 0.1 kb	 0.0% Packages/com.unity.services.multiplayer/Runtime/Multiplayer/Components/SessionPlayerEvents.cs
 0.1 kb	 0.0% Packages/com.unity.services.multiplayer/Runtime/Multiplayer/Components/MultiplayerSession.cs
 0.1 kb	 0.0% Packages/com.unity.services.multiplayer/Runtime/Multiplayer/Components/JoinSessionOptions.cs
 0.1 kb	 0.0% Packages/com.unity.services.multiplayer/Runtime/Multiplayer/Components/DirectIpPortOptions.cs
 0.1 kb	 0.0% Packages/com.unity.services.multiplayer/Runtime/Multiplayer/Components/CreateSessionOptions.cs
 0.1 kb	 0.0% Packages/com.unity.services.multiplayer/Runtime/Matchmaker/SDK/PayloadProxyApiClient.cs
 0.1 kb	 0.0% Packages/com.unity.services.multiplayer/Runtime/Matchmaker/Models/StoredMatchmakingResults.cs
 0.1 kb	 0.0% Packages/com.unity.services.multiplayer/Runtime/Matchmaker/Models/StoredMatchProperties.cs
 0.1 kb	 0.0% Packages/com.unity.services.multiplayer/Runtime/Matchmaker/Models/RelayConnectionDetails.cs
 0.1 kb	 0.0% Packages/com.unity.services.multiplayer/Runtime/Matchmaker/Models/IpPortConnectionDetails.cs
 0.1 kb	 0.0% Packages/com.unity.services.multiplayer/Runtime/Matchmaker/Models/CustomConnectionDetails.cs
 0.1 kb	 0.0% Packages/com.unity.services.multiplayer/Runtime/Matchmaker/Models/ConnectionDetailsOneOf.cs
 0.1 kb	 0.0% Packages/com.unity.services.multiplayer/Runtime/Matchmaker/Models/BackfillTicketProperties.cs
 0.1 kb	 0.0% Packages/com.unity.services.multiplayer/Runtime/Matchmaker/Http/UnityWebRequestHelpers.cs
 0.1 kb	 0.0% Packages/com.unity.services.multiplayer/Runtime/Matchmaker/Http/DeserializationSettings.cs
 0.1 kb	 0.0% Packages/com.unity.services.multiplayer/Runtime/Matchmaker/Http/DeserializationException.cs
 0.1 kb	 0.0% Packages/com.unity.services.multiplayer/Runtime/Lobbies/SDK/LobbyUpdates/Internal/LobbyWireTokenProvider.cs
 0.1 kb	 0.0% Packages/com.unity.services.multiplayer/Runtime/Lobbies/SDK/ILobbyServiceInternal.cs
 0.1 kb	 0.0% Packages/com.unity.services.multiplayer/Runtime/Lobbies/ErrorMitigation/RetryPolicyConfig.cs
 0.1 kb	 0.0% Packages/com.unity.services.multiplayer/Runtime/DistributedAuthority/Models/DistributedAuthorityIOneOf.cs
 0.1 kb	 0.0% Packages/com.unity.services.multiplayer/Runtime/DistributedAuthority/Http/JsonObjectConverter.cs
 0.1 kb	 0.0% Packages/com.unity.services.multiplayer/Runtime/DistributedAuthority/Http/IsolatedJsonConvert.cs
 0.1 kb	 0.0% Packages/com.unity.services.multiplayer/Runtime/DistributedAuthority/Http/HttpClientResponse.cs
 0.1 kb	 0.0% Packages/com.unity.services.core/Runtime/Core/DynamicDependency/PreserveDependencyAttribute.cs
 0.1 kb	 0.0% Packages/com.unity.services.core/Runtime/Core.Internal/Components/Threading/IUnityThreadUtils.cs
 0.1 kb	 0.0% Packages/com.unity.services.core/Runtime/Core.Internal/Components/Telemetry/IDiagnosticsFactory.cs
 0.1 kb	 0.0% Packages/com.unity.services.core/Runtime/Core.Internal/Components/Networking/ReadOnlyHttpResponse.cs
 0.1 kb	 0.0% Packages/com.unity.services.core/Runtime/Core.Internal/Components/Networking/ReadOnlyHttpRequest.cs
 0.1 kb	 0.0% Packages/com.unity.services.core/Runtime/Core.Internal/Components/Authentication/ITargetingContext.cs
 0.1 kb	 0.0% Packages/com.unity.services.core/Runtime/Core.Internal/Components/Authentication/ITargetingActivation.cs
 0.1 kb	 0.0% Packages/com.unity.services.core/Runtime/Core.Internal/Components/Authentication/IPlayerNameComponent.cs
 0.1 kb	 0.0% Packages/com.unity.services.core/Runtime/Core.Internal/Components/Authentication/IAccessTokenObserver.cs
 0.1 kb	 0.0% Packages/com.unity.services.authentication/Runtime/Generated/Shared/OpenAPIDateConverter.cs
 0.1 kb	 0.0% Packages/com.unity.services.authentication/Runtime/Generated/Shared/IApiConfiguration.cs
 0.1 kb	 0.0% Packages/com.unity.services.authentication/Runtime/Generated/Shared/ApiRequestOptions.cs
 0.1 kb	 0.0% Packages/com.unity.netcode.gameobjects/Runtime/Transports/UTP/NetworkMetricsPipelineStage.cs
 0.1 kb	 0.0% Packages/com.unity.collections/Unity.Collections/UnsafeNotBurstCompatible.cs
 0.1 kb	 0.0% Packages/com.unity.transport/Runtime/WebSocket/WebSocketParameters.cs
 0.1 kb	 0.0% Packages/com.unity.transport/Runtime/UnderlyingConnectionList.cs
 0.1 kb	 0.0% Packages/com.unity.transport/Runtime/Pipelines/SimulatorPipelineStage.cs
 0.1 kb	 0.0% Packages/com.unity.transport/Runtime/Pipelines/FragmentationUtility.cs
 0.1 kb	 0.0% Packages/com.unity.transport/Runtime/NetworkDriverReceiver.cs
 0.1 kb	 0.0% Packages/com.unity.transport/Runtime/Layers/StreamToDatagramLayer.cs
 0.1 kb	 0.0% Packages/com.unity.transport/Runtime/Layers/StreamSegmentationLayer.cs
 0.1 kb	 0.0% Packages/com.unity.transport/Runtime/Layers/SimpleConnectionLayer.cs
 0.1 kb	 0.0% Packages/com.unity.transport/Runtime/BaselibNetworkArray.cs
 0.1 kb	 0.0% Packages/com.unity.transport/Runtime/Analytics/RunningStatistics.cs
 0.1 kb	 0.0% Packages/com.unity.transport/Runtime/Analytics/PacketSizeStatistics.cs
 0.1 kb	 0.0% Packages/com.unity.transport/Runtime/Analytics/ConnectionStatistics.cs
 0.1 kb	 0.0% Packages/com.unity.transport/Runtime/Analytics/BandwidthStatistics.cs
 0.1 kb	 0.0% Packages/com.unity.services.wire/Runtime/websocket-sharp/Net/HttpListenerPrefixCollection.cs
 0.1 kb	 0.0% Packages/com.unity.services.wire/Runtime/Exceptions/WireExceptions.cs
 0.1 kb	 0.0% Packages/com.unity.services.qos/Runtime/ErrorMitigation/StatusCodePolicyConfig.cs
 0.1 kb	 0.0% Packages/com.unity.services.multiplayer/Runtime/Relay/Http/UnityWebRequestHelpers.cs
 0.1 kb	 0.0% Packages/com.unity.services.multiplayer/Runtime/Relay/Http/DeserializationSettings.cs
 0.1 kb	 0.0% Packages/com.unity.services.multiplayer/Runtime/Relay/Http/DeserializationException.cs
 0.1 kb	 0.0% Packages/com.unity.services.multiplayer/Runtime/Relay/ErrorMitigation/RetryPolicyConfig.cs
 0.1 kb	 0.0% Packages/com.unity.services.multiplayer/Runtime/MultiplayerInitializer.cs
 0.1 kb	 0.0% Packages/com.unity.services.multiplayer/Runtime/Multiplayer/Session/Options/ReconnectSessionOptions.cs
 0.1 kb	 0.0% Packages/com.unity.services.multiplayer/Runtime/Multiplayer/Session/Models/Migration/IMigrationDataHandler.cs
 0.1 kb	 0.0% Packages/com.unity.services.multiplayer/Runtime/Multiplayer/Modules/PlayerName/SessionOptionsExtensions.cs
 0.1 kb	 0.0% Packages/com.unity.services.multiplayer/Runtime/Multiplayer/Modules/PlayerName/PlayerNameSessionOption.cs
 0.1 kb	 0.0% Packages/com.unity.services.multiplayer/Runtime/Multiplayer/Modules/PlayerName/PlayerNameModuleProvider.cs
 0.1 kb	 0.0% Packages/com.unity.services.multiplayer/Runtime/Multiplayer/Modules/Network/SessionOptionsExtensions.cs
 0.1 kb	 0.0% Packages/com.unity.services.multiplayer/Runtime/Multiplayer/Modules/Network/IClientSessionNetwork.cs
 0.1 kb	 0.0% Packages/com.unity.services.multiplayer/Runtime/Multiplayer/Modules/Network/Handlers/NetworkHandler/NetworkManagerSession.cs
 0.1 kb	 0.0% Packages/com.unity.services.multiplayer/Runtime/Multiplayer/Modules/Matchmaker/MatchmakerBackfillOption.cs
 0.1 kb	 0.0% Packages/com.unity.services.multiplayer/Runtime/Multiplayer/Modules/Matchmaker/BackfillingConfiguration.cs
 0.1 kb	 0.0% Packages/com.unity.services.multiplayer/Runtime/Matchmaker/Scheduler/EngineStateHelper.cs
 0.1 kb	 0.0% Packages/com.unity.services.multiplayer/Runtime/Matchmaker/SDK/WrappedMatchmakerService.cs
 0.1 kb	 0.0% Packages/com.unity.services.multiplayer/Runtime/Matchmaker/ErrorMitigation/RetryPolicy.cs
 0.1 kb	 0.0% Packages/com.unity.services.multiplayer/Runtime/Matchmaker/ErrorMitigation/IRetryPolicy.cs
 0.1 kb	 0.0% Packages/com.unity.services.multiplayer/Runtime/Matchmaker/Apis/TicketsApiRequests.cs
 0.1 kb	 0.0% Packages/com.unity.services.multiplayer/Runtime/Matchmaker/Apis/MatchesApiRequests.cs
 0.1 kb	 0.0% Packages/com.unity.services.multiplayer/Runtime/Matchmaker/Apis/BackfillApiRequests.cs
 0.1 kb	 0.0% Packages/com.unity.services.multiplayer/Runtime/Lobbies/Http/UnityWebRequestHelpers.cs
 0.1 kb	 0.0% Packages/com.unity.services.multiplayer/Runtime/Lobbies/Http/DeserializationSettings.cs
 0.1 kb	 0.0% Packages/com.unity.services.multiplayer/Runtime/Lobbies/Http/DeserializationException.cs
 0.1 kb	 0.0% Packages/com.unity.services.core/Runtime/Telemetry/Metrics/MetricsFactory.cs
 0.1 kb	 0.0% Packages/com.unity.services.core/Runtime/Telemetry/Metrics/DisabledMetrics.cs
 0.1 kb	 0.0% Packages/com.unity.services.core/Runtime/Scheduler/TimeProvider/UtcTimeProvider.cs
 0.1 kb	 0.0% Packages/com.unity.services.core/Runtime/Scheduler/TimeProvider/ITimeProvider.cs
 0.1 kb	 0.0% Packages/com.unity.services.core/Runtime/Scheduler/ActionScheduler.cs
 0.1 kb	 0.0% Packages/com.unity.services.core/Runtime/Networking/HttpServiceConfig.cs
 0.1 kb	 0.0% Packages/com.unity.services.core/Runtime/Device/UserIdProviders/UnityEngineIdentifier.cs
 0.1 kb	 0.0% Packages/com.unity.services.core/Runtime/Device/UserIdProviders/UnityAnalyticsIdentifier.cs
 0.1 kb	 0.0% Packages/com.unity.services.core/Runtime/Device/UserIdProviders/IUserIdentifierProvider.cs
 0.1 kb	 0.0% Packages/com.unity.services.core/Runtime/Core/Initialization/UnityProjectNotLinkedException.cs
 0.1 kb	 0.0% Packages/com.unity.services.core/Runtime/Core/Initialization/ServicesInitializationException.cs
 0.1 kb	 0.0% Packages/com.unity.services.core/Runtime/Core.Internal/UnityServicesInternal.cs
 0.1 kb	 0.0% Packages/com.unity.services.core/Runtime/Core.Internal/UnityServicesInitializer.cs
 0.1 kb	 0.0% Packages/com.unity.services.core/Runtime/Core.Internal/Serialization/IJsonSerializer.cs
 0.1 kb	 0.0% Packages/com.unity.services.core/Runtime/Core.Internal/Registry/ServiceRegistry/LockedServiceRegistry.cs
 0.1 kb	 0.0% Packages/com.unity.services.core/Runtime/Core.Internal/Registry/PackageRegistry/LockedPackageRegistry.cs
 0.1 kb	 0.0% Packages/com.unity.services.core/Runtime/Core.Internal/Registry/IInitializablePackageV2.cs
 0.1 kb	 0.0% Packages/com.unity.services.core/Runtime/Core.Internal/Registry/IInitializablePackage.cs
 0.1 kb	 0.0% Packages/com.unity.services.core/Runtime/Core.Internal/Registry/DependencyTreeExtensions.cs
 0.1 kb	 0.0% Packages/com.unity.services.core/Runtime/Core.Internal/Registry/CoreRegistryInitializer.cs
 0.1 kb	 0.0% Packages/com.unity.services.core/Runtime/Core.Internal/Registry/ComponentRegistry/LockedComponentRegistry.cs
 0.1 kb	 0.0% Packages/com.unity.services.core/Runtime/Core.Internal/Components/Wire/IChannelTokenProvider.cs
 0.1 kb	 0.0% Packages/com.unity.services.core/Runtime/Core.Internal/Components/Environments/IEnvironments.cs
 0.1 kb	 0.0% Packages/com.unity.services.core/Runtime/Core.Internal/Components/Configuration/IExternalUserId.cs
 0.1 kb	 0.0% Packages/com.unity.services.core/Runtime/Core.Internal/Components/Configuration/ICloudProjectId.cs
 0.1 kb	 0.0% Packages/com.unity.services.core/Runtime/Core.Internal/AsyncOperation/IAsyncOperationAwaiter.cs
 0.1 kb	 0.0% Packages/com.unity.services.core/Runtime/Core.Internal/AsyncOperation/AsyncOperationExtensions.cs
 0.1 kb	 0.0% Packages/com.unity.services.core/Runtime/Core.Internal/AsyncOperation/AsyncOperationAwaiter.cs
 0.1 kb	 0.0% Packages/com.unity.services.core/Runtime/Configuration/ExternalUserId.cs
 0.1 kb	 0.0% Packages/com.unity.services.core/Runtime/Configuration/CloudProjectId.cs
 0.1 kb	 0.0% Packages/com.unity.services.core/Runtime/Components/ServicesBehaviour.cs
 0.1 kb	 0.0% Packages/com.unity.services.authentication/Runtime/Utilities/SerializerSettings.cs
 0.1 kb	 0.0% Packages/com.unity.services.authentication/Runtime/Utilities/IsolatedJsonConvert.cs
 0.1 kb	 0.0% Packages/com.unity.services.authentication/Runtime/Utilities/Cache/IAuthenticationCache.cs
 0.1 kb	 0.0% Packages/com.unity.services.authentication/Runtime/Utilities/Cache/AuthenticationCache.cs
 0.1 kb	 0.0% Packages/com.unity.services.authentication/Runtime/Network/WebRequestException.cs
 0.1 kb	 0.0% Packages/com.unity.services.authentication/Runtime/Models/Settings/NetworkConfiguration.cs
 0.1 kb	 0.0% Packages/com.unity.services.authentication/Runtime/Models/Responses/PlayerInfoResponse.cs
 0.1 kb	 0.0% Packages/com.unity.services.authentication/Runtime/Models/Responses/GenerateCodeResponse.cs
 0.1 kb	 0.0% Packages/com.unity.services.authentication/Runtime/Models/Responses/CodeLinkInfoResponse.cs
 0.1 kb	 0.0% Packages/com.unity.services.authentication/Runtime/Models/Requests/SessionTokenRequest.cs
 0.1 kb	 0.0% Packages/com.unity.services.authentication/Runtime/Models/Requests/LinkWithSteamRequest.cs
 0.1 kb	 0.0% Packages/com.unity.services.authentication/Runtime/Models/Requests/Code Linking/CodeLinkInfoRequest.cs
 0.1 kb	 0.0% Packages/com.unity.services.authentication/Runtime/Models/Components/TargetingComponent.cs
 0.1 kb	 0.0% Packages/com.unity.services.authentication/Runtime/Models/Components/PlayerNameComponent.cs
 0.1 kb	 0.0% Packages/com.unity.services.authentication/Runtime/Models/Components/PlayerIdComponent.cs
 0.1 kb	 0.0% Packages/com.unity.services.authentication/Runtime/Models/Components/AccessTokenComponent.cs
 0.1 kb	 0.0% Packages/com.unity.services.authentication/Runtime/Generated/PlayerNames/Api/PlayerNamesApi.cs
 0.1 kb	 0.0% Packages/com.unity.services.authentication/Player Accounts/Runtime/Utilities/Logger.cs
 0.1 kb	 0.0% Packages/com.unity.services.authentication/Player Accounts/Runtime/Models/IdToken.cs
 0.1 kb	 0.0% Packages/com.unity.services.authentication/Player Accounts/Runtime/Models/BaseJwt.cs
 0.1 kb	 0.0% Packages/com.unity.netcode.gameobjects/Runtime/Spawning/INetworkPrefabInstanceHandler.cs
 0.1 kb	 0.0% Packages/com.unity.netcode.gameobjects/Runtime/NetworkVariable/Serialization/CollectionSerializationUtility.cs
 0.1 kb	 0.0% Packages/com.unity.netcode.gameobjects/Runtime/Messaging/IDeferredNetworkMessageManager.cs
 0.1 kb	 0.0% Packages/com.unity.netcode.gameobjects/Runtime/Logging/LogContext/LogContextNetworkBehaviour.cs
 0.1 kb	 0.0% Packages/com.unity.netcode.gameobjects/Runtime/Exceptions/NetworkConfigurationException.cs
 0.1 kb	 0.0% Packages/com.unity.netcode.gameobjects/Runtime/Components/RigidbodyContactEventManager.cs
 0.1 kb	 0.0% Packages/com.unity.netcode.gameobjects/Runtime/Components/Interpolator/BufferedLinearInterpolatorFloat.cs
 0.1 kb	 0.0% Packages/com.unity.netcode.gameobjects/Runtime/Components/AnticipatedNetworkTransform.cs
 0.1 kb	 0.0% Packages/com.unity.collections/Unity.Collections/UnsafeScratchAllocator.cs
 0.1 kb	 0.0% Packages/com.unity.collections/Unity.Collections/NativeParallelHashMapExtensions.cs
 0.1 kb	 0.0% Packages/com.unity.ugui/Runtime/TMP/TMP_SpriteAssetImportFormats.cs
 0.1 kb	 0.0% Packages/com.unity.transport/Runtime/TLS/UnityTLSCallbacks.cs
 0.1 kb	 0.0% Packages/com.unity.transport/Runtime/Relay/RelayConnectionData.cs
 0.1 kb	 0.0% Packages/com.unity.transport/Runtime/Relay/RelayAllocationId.cs
 0.1 kb	 0.0% Packages/com.unity.transport/Runtime/Relay/Messages/RelayMessageRelay.cs
 0.1 kb	 0.0% Packages/com.unity.transport/Runtime/Relay/Messages/RelayMessageHeader.cs
 0.1 kb	 0.0% Packages/com.unity.transport/Runtime/Relay/Messages/RelayMessageError.cs
 0.1 kb	 0.0% Packages/com.unity.transport/Runtime/Relay/Messages/RelayMessageAccepted.cs
 0.1 kb	 0.0% Packages/com.unity.transport/Runtime/LoggingParameters.cs
 0.1 kb	 0.0% Packages/com.unity.services.wire/Runtime/websocket-sharp/Server/WebSocketSessionManager.cs
 0.1 kb	 0.0% Packages/com.unity.services.wire/Runtime/websocket-sharp/Server/WebSocketServiceManager.cs
 0.1 kb	 0.0% Packages/com.unity.services.wire/Runtime/Centrifuge/ProtocolSchema/SubscribeResult.cs
 0.1 kb	 0.0% Packages/com.unity.services.wire/Runtime/Centrifuge/ProtocolSchema/SubscribeRequest.cs
 0.1 kb	 0.0% Packages/com.unity.services.wire/Runtime/Centrifuge/ProtocolSchema/ConnectResult.cs
 0.1 kb	 0.0% Packages/com.unity.services.wire/Runtime/Centrifuge/ProtocolSchema/ConnectRequest.cs
 0.1 kb	 0.0% Packages/com.unity.services.qos/Runtime/v2/ErrorMitigation/RetryPolicyConfig.cs
 0.1 kb	 0.0% Packages/com.unity.services.qos/Runtime/v2/Apis/QosDiscoveryApiRequests.cs
 0.1 kb	 0.0% Packages/com.unity.services.qos/Runtime/v2/Apis/QosDiscoveryApi.cs
 0.1 kb	 0.0% Packages/com.unity.services.multiplayer/Runtime/Relay/Scheduler/EngineStateHelper.cs
 0.1 kb	 0.0% Packages/com.unity.services.multiplayer/Runtime/Multiplayer/Components/SessionEvents.cs
 0.1 kb	 0.0% Packages/com.unity.services.multiplayer/Runtime/Multiplayer/Components/SessionConnector.cs
 0.1 kb	 0.0% Packages/com.unity.services.multiplayer/Runtime/Matchmaker/Models/TicketStatusResponse.cs
 0.1 kb	 0.0% Packages/com.unity.services.multiplayer/Runtime/Matchmaker/Models/MultiplayAssignment.cs
 0.1 kb	 0.0% Packages/com.unity.services.multiplayer/Runtime/Matchmaker/Models/MatchmakingResults.cs
 0.1 kb	 0.0% Packages/com.unity.services.multiplayer/Runtime/Matchmaker/Models/MatchIdAssignment.cs
 0.1 kb	 0.0% Packages/com.unity.services.multiplayer/Runtime/Matchmaker/Models/LegacyBackfillTicket.cs
 0.1 kb	 0.0% Packages/com.unity.services.multiplayer/Runtime/Matchmaker/Models/CreateTicketResponse.cs
 0.1 kb	 0.0% Packages/com.unity.services.multiplayer/Runtime/Matchmaker/Models/CreateTicketRequest.cs
 0.1 kb	 0.0% Packages/com.unity.services.multiplayer/Runtime/Matchmaker/Models/ConversionExtensions.cs
 0.1 kb	 0.0% Packages/com.unity.services.multiplayer/Runtime/Matchmaker/Models/ConnectionDetails.cs
 0.1 kb	 0.0% Packages/com.unity.services.multiplayer/Runtime/Matchmaker/Http/JsonObjectConverter.cs
 0.1 kb	 0.0% Packages/com.unity.services.multiplayer/Runtime/Matchmaker/Http/IsolatedJsonConvert.cs
 0.1 kb	 0.0% Packages/com.unity.services.multiplayer/Runtime/Matchmaker/Http/HttpClientResponse.cs
 0.1 kb	 0.0% Packages/com.unity.services.multiplayer/Runtime/Matchmaker/Apis/TicketsApi.cs
 0.1 kb	 0.0% Packages/com.unity.services.multiplayer/Runtime/Matchmaker/Apis/MatchesApi.cs
 0.1 kb	 0.0% Packages/com.unity.services.multiplayer/Runtime/Matchmaker/Apis/BackfillApi.cs
 0.1 kb	 0.0% Packages/com.unity.services.multiplayer/Runtime/Lobbies/Scheduler/EngineStateHelper.cs
 0.1 kb	 0.0% Packages/com.unity.services.multiplayer/Runtime/Lobbies/SDK/WrappedLobbyService.cs
 0.1 kb	 0.0% Packages/com.unity.services.multiplayer/Runtime/Lobbies/SDK/QuickJoinLobbyOptions.cs
 0.1 kb	 0.0% Packages/com.unity.services.multiplayer/Runtime/Lobbies/SDK/LobbyMigrationData/LobbyMigrationData.cs
 0.1 kb	 0.0% Packages/com.unity.services.multiplayer/Runtime/Lobbies/SDK/JoinLobbyByCodeOptions.cs
 0.1 kb	 0.0% Packages/com.unity.services.multiplayer/Runtime/Lobbies/SDK/Exceptions/LobbyServiceException.cs
 0.1 kb	 0.0% Packages/com.unity.services.multiplayer/Runtime/Lobbies/Models/PlayerUpdateRequest.cs
 0.1 kb	 0.0% Packages/com.unity.services.multiplayer/Runtime/Lobbies/Models/MigrationDataInfo.cs
 0.1 kb	 0.0% Packages/com.unity.services.multiplayer/Runtime/Lobbies/Models/JoinByCodeRequest.cs
 0.1 kb	 0.0% Packages/com.unity.services.multiplayer/Runtime/Lobbies/Models/BulkUpdateRequest.cs
 0.1 kb	 0.0% Packages/com.unity.services.multiplayer/Runtime/Lobbies/ErrorMitigation/RetryPolicy.cs
 0.1 kb	 0.0% Packages/com.unity.services.multiplayer/Runtime/Lobbies/ErrorMitigation/IRetryPolicy.cs
 0.1 kb	 0.0% Packages/com.unity.services.multiplayer/Runtime/DistributedAuthority/Scheduler/ThreadHelper.cs
 0.1 kb	 0.0% Packages/com.unity.services.multiplayer/Runtime/DistributedAuthority/SDK/Exceptions/ApiErrorsExtenders.cs
 0.1 kb	 0.0% Packages/com.unity.services.multiplayer/Runtime/DistributedAuthority/Http/ResponseHandler.cs
 0.1 kb	 0.0% Packages/com.unity.services.multiplayer/Runtime/DistributedAuthority/Http/IDeserializable.cs
 0.1 kb	 0.0% Packages/com.unity.services.multiplayer/Runtime/DistributedAuthority/Http/HttpException.cs
 0.1 kb	 0.0% Packages/com.unity.services.multiplayer/Runtime/DistributedAuthority/Http/BaseApiClient.cs
 0.1 kb	 0.0% Packages/com.unity.services.core/Runtime/Core.Internal/Components/Telemetry/IMetricsFactory.cs
 0.1 kb	 0.0% Packages/com.unity.services.core/Runtime/Core.Internal/Components/Scheduler/IActionScheduler.cs
 0.1 kb	 0.0% Packages/com.unity.services.core/Runtime/Core.Internal/Components/Authentication/IEnvironmentId.cs
 0.1 kb	 0.0% Packages/com.unity.services.core/Runtime/Core.Internal/Components/Analytics/IAnalyticsUserId.cs
 0.1 kb	 0.0% Packages/com.unity.services.authentication/Runtime/Generated/Shared/ApiConfiguration.cs
 0.1 kb	 0.0% Packages/com.unity.services.authentication/Runtime/Core/UnityServicesExtensions.cs
 0.1 kb	 0.0% Packages/com.unity.services.authentication/Runtime/Compatibility/Utilities.cs
 0.1 kb	 0.0% Packages/com.unity.netcode.gameobjects/Runtime/Transports/UTP/NetworkMetricsContext.cs
 0.1 kb	 0.0% Packages/com.unity.collections/Unity.Collections/UnsafeAtomicCounter.cs
 0.1 kb	 0.0% Packages/com.unity.ugui/Runtime/UGUI/UI/Core/Layout/HorizontalOrVerticalLayoutGroup.cs
 0.1 kb	 0.0% Packages/com.unity.transport/Runtime/Utilities/ManagedCallWrapper.cs
 0.1 kb	 0.0% Packages/com.unity.transport/Runtime/UDPNetworkInterface.cs
 0.1 kb	 0.0% Packages/com.unity.transport/Runtime/TCPNetworkInterface.cs
 0.1 kb	 0.0% Packages/com.unity.transport/Runtime/Pipelines/SimulatorUtility.cs
 0.1 kb	 0.0% Packages/com.unity.transport/Runtime/Pipelines/ReliableUtility.cs
 0.1 kb	 0.0% Packages/com.unity.transport/Runtime/Pipelines/ReliableAckMask.cs
 0.1 kb	 0.0% Packages/com.unity.transport/Runtime/Pipelines/NullPipelineStage.cs
 0.1 kb	 0.0% Packages/com.unity.transport/Runtime/NetworkLayerWrapper.cs
 0.1 kb	 0.0% Packages/com.unity.transport/Runtime/NetworkEventQueue.cs
 0.1 kb	 0.0% Packages/com.unity.transport/Runtime/NetworkDriverSender.cs
 0.1 kb	 0.0% Packages/com.unity.transport/Runtime/NetworkConnection.cs
 0.1 kb	 0.0% Packages/com.unity.transport/Runtime/MultiNetworkDriver.cs
 0.1 kb	 0.0% Packages/com.unity.transport/Runtime/IPCNetworkInterface.cs
 0.1 kb	 0.0% Packages/com.unity.transport/Runtime/INetworkInterface.cs
 0.1 kb	 0.0% Packages/com.unity.transport/Runtime/Analytics/DriverStatistics.cs
 0.1 kb	 0.0% Packages/com.unity.services.wire/Runtime/websocket-sharp/Server/WebSocketServiceHost`1.cs
 0.1 kb	 0.0% Packages/com.unity.services.wire/Runtime/websocket-sharp/Net/ServerSslConfiguration.cs
 0.1 kb	 0.0% Packages/com.unity.services.wire/Runtime/websocket-sharp/Net/QueryStringCollection.cs
 0.1 kb	 0.0% Packages/com.unity.services.wire/Runtime/websocket-sharp/Net/HttpStreamAsyncResult.cs
 0.1 kb	 0.0% Packages/com.unity.services.wire/Runtime/websocket-sharp/Net/HttpListenerException.cs
 0.1 kb	 0.0% Packages/com.unity.services.wire/Runtime/websocket-sharp/Net/HttpListenerAsyncResult.cs
 0.1 kb	 0.0% Packages/com.unity.services.wire/Runtime/websocket-sharp/Net/ClientSslConfiguration.cs
 0.1 kb	 0.0% Packages/com.unity.services.wire/Runtime/websocket-sharp/Net/AuthenticationResponse.cs
 0.1 kb	 0.0% Packages/com.unity.services.wire/Runtime/websocket-sharp/Net/AuthenticationChallenge.cs
 0.1 kb	 0.0% Packages/com.unity.services.wire/Runtime/WireServiceProvider.cs
 0.1 kb	 0.0% Packages/com.unity.services.wire/Runtime/Utils/MaskedTokenConverter.cs
 0.1 kb	 0.0% Packages/com.unity.services.wire/Runtime/IWebsocketFactory.cs
 0.1 kb	 0.0% Packages/com.unity.services.wire/Runtime/Centrifuge/BatchMessagesUtil.cs
 0.1 kb	 0.0% Packages/com.unity.services.qos/Runtime/v2/Models/QosServersResponseBody.cs
 0.1 kb	 0.0% Packages/com.unity.services.qos/Runtime/v2/Http/UnityWebRequestHelpers.cs
 0.1 kb	 0.0% Packages/com.unity.services.qos/Runtime/v2/Http/DeserializationSettings.cs
 0.1 kb	 0.0% Packages/com.unity.services.qos/Runtime/v2/Http/DeserializationException.cs
 0.1 kb	 0.0% Packages/com.unity.services.qos/Runtime/Models/QosServiceServersList.cs
 0.1 kb	 0.0% Packages/com.unity.services.qos/Runtime/Models/QosServersResponseBody.cs
 0.1 kb	 0.0% Packages/com.unity.services.qos/Runtime/ErrorMitigation/RetryPolicyConfig.cs
 0.1 kb	 0.0% Packages/com.unity.services.qos/Runtime/Apis/QosDiscoveryApiRequests.cs
 0.1 kb	 0.0% Packages/com.unity.services.qos/Runtime/Apis/QosDiscoveryApi.cs
 0.1 kb	 0.0% Packages/com.unity.services.multiplayer/Runtime/UnityServicesExtensions.cs
 0.1 kb	 0.0% Packages/com.unity.services.multiplayer/Runtime/Relay/SDK/Exceptions/RelayServiceException.cs
 0.1 kb	 0.0% Packages/com.unity.services.multiplayer/Runtime/Relay/Models/RelayServerEndpoint.cs
 0.1 kb	 0.0% Packages/com.unity.services.multiplayer/Runtime/Relay/Models/RegionsResponseBody.cs
 0.1 kb	 0.0% Packages/com.unity.services.multiplayer/Runtime/Relay/Models/JoinCodeResponseBody.cs
 0.1 kb	 0.0% Packages/com.unity.services.multiplayer/Runtime/Relay/Models/JoinAllocationAllOf.cs
 0.1 kb	 0.0% Packages/com.unity.services.multiplayer/Runtime/Relay/Models/ErrorResponseBody.cs
 0.1 kb	 0.0% Packages/com.unity.services.multiplayer/Runtime/Relay/Models/AllocationRequest.cs
 0.1 kb	 0.0% Packages/com.unity.services.multiplayer/Runtime/Relay/Models/AllocateResponseBody.cs
 0.1 kb	 0.0% Packages/com.unity.services.multiplayer/Runtime/Relay/Http/JsonObjectConverter.cs
 0.1 kb	 0.0% Packages/com.unity.services.multiplayer/Runtime/Relay/Http/HttpClientResponse.cs
 0.1 kb	 0.0% Packages/com.unity.services.multiplayer/Runtime/Relay/ErrorMitigation/RetryPolicy.cs
 0.1 kb	 0.0% Packages/com.unity.services.multiplayer/Runtime/Relay/ErrorMitigation/IRetryPolicy.cs
 0.1 kb	 0.0% Packages/com.unity.services.multiplayer/Runtime/Multiplayer/Utils/UserAgentProvider.cs
 0.1 kb	 0.0% Packages/com.unity.services.multiplayer/Runtime/Multiplayer/Utils/JWT/ServerAccessToken.cs
 0.1 kb	 0.0% Packages/com.unity.services.multiplayer/Runtime/Multiplayer/Utils/IUserAgentProvider.cs
 0.1 kb	 0.0% Packages/com.unity.services.multiplayer/Runtime/Multiplayer/SessionBrowser/QuerySessionsResults.cs
 0.1 kb	 0.0% Packages/com.unity.services.multiplayer/Runtime/Multiplayer/SessionBrowser/QuerySessionsOptions.cs
 0.1 kb	 0.0% Packages/com.unity.services.multiplayer/Runtime/Multiplayer/Session/Options/JoinSessionOptions.cs
 0.1 kb	 0.0% Packages/com.unity.services.multiplayer/Runtime/Multiplayer/Session/Options/BaseSessionOptions.cs
 0.1 kb	 0.0% Packages/com.unity.services.multiplayer/Runtime/Multiplayer/Session/Options/AddingSessionOptions.cs
 0.1 kb	 0.0% Packages/com.unity.services.multiplayer/Runtime/Multiplayer/Session/Models/Migration/SessionMigrationData.cs
 0.1 kb	 0.0% Packages/com.unity.services.multiplayer/Runtime/Multiplayer/Session/Models/IVisibilityProperty.cs
 0.1 kb	 0.0% Packages/com.unity.services.multiplayer/Runtime/Multiplayer/Session/Migration/HostMigrationOption.cs
 0.1 kb	 0.0% Packages/com.unity.services.multiplayer/Runtime/Multiplayer/Session/Migration/HostMigrationHandler.cs
 0.1 kb	 0.0% Packages/com.unity.services.multiplayer/Runtime/Multiplayer/MultiplayerService.cs
 0.1 kb	 0.0% Packages/com.unity.services.multiplayer/Runtime/Multiplayer/Modules/Network/Models/RelayNetworkOptions.cs
 0.1 kb	 0.0% Packages/com.unity.services.multiplayer/Runtime/Multiplayer/Modules/Network/Models/NetworkInfoOption.cs
 0.1 kb	 0.0% Packages/com.unity.services.multiplayer/Runtime/Multiplayer/Modules/Network/Models/NetworkHandlerOption.cs
 0.1 kb	 0.0% Packages/com.unity.services.multiplayer/Runtime/Multiplayer/Modules/Network/Models/NetworkConfiguration.cs
 0.1 kb	 0.0% Packages/com.unity.services.multiplayer/Runtime/Multiplayer/Modules/Network/Models/DirectNetworkOptions.cs
 0.1 kb	 0.0% Packages/com.unity.services.multiplayer/Runtime/Multiplayer/Modules/Network/IHostSessionNetwork.cs
 0.1 kb	 0.0% Packages/com.unity.services.multiplayer/Runtime/Multiplayer/Modules/Matchmaker/MatchmakerProvider.cs
 0.1 kb	 0.0% Packages/com.unity.services.multiplayer/Runtime/Multiplayer/Modules/Matchmaker/MatchmakerExtensions.cs
 0.1 kb	 0.0% Packages/com.unity.services.multiplayer/Runtime/Multiplayer/Matchmaking/MatchmakerQueueAsset.cs
 0.1 kb	 0.0% Packages/com.unity.services.multiplayer/Runtime/Multiplayer/Matchmaking/MatchmakerOptions.cs
 0.1 kb	 0.0% Packages/com.unity.services.multiplayer/Runtime/Multiplayer/Matchmaking/MatchmakerManager.cs
 0.1 kb	 0.0% Packages/com.unity.services.multiplayer/Runtime/Matchmaker/SDK/MatchmakerService.cs
 0.1 kb	 0.0% Packages/com.unity.services.multiplayer/Runtime/Matchmaker/SDK/IMatchmakerService.cs
 0.1 kb	 0.0% Packages/com.unity.services.multiplayer/Runtime/Matchmaker/SDK/CreateTicketOptions.cs
 0.1 kb	 0.0% Packages/com.unity.services.multiplayer/Runtime/Matchmaker/Overrides/IABRemoteConfig.cs
 0.1 kb	 0.0% Packages/com.unity.services.multiplayer/Runtime/Matchmaker/Overrides/ABRemoteConfig.cs
 0.1 kb	 0.0% Packages/com.unity.services.multiplayer/Runtime/Matchmaker/MatchmakerServiceSdk.cs
 0.1 kb	 0.0% Packages/com.unity.services.multiplayer/Runtime/Lobbies/SDK/ApiTelemetryScope.cs
 0.1 kb	 0.0% Packages/com.unity.services.multiplayer/Runtime/Lobbies/Http/JsonObjectConverter.cs
 0.1 kb	 0.0% Packages/com.unity.services.multiplayer/Runtime/Lobbies/Http/IsolatedJsonConvert.cs
 0.1 kb	 0.0% Packages/com.unity.services.multiplayer/Runtime/Lobbies/Http/HttpClientResponse.cs
 0.1 kb	 0.0% Packages/com.unity.services.multiplayer/Runtime/Lobbies/Apis/LobbyApiNames.cs
 0.1 kb	 0.0% Packages/com.unity.services.multiplayer/Runtime/DistributedAuthority/SDK/DefaultClock.cs
 0.1 kb	 0.0% Packages/com.unity.services.multiplayer/Runtime/DistributedAuthority/SDK/ConnectPayload.cs
 0.1 kb	 0.0% Packages/com.unity.services.multiplayer/Runtime/DistributedAuthority/Models/ErrorDetail.cs
 0.1 kb	 0.0% Packages/com.unity.services.multiplayer/Runtime/DistributedAuthority/Http/AsyncOpRetry.cs
 0.1 kb	 0.0% Packages/com.unity.services.multiplayer/Runtime/DistributedAuthority/Configuration/Configuration.cs
 0.1 kb	 0.0% Packages/com.unity.services.core/Runtime/Telemetry/Diagnotstics/Diagnostics.cs
 0.1 kb	 0.0% Packages/com.unity.services.core/Runtime/Device/UserIdProviders/UnityAdsIdentifier.cs
 0.1 kb	 0.0% Packages/com.unity.services.core/Runtime/Device/EngineInstallationId.cs
 0.1 kb	 0.0% Packages/com.unity.services.core/Runtime/Core/Initialization/ServicesCreationException.cs
 0.1 kb	 0.0% Packages/com.unity.services.core/Runtime/Core.Internal/Utils/UnityWebRequestUtils.cs
 0.1 kb	 0.0% Packages/com.unity.services.core/Runtime/Core.Internal/Utils/DictionaryExtensions.cs
 0.1 kb	 0.0% Packages/com.unity.services.core/Runtime/Core.Internal/Registry/IServiceComponent.cs
 0.1 kb	 0.0% Packages/com.unity.services.core/Runtime/Core.Internal/Registry/CorePackageRegistry.cs
 0.1 kb	 0.0% Packages/com.unity.services.core/Runtime/Core.Internal/Registry/ComponentRegistry/IComponentRegistry.cs
 0.1 kb	 0.0% Packages/com.unity.services.core/Runtime/Core.Internal/Registry/ComponentRegistry/ComponentRegistry.cs
 0.1 kb	 0.0% Packages/com.unity.services.core/Runtime/Core.Internal/CoreInternalResetter.cs
 0.1 kb	 0.0% Packages/com.unity.services.core/Runtime/Core.Internal/Components/Device/IInstallationId.cs
 0.1 kb	 0.0% Packages/com.unity.services.core/Runtime/Core.Internal/Attributes/VisibilityAttribute.cs
 0.1 kb	 0.0% Packages/com.unity.services.core/Runtime/Core.Internal/AsyncOperation/TaskAsyncOperation.cs
 0.1 kb	 0.0% Packages/com.unity.services.core/Runtime/Core.Internal/AsyncOperation/AsyncOperationBase.cs
 0.1 kb	 0.0% Packages/com.unity.services.authentication/Runtime/Utilities/IdProviderKeys.cs
 0.1 kb	 0.0% Packages/com.unity.services.authentication/Runtime/Network/NetworkHandler.cs
 0.1 kb	 0.0% Packages/com.unity.services.authentication/Runtime/Network/INetworkHandler.cs
 0.1 kb	 0.0% Packages/com.unity.services.authentication/Runtime/Network/HttpUtilities.cs
 0.1 kb	 0.0% Packages/com.unity.services.authentication/Runtime/Models/SignInOptions.cs
 0.1 kb	 0.0% Packages/com.unity.services.authentication/Runtime/Models/SignInCodeInfo.cs
 0.1 kb	 0.0% Packages/com.unity.services.authentication/Runtime/Models/Responses/UnlinkResponse.cs
 0.1 kb	 0.0% Packages/com.unity.services.authentication/Runtime/Models/Responses/SignInResponse.cs
 0.1 kb	 0.0% Packages/com.unity.services.authentication/Runtime/Models/Responses/ExternalIdentity.cs
 0.1 kb	 0.0% Packages/com.unity.services.authentication/Runtime/Models/Requests/UnlinkRequest.cs
 0.1 kb	 0.0% Packages/com.unity.services.authentication/Runtime/Models/Components/Profile/ProfileEventArgs.cs
 0.1 kb	 0.0% Packages/com.unity.services.authentication/Runtime/Models/Components/Profile/ProfileComponent.cs
 0.1 kb	 0.0% Packages/com.unity.services.authentication/Runtime/Models/Components/IPlayerName.cs
 0.1 kb	 0.0% Packages/com.unity.services.authentication/Runtime/Generated/PlayerNames/Model/ErrorStatus.cs
 0.1 kb	 0.0% Packages/com.unity.services.authentication/Runtime/Core/ICoreRegistry.cs
 0.1 kb	 0.0% Packages/com.unity.netcode.gameobjects/Runtime/Serialization/NetworkBehaviourReference.cs
 0.1 kb	 0.0% Packages/com.unity.netcode.gameobjects/Runtime/Serialization/INetworkSerializeByMemcpy.cs
 0.1 kb	 0.0% Packages/com.unity.netcode.gameobjects/Runtime/SceneManagement/DefaultSceneManagerHandler.cs
 0.1 kb	 0.0% Packages/com.unity.netcode.gameobjects/Runtime/Messaging/Messages/NetworkVariableDeltaMessage.cs
 0.1 kb	 0.0% Packages/com.unity.netcode.gameobjects/Runtime/Messaging/Messages/ConnectionApprovedMessage.cs
 0.1 kb	 0.0% Packages/com.unity.netcode.gameobjects/Runtime/Messaging/Messages/ClientDisconnectedMessage.cs
 0.1 kb	 0.0% Packages/com.unity.netcode.gameobjects/Runtime/Logging/LogContext/LogContextNetworkObject.cs
 0.1 kb	 0.0% Packages/com.unity.netcode.gameobjects/Runtime/Logging/LogContext/LogContextNetworkManager.cs
 0.1 kb	 0.0% Packages/com.unity.netcode.gameobjects/Runtime/Exceptions/VisibilityChangeException.cs
 0.1 kb	 0.0% Packages/com.unity.collections/Unity.Collections/UnsafeUtilityEx.cs
 0.1 kb	 0.0% Packages/com.unity.collections/Unity.Collections/UnsafeAppendBuffer.cs
 0.1 kb	 0.0% Packages/com.unity.collections/Unity.Collections/NativeParallelHashSetExtensions.gen.cs
 0.1 kb	 0.0% Packages/com.unity.collections/Unity.Collections/Jobs/RegisterGenericJobTypeAttribute.cs
 0.1 kb	 0.0% Packages/com.unity.collections/Unity.Collections/DoubleRewindableAllocators.cs
 0.1 kb	 0.0% Packages/com.unity.collections/Unity.Collections/DataStreamExtensions.cs
 0.1 kb	 0.0% Packages/com.unity.ugui/Runtime/TMP/TMP_DynamicFontAssetUtilities.cs
 0.1 kb	 0.0% Packages/com.unity.transport/Runtime/TLS/FixedPEMString.cs
 0.1 kb	 0.0% Packages/com.unity.transport/Runtime/TLS/DTLSUtilities.cs
 0.1 kb	 0.0% Packages/com.unity.transport/Runtime/Relay/RelayServerData.cs
 0.1 kb	 0.0% Packages/com.unity.transport/Runtime/Relay/Messages/RelayMessagePing.cs
 0.1 kb	 0.0% Packages/com.unity.transport/Runtime/Relay/Messages/RelayMessageBind.cs
 0.1 kb	 0.0% Packages/com.unity.transport/Runtime/NetworkParams.cs
 0.1 kb	 0.0% Packages/com.unity.services.wire/Runtime/websocket-sharp/Server/WebSocketServiceHost.cs
 0.1 kb	 0.0% Packages/com.unity.services.wire/Runtime/websocket-sharp/Server/WebSocketBehavior.cs
 0.1 kb	 0.0% Packages/com.unity.services.wire/Runtime/websocket-sharp/Server/IWebSocketSession.cs
 0.1 kb	 0.0% Packages/com.unity.services.wire/Runtime/websocket-sharp/Server/HttpRequestEventArgs.cs
 0.1 kb	 0.0% Packages/com.unity.services.wire/Runtime/websocket-sharp/Net/WebSockets/WebSocketContext.cs
 0.1 kb	 0.0% Packages/com.unity.services.wire/Runtime/Centrifuge/ProtocolSchema/Unsubscribe.cs
 0.1 kb	 0.0% Packages/com.unity.services.wire/Runtime/Centrifuge/ProtocolSchema/Publication.cs
 0.1 kb	 0.0% Packages/com.unity.services.wire/Runtime/Centrifuge/ProtocolSchema/PingResult.cs
 0.1 kb	 0.0% Packages/com.unity.services.wire/Runtime/Centrifuge/ProtocolSchema/PingRequest.cs
 0.1 kb	 0.0% Packages/com.unity.services.wire/Runtime/Centrifuge/ProtocolSchema/CommandID.cs
 0.1 kb	 0.0% Packages/com.unity.services.wire/Runtime/Centrifuge/ProtocolSchema/ClientInfo.cs
 0.1 kb	 0.0% Packages/com.unity.services.qos/Runtime/v2/Scheduler/EngineStateHelper.cs
 0.1 kb	 0.0% Packages/com.unity.services.qos/Runtime/v2/ErrorMitigation/RetryPolicy.cs
 0.1 kb	 0.0% Packages/com.unity.services.qos/Runtime/v2/ErrorMitigation/IRetryPolicy.cs
 0.1 kb	 0.0% Packages/com.unity.services.qos/Runtime/Http/UnityWebRequestHelpers.cs
 0.1 kb	 0.0% Packages/com.unity.services.qos/Runtime/Http/DeserializationSettings.cs
 0.1 kb	 0.0% Packages/com.unity.services.qos/Runtime/Http/DeserializationException.cs
 0.1 kb	 0.0% Packages/com.unity.services.multiplayer/Runtime/Multiplayer/Components/RelayOptions.cs
 0.1 kb	 0.0% Packages/com.unity.services.multiplayer/Runtime/Multiplayer/Components/JoinOptions.cs
 0.1 kb	 0.0% Packages/com.unity.services.multiplayer/Runtime/Matchmaker/SDK/BackfillTicket.cs
 0.1 kb	 0.0% Packages/com.unity.services.multiplayer/Runtime/Matchmaker/Models/ProblemDetails.cs
 0.1 kb	 0.0% Packages/com.unity.services.multiplayer/Runtime/Matchmaker/Models/NoneAssignment.cs
 0.1 kb	 0.0% Packages/com.unity.services.multiplayer/Runtime/Matchmaker/Models/MatchProperties.cs
 0.1 kb	 0.0% Packages/com.unity.services.multiplayer/Runtime/Matchmaker/Models/IpPortAssignment.cs
 0.1 kb	 0.0% Packages/com.unity.services.multiplayer/Runtime/Matchmaker/Models/CustomAssignment.cs
 0.1 kb	 0.0% Packages/com.unity.services.multiplayer/Runtime/Matchmaker/Models/AbTestingResult.cs
 0.1 kb	 0.0% Packages/com.unity.services.multiplayer/Runtime/Matchmaker/Http/ResponseHandler.cs
 0.1 kb	 0.0% Packages/com.unity.services.multiplayer/Runtime/Matchmaker/Http/IDeserializable.cs
 0.1 kb	 0.0% Packages/com.unity.services.multiplayer/Runtime/Matchmaker/Http/HttpException.cs
 0.1 kb	 0.0% Packages/com.unity.services.multiplayer/Runtime/Matchmaker/Http/BaseApiClient.cs
 0.1 kb	 0.0% Packages/com.unity.services.multiplayer/Runtime/Lobbies/SDK/UpdatePlayerOptions.cs
 0.1 kb	 0.0% Packages/com.unity.services.multiplayer/Runtime/Lobbies/SDK/UpdateLobbyOptions.cs
 0.1 kb	 0.0% Packages/com.unity.services.multiplayer/Runtime/Lobbies/SDK/QueryLobbiesOptions.cs
 0.1 kb	 0.0% Packages/com.unity.services.multiplayer/Runtime/Lobbies/SDK/LobbyUpdates/LobbyPlayerJoined.cs
 0.1 kb	 0.0% Packages/com.unity.services.multiplayer/Runtime/Lobbies/SDK/LobbyUpdates/LobbyPlayerChanges.cs
 0.1 kb	 0.0% Packages/com.unity.services.multiplayer/Runtime/Lobbies/SDK/LobbyUpdates/Internal/LobbyPatcherChanges.cs
 0.1 kb	 0.0% Packages/com.unity.services.multiplayer/Runtime/Lobbies/SDK/JoinLobbyByIdOptions.cs
 0.1 kb	 0.0% Packages/com.unity.services.multiplayer/Runtime/Lobbies/SDK/InternalLobbyService.cs
 0.1 kb	 0.0% Packages/com.unity.services.multiplayer/Runtime/Lobbies/SDK/CreateLobbyOptions.cs
 0.1 kb	 0.0% Packages/com.unity.services.multiplayer/Runtime/Lobbies/Models/UpdateRequest.cs
 0.1 kb	 0.0% Packages/com.unity.services.multiplayer/Runtime/Lobbies/Models/QuickJoinRequest.cs
 0.1 kb	 0.0% Packages/com.unity.services.multiplayer/Runtime/Lobbies/Models/QueryResponse.cs
 0.1 kb	 0.0% Packages/com.unity.services.multiplayer/Runtime/Lobbies/Models/PlayerProfile.cs
 0.1 kb	 0.0% Packages/com.unity.services.multiplayer/Runtime/Lobbies/Models/PlayerDataObject.cs
 0.1 kb	 0.0% Packages/com.unity.services.multiplayer/Runtime/Lobbies/Models/JoinByIdRequest.cs
 0.1 kb	 0.0% Packages/com.unity.services.multiplayer/Runtime/Lobbies/Models/CreateRequest.cs
 0.1 kb	 0.0% Packages/com.unity.services.multiplayer/Runtime/Lobbies/Apis/LobbyApiRequests.cs
 0.1 kb	 0.0% Packages/com.unity.services.multiplayer/Runtime/DistributedAuthority/Http/JsonObject.cs
 0.1 kb	 0.0% Packages/com.unity.services.multiplayer/Runtime/DistributedAuthority/Http/JsonHelpers.cs
 0.1 kb	 0.0% Packages/com.unity.services.multiplayer/Runtime/DistributedAuthority/Http/IHttpClient.cs
 0.1 kb	 0.0% Packages/com.unity.services.multiplayer/Runtime/DistributedAuthority/Http/HttpClient.cs
 0.1 kb	 0.0% Packages/com.unity.services.core/Runtime/Core.Internal/Components/Telemetry/IDiagnostics.cs
 0.1 kb	 0.0% Packages/com.unity.services.core/Runtime/Core.Internal/Components/Networking/IHttpClient.cs
 0.1 kb	 0.0% Packages/com.unity.services.core/Runtime/Core.Internal/Components/Networking/HttpResponse.cs
 0.1 kb	 0.0% Packages/com.unity.services.core/Runtime/Core.Internal/Components/Networking/HttpRequest.cs
 0.1 kb	 0.0% Packages/com.unity.services.core/Runtime/Core.Internal/Components/Networking/HttpOptions.cs
 0.1 kb	 0.0% Packages/com.unity.services.core/Runtime/Core.Internal/Components/Authentication/IPlayerId.cs
 0.1 kb	 0.0% Packages/com.unity.services.core/Runtime/Core.Internal/Components/Authentication/IAccessToken.cs
 0.1 kb	 0.0% Packages/com.unity.services.authentication/Runtime/Generated/Shared/IApiClient.cs
 0.1 kb	 0.0% Packages/com.unity.services.authentication/Runtime/Generated/Shared/IApiAccessor.cs
 0.1 kb	 0.0% Packages/com.unity.services.authentication/Runtime/Generated/Shared/ApiResponse.cs
 0.1 kb	 0.0% Packages/com.unity.services.authentication/Runtime/Generated/Shared/ApiException.cs
 0.1 kb	 0.0% Packages/com.unity.services.authentication/Runtime/Compatibility/Models.cs
 0.1 kb	 0.0% Packages/com.unity.netcode.gameobjects/Runtime/Transports/UTP/SecretsLoaderHelper.cs
 0.1 kb	 0.0% Packages/com.unity.netcode.gameobjects/Runtime/Transports/UTP/BatchedReceiveQueue.cs
 0.1 kb	 0.0% Packages/com.unity.collections/Unity.Collections/NativeNotBurstCompatible.cs
 0.1 kb	 0.0% Packages/com.unity.ugui/Runtime/UGUI/EventSystem/InputModules/StandaloneInputModule.cs
 0.1 kb	 0.0% Packages/com.unity.transport/Runtime/PacketProcessor.cs
 0.1 kb	 0.0% Packages/com.unity.transport/Runtime/PacketMetadata.cs
 0.1 kb	 0.0% Packages/com.unity.transport/Runtime/OperationResult.cs
 0.1 kb	 0.0% Packages/com.unity.transport/Runtime/NetworkSettings.cs
 0.1 kb	 0.0% Packages/com.unity.transport/Runtime/NetworkPipeline.cs
 0.1 kb	 0.0% Packages/com.unity.transport/Runtime/NetworkEndpoint.cs
 0.1 kb	 0.0% Packages/com.unity.transport/Runtime/NetworkDriver.cs
 0.1 kb	 0.0% Packages/com.unity.transport/Runtime/Layers/WebSocketLayer.cs
 0.1 kb	 0.0% Packages/com.unity.transport/Runtime/Layers/SimulatorLayer.cs
 0.1 kb	 0.0% Packages/com.unity.transport/Runtime/Layers/AnalyticsLayer.cs
 0.1 kb	 0.0% Packages/com.unity.transport/Runtime/INetworkLayer.cs
 0.1 kb	 0.0% Packages/com.unity.transport/Runtime/ConnectionToken.cs
 0.1 kb	 0.0% Packages/com.unity.transport/Runtime/ConnectionList.cs
 0.1 kb	 0.0% Packages/com.unity.services.wire/Runtime/websocket-sharp/Net/WebHeaderCollection.cs
 0.1 kb	 0.0% Packages/com.unity.services.wire/Runtime/websocket-sharp/Net/NetworkCredential.cs
 0.1 kb	 0.0% Packages/com.unity.services.wire/Runtime/websocket-sharp/Net/HttpListenerResponse.cs
 0.1 kb	 0.0% Packages/com.unity.services.wire/Runtime/websocket-sharp/Net/HttpListenerRequest.cs
 0.1 kb	 0.0% Packages/com.unity.services.wire/Runtime/websocket-sharp/Net/HttpListenerPrefix.cs
 0.1 kb	 0.0% Packages/com.unity.services.wire/Runtime/websocket-sharp/Net/HttpListenerContext.cs
 0.1 kb	 0.0% Packages/com.unity.services.wire/Runtime/websocket-sharp/Net/HttpDigestIdentity.cs
 0.1 kb	 0.0% Packages/com.unity.services.wire/Runtime/websocket-sharp/Net/HttpBasicIdentity.cs
 0.1 kb	 0.0% Packages/com.unity.services.wire/Runtime/websocket-sharp/Net/ChunkedRequestStream.cs
 0.1 kb	 0.0% Packages/com.unity.services.wire/Runtime/Utils/BackoffStrategy.cs
 0.1 kb	 0.0% Packages/com.unity.services.wire/Runtime/Configuration.cs
 0.1 kb	 0.0% Packages/com.unity.services.wire/Runtime/Centrifuge/CommandManager.cs
 0.1 kb	 0.0% Packages/com.unity.services.qos/Runtime/v2/Models/QosServerAnnotations.cs
 0.1 kb	 0.0% Packages/com.unity.services.qos/Runtime/v2/Models/ErrorResponseBody.cs
 0.1 kb	 0.0% Packages/com.unity.services.qos/Runtime/v2/Http/JsonObjectConverter.cs
 0.1 kb	 0.0% Packages/com.unity.services.qos/Runtime/v2/Http/IsolatedJsonConvert.cs
 0.1 kb	 0.0% Packages/com.unity.services.qos/Runtime/v2/Http/HttpClientResponse.cs
 0.1 kb	 0.0% Packages/com.unity.services.qos/Runtime/UnityServicesExtensions.cs
 0.1 kb	 0.0% Packages/com.unity.services.qos/Runtime/Scheduler/EngineStateHelper.cs
 0.1 kb	 0.0% Packages/com.unity.services.qos/Runtime/Runner/QosAnnotatedResult.cs
 0.1 kb	 0.0% Packages/com.unity.services.qos/Runtime/QosPackageInitializer.cs
 0.1 kb	 0.0% Packages/com.unity.services.qos/Runtime/Models/ErrorResponseBody.cs
 0.1 kb	 0.0% Packages/com.unity.services.qos/Runtime/ErrorMitigation/RetryPolicy.cs
 0.1 kb	 0.0% Packages/com.unity.services.qos/Runtime/ErrorMitigation/IRetryPolicy.cs
 0.1 kb	 0.0% Packages/com.unity.services.multiplayer/Runtime/Relay/SDK/WrappedRelayService.cs
 0.1 kb	 0.0% Packages/com.unity.services.multiplayer/Runtime/Relay/Models/ResponseLinks.cs
 0.1 kb	 0.0% Packages/com.unity.services.multiplayer/Runtime/Relay/Models/JoinResponseBody.cs
 0.1 kb	 0.0% Packages/com.unity.services.multiplayer/Runtime/Relay/Models/JoinCodeRequest.cs
 0.1 kb	 0.0% Packages/com.unity.services.multiplayer/Runtime/Relay/Models/JoinAllocation.cs
 0.1 kb	 0.0% Packages/com.unity.services.multiplayer/Runtime/Relay/Models/AllocationUtils.cs
 0.1 kb	 0.0% Packages/com.unity.services.multiplayer/Runtime/Relay/Models/AllocationData.cs
 0.1 kb	 0.0% Packages/com.unity.services.multiplayer/Runtime/Relay/InternalRelayService.cs
 0.1 kb	 0.0% Packages/com.unity.services.multiplayer/Runtime/Relay/Http/ResponseHandler.cs
 0.1 kb	 0.0% Packages/com.unity.services.multiplayer/Runtime/Relay/Http/IDeserializable.cs
 0.1 kb	 0.0% Packages/com.unity.services.multiplayer/Runtime/Relay/Http/HttpException.cs
 0.1 kb	 0.0% Packages/com.unity.services.multiplayer/Runtime/Relay/Http/BaseApiClient.cs
 0.1 kb	 0.0% Packages/com.unity.services.multiplayer/Runtime/Multiplayer/Utils/JWT/DateTimeWrapper.cs
 0.1 kb	 0.0% Packages/com.unity.services.multiplayer/Runtime/Multiplayer/Utils/Compatibility.cs
 0.1 kb	 0.0% Packages/com.unity.services.multiplayer/Runtime/Multiplayer/SessionBrowser/SessionBrowser.cs
 0.1 kb	 0.0% Packages/com.unity.services.multiplayer/Runtime/Multiplayer/Session/SessionObserver.cs
 0.1 kb	 0.0% Packages/com.unity.services.multiplayer/Runtime/Multiplayer/Session/SessionManager.cs
 0.1 kb	 0.0% Packages/com.unity.services.multiplayer/Runtime/Multiplayer/Session/SessionHandler.cs
 0.1 kb	 0.0% Packages/com.unity.services.multiplayer/Runtime/Multiplayer/Session/Options/SessionOptions.cs
 0.1 kb	 0.0% Packages/com.unity.services.multiplayer/Runtime/Multiplayer/Session/Models/SessionProperty.cs
 0.1 kb	 0.0% Packages/com.unity.services.multiplayer/Runtime/Multiplayer/Session/Models/Player/PlayerProperty.cs
 0.1 kb	 0.0% Packages/com.unity.services.multiplayer/Runtime/Multiplayer/Session/Models/Player/IReadOnlyPlayer.cs
 0.1 kb	 0.0% Packages/com.unity.services.multiplayer/Runtime/Multiplayer/Session/Models/IValueProperty.cs
 0.1 kb	 0.0% Packages/com.unity.services.multiplayer/Runtime/Multiplayer/Operation/SessionException.cs
 0.1 kb	 0.0% Packages/com.unity.services.multiplayer/Runtime/Multiplayer/Modules/PlayerName/PlayerNameModule.cs
 0.1 kb	 0.0% Packages/com.unity.services.multiplayer/Runtime/Multiplayer/Modules/Network/NetworkProvider.cs
 0.1 kb	 0.0% Packages/com.unity.services.multiplayer/Runtime/Multiplayer/Modules/Network/NetworkModule.cs
 0.1 kb	 0.0% Packages/com.unity.services.multiplayer/Runtime/Multiplayer/Modules/Network/Models/NetworkOptions.cs
 0.1 kb	 0.0% Packages/com.unity.services.multiplayer/Runtime/Multiplayer/Modules/Network/Models/NetworkMetadata.cs
 0.1 kb	 0.0% Packages/com.unity.services.multiplayer/Runtime/Multiplayer/Modules/Network/Handlers/NetworkHandler/NetworkBuilder.cs
 0.1 kb	 0.0% Packages/com.unity.services.multiplayer/Runtime/Multiplayer/Modules/Network/Handlers/NetworkHandler/INetworkHandler.cs
 0.1 kb	 0.0% Packages/com.unity.services.multiplayer/Runtime/Multiplayer/Modules/ModuleRegistry.cs
 0.1 kb	 0.0% Packages/com.unity.services.multiplayer/Runtime/Multiplayer/Modules/Matchmaker/MatchmakerModule.cs
 0.1 kb	 0.0% Packages/com.unity.services.multiplayer/Runtime/Multiplayer/Modules/IModuleRegistry.cs
 0.1 kb	 0.0% Packages/com.unity.services.multiplayer/Runtime/Multiplayer/Modules/IModuleProvider.cs
 0.1 kb	 0.0% Packages/com.unity.services.multiplayer/Runtime/Multiplayer/Modules/IModuleOption.cs
 0.1 kb	 0.0% Packages/com.unity.services.multiplayer/Runtime/Multiplayer/Matchmaking/QuickJoinOptions.cs
 0.1 kb	 0.0% Packages/com.unity.services.multiplayer/Runtime/Multiplayer/Matchmaking/QosCalculator.cs
 0.1 kb	 0.0% Packages/com.unity.services.multiplayer/Runtime/Multiplayer/Lobby/LobbySettings.cs
 0.1 kb	 0.0% Packages/com.unity.services.multiplayer/Runtime/Multiplayer/Lobby/LobbyConverter.cs
 0.1 kb	 0.0% Packages/com.unity.services.multiplayer/Runtime/Matchmaker/Scheduler/ThreadHelper.cs
 0.1 kb	 0.0% Packages/com.unity.services.multiplayer/Runtime/Matchmaker/Overrides/IABAnalytics.cs
 0.1 kb	 0.0% Packages/com.unity.services.multiplayer/Runtime/Matchmaker/Overrides/ABAnalytics.cs
 0.1 kb	 0.0% Packages/com.unity.services.multiplayer/Runtime/Matchmaker/Http/AsyncOpRetry.cs
 0.1 kb	 0.0% Packages/com.unity.services.multiplayer/Runtime/Matchmaker/Configuration/Configuration.cs
 0.1 kb	 0.0% Packages/com.unity.services.multiplayer/Runtime/Lobbies/Http/ResponseHandler.cs
 0.1 kb	 0.0% Packages/com.unity.services.multiplayer/Runtime/Lobbies/Http/IDeserializable.cs
 0.1 kb	 0.0% Packages/com.unity.services.multiplayer/Runtime/Lobbies/Http/HttpException.cs
 0.1 kb	 0.0% Packages/com.unity.services.multiplayer/Runtime/Lobbies/Http/BaseApiClient.cs
 0.1 kb	 0.0% Packages/com.unity.services.multiplayer/Runtime/Lobbies/Apis/LobbyApi.cs
 0.1 kb	 0.0% Packages/com.unity.services.multiplayer/Runtime/DistributedAuthority/Models/Session.cs
 0.1 kb	 0.0% Packages/com.unity.services.core/Runtime/Telemetry/Metrics/Metrics.cs
 0.1 kb	 0.0% Packages/com.unity.services.core/Runtime/Device/InstallationId.cs
 0.1 kb	 0.0% Packages/com.unity.services.core/Runtime/Core/RequestFailedException.cs
 0.1 kb	 0.0% Packages/com.unity.services.core/Runtime/Core/Initialization/InitializationOptions.cs
 0.1 kb	 0.0% Packages/com.unity.services.core/Runtime/Core/ExternalUserIdProperty.cs
 0.1 kb	 0.0% Packages/com.unity.services.core/Runtime/Core.Internal/Telemetry/CoreDiagnostics.cs
 0.1 kb	 0.0% Packages/com.unity.services.core/Runtime/Core.Internal/Registry/ServiceRegistry/ServiceRegistry.cs
 0.1 kb	 0.0% Packages/com.unity.services.core/Runtime/Core.Internal/Registry/ServiceRegistry/IServiceRegistry.cs
 0.1 kb	 0.0% Packages/com.unity.services.core/Runtime/Core.Internal/Registry/PackageRegistry/PackageRegistry.cs
 0.1 kb	 0.0% Packages/com.unity.services.core/Runtime/Core.Internal/Registry/PackageRegistry/IPackageRegistry.cs
 0.1 kb	 0.0% Packages/com.unity.services.core/Runtime/Core.Internal/Registry/MissingComponent.cs
 0.1 kb	 0.0% Packages/com.unity.services.core/Runtime/Core.Internal/Registry/HashExceptions.cs
 0.1 kb	 0.0% Packages/com.unity.services.core/Runtime/Core.Internal/Registry/DependencyTree.cs
 0.1 kb	 0.0% Packages/com.unity.services.core/Runtime/Core.Internal/Registry/CoreRegistration.cs
 0.1 kb	 0.0% Packages/com.unity.services.core/Runtime/Core.Internal/AsyncOperation/IAsyncOperation.cs
 0.1 kb	 0.0% Packages/com.unity.services.core/Runtime/Core.Internal/AsyncOperation/AsyncOperation.cs
 0.1 kb	 0.0% Packages/com.unity.services.authentication/Runtime/Utilities/Jwt/JwtDecoder.cs
 0.1 kb	 0.0% Packages/com.unity.services.authentication/Runtime/Utilities/Jwt/IJwtDecoder.cs
 0.1 kb	 0.0% Packages/com.unity.services.authentication/Runtime/Network/WebRequest.cs
 0.1 kb	 0.0% Packages/com.unity.services.authentication/Runtime/Models/Security/AccessToken.cs
 0.1 kb	 0.0% Packages/com.unity.services.authentication/Runtime/Models/Responses/UsernameInfo.cs
 0.1 kb	 0.0% Packages/com.unity.services.authentication/Runtime/Models/Responses/LinkResponse.cs
 0.1 kb	 0.0% Packages/com.unity.services.authentication/Runtime/Models/Requests/SteamConfig.cs
 0.1 kb	 0.0% Packages/com.unity.services.authentication/Runtime/Models/Requests/OculusConfig.cs
 0.1 kb	 0.0% Packages/com.unity.services.authentication/Runtime/Models/PlayerInfo.cs
 0.1 kb	 0.0% Packages/com.unity.services.authentication/Runtime/Models/Notification.cs
 0.1 kb	 0.0% Packages/com.unity.services.authentication/Runtime/Models/LinkOptions.cs
 0.1 kb	 0.0% Packages/com.unity.services.authentication/Runtime/Models/Attributes.cs
 0.1 kb	 0.0% Packages/com.unity.services.authentication/Runtime/Generated/PlayerNames/Model/Player.cs
 0.1 kb	 0.0% Packages/com.unity.services.authentication/Runtime/Generated/PlayerNames/Model/Detail.cs
 0.1 kb	 0.0% Packages/com.unity.netcode.gameobjects/Runtime/Serialization/NetworkObjectReference.cs
 0.1 kb	 0.0% Packages/com.unity.netcode.gameobjects/Runtime/Serialization/BufferSerializerWriter.cs
 0.1 kb	 0.0% Packages/com.unity.netcode.gameobjects/Runtime/Serialization/BufferSerializerReader.cs
 0.1 kb	 0.0% Packages/com.unity.netcode.gameobjects/Runtime/NetworkVariable/Serialization/TypedSerializerImplementations.cs
 0.1 kb	 0.0% Packages/com.unity.netcode.gameobjects/Runtime/Metrics/NetworkMetricsManager.cs
 0.1 kb	 0.0% Packages/com.unity.netcode.gameobjects/Runtime/Messaging/RpcTargets/NotAuthorityRpcTarget.cs
 0.1 kb	 0.0% Packages/com.unity.netcode.gameobjects/Runtime/Messaging/RpcTargets/ClientsAndHostRpcTarget.cs
 0.1 kb	 0.0% Packages/com.unity.netcode.gameobjects/Runtime/Messaging/NetworkMessageManager.cs
 0.1 kb	 0.0% Packages/com.unity.netcode.gameobjects/Runtime/Messaging/Messages/NetworkTransformMessage.cs
 0.1 kb	 0.0% Packages/com.unity.netcode.gameobjects/Runtime/Messaging/Messages/DisconnectReasonMessage.cs
 0.1 kb	 0.0% Packages/com.unity.netcode.gameobjects/Runtime/Messaging/Messages/ConnectionRequestMessage.cs
 0.1 kb	 0.0% Packages/com.unity.netcode.gameobjects/Runtime/Messaging/Messages/ClientConnectedMessage.cs
 0.1 kb	 0.0% Packages/com.unity.netcode.gameobjects/Runtime/Messaging/Messages/ChangeOwnershipMessage.cs
 0.1 kb	 0.0% Packages/com.unity.netcode.gameobjects/Runtime/Messaging/INetworkMessageSender.cs
 0.1 kb	 0.0% Packages/com.unity.netcode.gameobjects/Runtime/Messaging/INetworkMessageProvider.cs
 0.1 kb	 0.0% Packages/com.unity.netcode.gameobjects/Runtime/Messaging/DeferredMessageManager.cs
 0.1 kb	 0.0% Packages/com.unity.netcode.gameobjects/Runtime/Exceptions/NotListeningException.cs
 0.1 kb	 0.0% Packages/com.unity.netcode.gameobjects/Runtime/Exceptions/InvalidParentException.cs
 0.1 kb	 0.0% Packages/com.unity.netcode.gameobjects/Runtime/Core/NetworkObjectRefreshTool.cs
 0.1 kb	 0.0% Packages/com.unity.netcode.gameobjects/Runtime/Core/NetworkBehaviourUpdater.cs
 0.1 kb	 0.0% Packages/com.unity.netcode.gameobjects/Runtime/Connection/NetworkConnectionManager.cs
 0.1 kb	 0.0% Packages/com.unity.netcode.gameobjects/Runtime/Components/NetworkRigidbody2D.cs
 0.1 kb	 0.0% Packages/com.unity.netcode.gameobjects/Runtime/Components/NetworkRigidBodyBase.cs
 0.1 kb	 0.0% Packages/com.unity.netcode.gameobjects/Runtime/Components/NetworkDeltaPosition.cs
 0.1 kb	 0.0% Packages/com.unity.netcode.gameobjects/Runtime/Components/Helpers/ComponentController.cs
 0.1 kb	 0.0% Packages/com.unity.netcode.gameobjects/Runtime/Components/Helpers/AttachableBehaviour.cs
 0.1 kb	 0.0% Packages/com.unity.collections/Unity.Collections/UnsafeBitArray.cs
 0.1 kb	 0.0% Packages/com.unity.collections/Unity.Collections/UTF8ArrayUnsafeUtility.cs
 0.1 kb	 0.0% Packages/com.unity.collections/Unity.Collections/StreamCompressionModel.cs
 0.1 kb	 0.0% Packages/com.unity.collections/Unity.Collections/NativeArrayExtensions.cs
 0.1 kb	 0.0% Packages/com.unity.collections/Unity.Collections/FixedStringInternalMethods.cs
 0.1 kb	 0.0% Packages/com.unity.collections/Unity.Collections/FixedStringFormatMethods.gen.cs
 0.1 kb	 0.0% Packages/com.unity.burst/Runtime/CompilerServices/SkipLocalsInitAttribute.cs
 0.1 kb	 0.0% Packages/com.unity.burst/Runtime/CompilerServices/IgnoreWarningAttribute.cs
 0.1 kb	 0.0% Packages/com.unity.ugui/Runtime/TMP/TMP_ScrollbarEventHandler.cs
 0.1 kb	 0.0% Packages/com.unity.ugui/Runtime/TMP/TMP_PackageResourceImporter.cs
 0.1 kb	 0.0% Packages/com.unity.ugui/Runtime/InternalBridge/ObjectUtilsBridge.cs
 0.1 kb	 0.0% Packages/com.unity.transport/Runtime/Relay/RelayHMACKey.cs
 0.1 kb	 0.0% Packages/com.unity.services.wire/Runtime/websocket-sharp/WebSocketException.cs
 0.1 kb	 0.0% Packages/com.unity.services.wire/Runtime/websocket-sharp/Server/WebSocketServer.cs
 0.1 kb	 0.0% Packages/com.unity.services.wire/Runtime/Utils/NetworkUtility.cs
 0.1 kb	 0.0% Packages/com.unity.services.wire/Runtime/Centrifuge/ProtocolSchema/Reply.cs
 0.1 kb	 0.0% Packages/com.unity.services.wire/Runtime/Centrifuge/ProtocolSchema/Error.cs
 0.1 kb	 0.0% Packages/com.unity.services.wire/Runtime/Centrifuge/ProtocolSchema/Command.cs
 0.1 kb	 0.0% Packages/com.unity.services.qos/Runtime/Http/JsonObjectConverter.cs
 0.1 kb	 0.0% Packages/com.unity.services.qos/Runtime/Http/HttpClientResponse.cs
 0.1 kb	 0.0% Packages/com.unity.services.multiplayer/Runtime/Relay/Scheduler/ThreadHelper.cs
 0.1 kb	 0.0% Packages/com.unity.services.multiplayer/Runtime/Relay/SDK/Exceptions/ApiErrorsExtenders.cs
 0.1 kb	 0.0% Packages/com.unity.services.multiplayer/Runtime/Multiplayer/Components/DocsUrl.cs
 0.1 kb	 0.0% Packages/com.unity.services.multiplayer/Runtime/Matchmaker/Models/QoSResult.cs
 0.1 kb	 0.0% Packages/com.unity.services.multiplayer/Runtime/Matchmaker/Models/MatchmakerIOneOf.cs
 0.1 kb	 0.0% Packages/com.unity.services.multiplayer/Runtime/Matchmaker/Http/JsonObject.cs
 0.1 kb	 0.0% Packages/com.unity.services.multiplayer/Runtime/Matchmaker/Http/JsonHelpers.cs
 0.1 kb	 0.0% Packages/com.unity.services.multiplayer/Runtime/Matchmaker/Http/IHttpClient.cs
 0.1 kb	 0.0% Packages/com.unity.services.multiplayer/Runtime/Matchmaker/Http/HttpClient.cs
 0.1 kb	 0.0% Packages/com.unity.services.multiplayer/Runtime/Lobbies/Scheduler/ThreadHelper.cs
 0.1 kb	 0.0% Packages/com.unity.services.multiplayer/Runtime/Lobbies/SDK/LobbyUpdates/Internal/LobbyChannel.cs
 0.1 kb	 0.0% Packages/com.unity.services.multiplayer/Runtime/Lobbies/SDK/LobbyUpdates/ILobbyChanges.cs
 0.1 kb	 0.0% Packages/com.unity.services.multiplayer/Runtime/Lobbies/SDK/ILobbyService.cs
 0.1 kb	 0.0% Packages/com.unity.services.multiplayer/Runtime/Lobbies/Models/TokenRequest.cs
 0.1 kb	 0.0% Packages/com.unity.services.multiplayer/Runtime/Lobbies/Models/TokenData.cs
 0.1 kb	 0.0% Packages/com.unity.services.multiplayer/Runtime/Lobbies/Models/QueryRequest.cs
 0.1 kb	 0.0% Packages/com.unity.services.multiplayer/Runtime/Lobbies/Models/QueryOrder.cs
 0.1 kb	 0.0% Packages/com.unity.services.multiplayer/Runtime/Lobbies/Models/QueryFilter.cs
 0.1 kb	 0.0% Packages/com.unity.services.multiplayer/Runtime/Lobbies/Models/ErrorStatus.cs
 0.1 kb	 0.0% Packages/com.unity.services.multiplayer/Runtime/Lobbies/Models/DataObject.cs
 0.1 kb	 0.0% Packages/com.unity.services.multiplayer/Runtime/Lobbies/LobbyServiceSdk.cs
 0.1 kb	 0.0% Packages/com.unity.services.multiplayer/Runtime/Lobbies/Http/AsyncOpRetry.cs
 0.1 kb	 0.0% Packages/com.unity.services.multiplayer/Runtime/Lobbies/Configuration/Configuration.cs
 0.1 kb	 0.0% Packages/com.unity.services.multiplayer/Runtime/DistributedAuthority/Http/Responses.cs
 0.1 kb	 0.0% Packages/com.unity.services.core/Runtime/Core.Internal/Components/Telemetry/IMetrics.cs
 0.1 kb	 0.0% Packages/com.unity.services.authentication/Runtime/Generated/Shared/ApiUtils.cs
 0.1 kb	 0.0% Packages/com.unity.netcode.gameobjects/Runtime/Transports/UTP/UnityTransport.cs
 0.1 kb	 0.0% Packages/com.unity.netcode.gameobjects/Runtime/Transports/UTP/BatchedSendQueue.cs
 0.1 kb	 0.0% Packages/com.unity.netcode.gameobjects/Runtime/Messaging/CustomMessageManager.cs
 0.1 kb	 0.0% Packages/com.unity.collections/Unity.Collections/UnsafeList.cs
 0.1 kb	 0.0% Packages/com.unity.collections/Unity.Collections/FixedStringParseMethods.cs
 0.1 kb	 0.0% Packages/com.unity.collections/Unity.Collections/FixedStringAppendMethods.cs
 0.1 kb	 0.0% Packages/com.unity.ugui/Runtime/UGUI/UI/Core/Utility/ReflectionMethodsCache.cs
 0.1 kb	 0.0% Packages/com.unity.ugui/Runtime/UGUI/UI/Core/MultipleDisplayUtilities.cs
 0.1 kb	 0.0% Packages/com.unity.ugui/Runtime/UGUI/UI/Core/Layout/HorizontalLayoutGroup.cs
 0.1 kb	 0.0% Packages/com.unity.ugui/Runtime/UGUI/UI/Core/IGraphicEnabledDisabled.cs
 0.1 kb	 0.0% Packages/com.unity.ugui/Runtime/UGUI/UI/Core/GraphicRebuildTracker.cs
 0.1 kb	 0.0% Packages/com.unity.ugui/Runtime/UGUI/UI/Core/Culling/RectangularVertexClipper.cs
 0.1 kb	 0.0% Packages/com.unity.ugui/Runtime/UGUI/EventSystem/Raycasters/Physics2DRaycaster.cs
 0.1 kb	 0.0% Packages/com.unity.ugui/Runtime/UGUI/EventSystem/InputModules/PointerInputModule.cs
 0.1 kb	 0.0% Packages/com.unity.transport/Runtime/WebSocket/WebSocket.cs
 0.1 kb	 0.0% Packages/com.unity.transport/Runtime/PacketsQueue.cs
 0.1 kb	 0.0% Packages/com.unity.transport/Runtime/PacketBuffer.cs
 0.1 kb	 0.0% Packages/com.unity.transport/Runtime/NetworkStack.cs
 0.1 kb	 0.0% Packages/com.unity.transport/Runtime/Layers/RelayLayer.cs
 0.1 kb	 0.0% Packages/com.unity.transport/Runtime/Layers/DTLSLayer.cs
 0.1 kb	 0.0% Packages/com.unity.transport/Runtime/Layers/BottomLayer.cs
 0.1 kb	 0.0% Packages/com.unity.transport/Runtime/IPCManager.cs
 0.1 kb	 0.0% Packages/com.unity.transport/Runtime/HMACSHA256.cs
 0.1 kb	 0.0% Packages/com.unity.transport/Runtime/ConnectionId.cs
 0.1 kb	 0.0% Packages/com.unity.services.wire/Runtime/websocket-sharp/Net/ResponseStream.cs
 0.1 kb	 0.0% Packages/com.unity.services.wire/Runtime/websocket-sharp/Net/RequestStream.cs
 0.1 kb	 0.0% Packages/com.unity.services.wire/Runtime/websocket-sharp/Net/ReadBufferState.cs
 0.1 kb	 0.0% Packages/com.unity.services.wire/Runtime/websocket-sharp/Net/HttpHeaderInfo.cs
 0.1 kb	 0.0% Packages/com.unity.services.wire/Runtime/websocket-sharp/Net/HttpConnection.cs
 0.1 kb	 0.0% Packages/com.unity.services.wire/Runtime/websocket-sharp/Net/EndPointManager.cs
 0.1 kb	 0.0% Packages/com.unity.services.wire/Runtime/websocket-sharp/Net/EndPointListener.cs
 0.1 kb	 0.0% Packages/com.unity.services.wire/Runtime/websocket-sharp/Net/CookieException.cs
 0.1 kb	 0.0% Packages/com.unity.services.wire/Runtime/websocket-sharp/Net/CookieCollection.cs
 0.1 kb	 0.0% Packages/com.unity.services.wire/Runtime/WebSocket.cs
 0.1 kb	 0.0% Packages/com.unity.services.wire/Runtime/Centrifuge/WireMessage.cs
 0.1 kb	 0.0% Packages/com.unity.services.wire/Runtime/Centrifuge/Subscription.cs
 0.1 kb	 0.0% Packages/com.unity.services.qos/Runtime/v2/Models/QosServersList.cs
 0.1 kb	 0.0% Packages/com.unity.services.qos/Runtime/v2/Http/ResponseHandler.cs
 0.1 kb	 0.0% Packages/com.unity.services.qos/Runtime/v2/Http/IDeserializable.cs
 0.1 kb	 0.0% Packages/com.unity.services.qos/Runtime/v2/Http/HttpException.cs
 0.1 kb	 0.0% Packages/com.unity.services.qos/Runtime/v2/Http/BaseApiClient.cs
 0.1 kb	 0.0% Packages/com.unity.services.qos/Runtime/WrappedQosService.cs
 0.1 kb	 0.0% Packages/com.unity.services.qos/Runtime/Runner/InternalQosResult.cs
 0.1 kb	 0.0% Packages/com.unity.services.qos/Runtime/Runner/BaselibQosRunner.cs
 0.1 kb	 0.0% Packages/com.unity.services.qos/Runtime/QosServiceProvider.cs
 0.1 kb	 0.0% Packages/com.unity.services.qos/Runtime/Models/QosServiceServer.cs
 0.1 kb	 0.0% Packages/com.unity.services.qos/Runtime/Models/QosServersList.cs
 0.1 kb	 0.0% Packages/com.unity.services.multiplayer/Runtime/Relay/SDK/IRelayService.cs
 0.1 kb	 0.0% Packages/com.unity.services.multiplayer/Runtime/Relay/RelayServiceSdk.cs
 0.1 kb	 0.0% Packages/com.unity.services.multiplayer/Runtime/Relay/Models/ResponseMeta.cs
 0.1 kb	 0.0% Packages/com.unity.services.multiplayer/Runtime/Relay/Models/RelayServer.cs
 0.1 kb	 0.0% Packages/com.unity.services.multiplayer/Runtime/Relay/Models/RegionsData.cs
 0.1 kb	 0.0% Packages/com.unity.services.multiplayer/Runtime/Relay/Models/KeyValuePair.cs
 0.1 kb	 0.0% Packages/com.unity.services.multiplayer/Runtime/Relay/Models/JoinRequest.cs
 0.1 kb	 0.0% Packages/com.unity.services.multiplayer/Runtime/Relay/Models/JoinCodeData.cs
 0.1 kb	 0.0% Packages/com.unity.services.multiplayer/Runtime/Relay/Models/Allocation.cs
 0.1 kb	 0.0% Packages/com.unity.services.multiplayer/Runtime/Relay/Http/JsonObject.cs
 0.1 kb	 0.0% Packages/com.unity.services.multiplayer/Runtime/Relay/Http/JsonHelpers.cs
 0.1 kb	 0.0% Packages/com.unity.services.multiplayer/Runtime/Relay/Http/IHttpClient.cs
 0.1 kb	 0.0% Packages/com.unity.services.multiplayer/Runtime/Relay/Http/HttpClient.cs
 0.1 kb	 0.0% Packages/com.unity.services.multiplayer/Runtime/Relay/Http/AsyncOpRetry.cs
 0.1 kb	 0.0% Packages/com.unity.services.multiplayer/Runtime/Relay/Configuration/Configuration.cs
 0.1 kb	 0.0% Packages/com.unity.services.multiplayer/Runtime/Multiplayer/Utils/MPConstants.cs
 0.1 kb	 0.0% Packages/com.unity.services.multiplayer/Runtime/Multiplayer/Utils/JWT/JwtDecoder.cs
 0.1 kb	 0.0% Packages/com.unity.services.multiplayer/Runtime/Multiplayer/Utils/IServiceID.cs
 0.1 kb	 0.0% Packages/com.unity.services.multiplayer/Runtime/Multiplayer/SessionBrowser/SortOption.cs
 0.1 kb	 0.0% Packages/com.unity.services.multiplayer/Runtime/Multiplayer/SessionBrowser/SessionInfo.cs
 0.1 kb	 0.0% Packages/com.unity.services.multiplayer/Runtime/Multiplayer/SessionBrowser/FilterOption.cs
 0.1 kb	 0.0% Packages/com.unity.services.multiplayer/Runtime/Multiplayer/Modules/Network/Models/NetworkInfo.cs
 0.1 kb	 0.0% Packages/com.unity.services.multiplayer/Runtime/Multiplayer/Modules/Network/Handlers/Relay/RelayHandler.cs
 0.1 kb	 0.0% Packages/com.unity.services.multiplayer/Runtime/Multiplayer/Modules/Network/Handlers/NetworkHandler/NetcodeUtils.cs
 0.1 kb	 0.0% Packages/com.unity.services.multiplayer/Runtime/Multiplayer/Modules/Network/Handlers/DistributedAuthority/DaHandler.cs
 0.1 kb	 0.0% Packages/com.unity.services.multiplayer/Runtime/Multiplayer/Matchmaking/Matchmaker.cs
 0.1 kb	 0.0% Packages/com.unity.services.multiplayer/Runtime/Multiplayer/Lobby/LobbyHandler.cs
 0.1 kb	 0.0% Packages/com.unity.services.multiplayer/Runtime/Lobbies/Http/JsonObject.cs
 0.1 kb	 0.0% Packages/com.unity.services.multiplayer/Runtime/Lobbies/Http/JsonHelpers.cs
 0.1 kb	 0.0% Packages/com.unity.services.multiplayer/Runtime/Lobbies/Http/IHttpClient.cs
 0.1 kb	 0.0% Packages/com.unity.services.multiplayer/Runtime/Lobbies/Http/HttpClient.cs
 0.1 kb	 0.0% Packages/com.unity.services.multiplayer/Runtime/Lobbies/Http/CommonErrors.cs
 0.1 kb	 0.0% Packages/com.unity.services.multiplayer/Runtime/Lobbies/Http/BasicError.cs
 0.1 kb	 0.0% Packages/com.unity.services.core/Runtime/Core/UnityServicesBuilder.cs
 0.1 kb	 0.0% Packages/com.unity.services.core/Runtime/Core.Internal/Telemetry/CoreMetrics.cs
 0.1 kb	 0.0% Packages/com.unity.services.core/Runtime/Core.Internal/Registry/CoreRegistry.cs
 0.1 kb	 0.0% Packages/com.unity.services.core/Runtime/Core.Internal/Logging/CoreLogger.cs
 0.1 kb	 0.0% Packages/com.unity.services.core/Runtime/Core.Internal/Components/Wire/ChannelToken.cs
 0.1 kb	 0.0% Packages/com.unity.services.core/Runtime/Core.Internal/Components/Qos/IQosResults.cs
 0.1 kb	 0.0% Packages/com.unity.services.authentication/Runtime/Utilities/Logger.cs
 0.1 kb	 0.0% Packages/com.unity.services.authentication/Runtime/Utilities/Cache/ICache.cs
 0.1 kb	 0.0% Packages/com.unity.services.authentication/Runtime/Models/Security/BaseJwt.cs
 0.1 kb	 0.0% Packages/com.unity.services.authentication/Runtime/Models/Identity.cs
 0.1 kb	 0.0% Packages/com.unity.services.authentication/Runtime/Models/Components/Profile/IProfile.cs
 0.1 kb	 0.0% Packages/com.unity.netcode.gameobjects/Runtime/Timing/NetworkTimeSystem.cs
 0.1 kb	 0.0% Packages/com.unity.netcode.gameobjects/Runtime/Timing/NetworkTickSystem.cs
 0.1 kb	 0.0% Packages/com.unity.netcode.gameobjects/Runtime/Timing/IRealTimeProvider.cs
 0.1 kb	 0.0% Packages/com.unity.netcode.gameobjects/Runtime/Timing/AnticipationSystem.cs
 0.1 kb	 0.0% Packages/com.unity.netcode.gameobjects/Runtime/Spawning/ReleasedNetworkId.cs
 0.1 kb	 0.0% Packages/com.unity.netcode.gameobjects/Runtime/Spawning/NetworkSpawnManager.cs
 0.1 kb	 0.0% Packages/com.unity.netcode.gameobjects/Runtime/Spawning/NetworkPrefabHandler.cs
 0.1 kb	 0.0% Packages/com.unity.netcode.gameobjects/Runtime/Serialization/INetworkSerializable.cs
 0.1 kb	 0.0% Packages/com.unity.netcode.gameobjects/Runtime/SceneManagement/SceneEventProgress.cs
 0.1 kb	 0.0% Packages/com.unity.netcode.gameobjects/Runtime/SceneManagement/NetworkSceneManager.cs
 0.1 kb	 0.0% Packages/com.unity.netcode.gameobjects/Runtime/SceneManagement/NetworkSceneHandle.cs
 0.1 kb	 0.0% Packages/com.unity.netcode.gameobjects/Runtime/SceneManagement/ISceneManagerHandler.cs
 0.1 kb	 0.0% Packages/com.unity.netcode.gameobjects/Runtime/NetworkVariable/Serialization/ResizableBitVector.cs
 0.1 kb	 0.0% Packages/com.unity.netcode.gameobjects/Runtime/NetworkVariable/NetworkVariableBase.cs
 0.1 kb	 0.0% Packages/com.unity.netcode.gameobjects/Runtime/Metrics/NullNetworkMetrics.cs
 0.1 kb	 0.0% Packages/com.unity.netcode.gameobjects/Runtime/Messaging/RpcTargets/ProxyRpcTargetGroup.cs
 0.1 kb	 0.0% Packages/com.unity.netcode.gameobjects/Runtime/Messaging/RpcTargets/NotServerRpcTarget.cs
 0.1 kb	 0.0% Packages/com.unity.netcode.gameobjects/Runtime/Messaging/RpcTargets/NotOwnerRpcTarget.cs
 0.1 kb	 0.0% Packages/com.unity.netcode.gameobjects/Runtime/Messaging/RpcTargets/LocalSendRpcTarget.cs
 0.1 kb	 0.0% Packages/com.unity.netcode.gameobjects/Runtime/Messaging/RpcTargets/IIndividualRpcTarget.cs
 0.1 kb	 0.0% Packages/com.unity.netcode.gameobjects/Runtime/Messaging/RpcTargets/EveryoneRpcTarget.cs
 0.1 kb	 0.0% Packages/com.unity.netcode.gameobjects/Runtime/Messaging/RpcTargets/DirectSendRpcTarget.cs
 0.1 kb	 0.0% Packages/com.unity.netcode.gameobjects/Runtime/Messaging/RpcTargets/AuthorityRpcTarget.cs
 0.1 kb	 0.0% Packages/com.unity.netcode.gameobjects/Runtime/Messaging/NetworkMessageHeader.cs
 0.1 kb	 0.0% Packages/com.unity.netcode.gameobjects/Runtime/Messaging/NetworkManagerHooks.cs
 0.1 kb	 0.0% Packages/com.unity.netcode.gameobjects/Runtime/Messaging/NetworkBatchHeader.cs
 0.1 kb	 0.0% Packages/com.unity.netcode.gameobjects/Runtime/Messaging/Messages/SessionOwnerMessage.cs
 0.1 kb	 0.0% Packages/com.unity.netcode.gameobjects/Runtime/Messaging/Messages/SceneEventMessage.cs
 0.1 kb	 0.0% Packages/com.unity.netcode.gameobjects/Runtime/Messaging/Messages/ParentSyncMessage.cs
 0.1 kb	 0.0% Packages/com.unity.netcode.gameobjects/Runtime/Messaging/Messages/DestroyObjectMessage.cs
 0.1 kb	 0.0% Packages/com.unity.netcode.gameobjects/Runtime/Messaging/Messages/CreateObjectMessage.cs
 0.1 kb	 0.0% Packages/com.unity.netcode.gameobjects/Runtime/Messaging/ILPPMessageProvider.cs
 0.1 kb	 0.0% Packages/com.unity.netcode.gameobjects/Runtime/Messaging/DefaultMessageSender.cs
 0.1 kb	 0.0% Packages/com.unity.netcode.gameobjects/Runtime/Logging/LogContext/GenericContext.cs
 0.1 kb	 0.0% Packages/com.unity.netcode.gameobjects/Runtime/Logging/ContextualLogger.cs
 0.1 kb	 0.0% Packages/com.unity.netcode.gameobjects/Runtime/Exceptions/SpawnStateException.cs
 0.1 kb	 0.0% Packages/com.unity.netcode.gameobjects/Runtime/Exceptions/NotServerException.cs
 0.1 kb	 0.0% Packages/com.unity.netcode.gameobjects/Runtime/Core/NetworkUpdateLoop.cs
 0.1 kb	 0.0% Packages/com.unity.netcode.gameobjects/Runtime/Configuration/NetworkPrefabsList.cs
 0.1 kb	 0.0% Packages/com.unity.netcode.gameobjects/Runtime/Configuration/CommandLineOptions.cs
 0.1 kb	 0.0% Packages/com.unity.netcode.gameobjects/Runtime/Components/QuaternionCompressor.cs
 0.1 kb	 0.0% Packages/com.unity.netcode.gameobjects/Runtime/Components/NetworkTransform.cs
 0.1 kb	 0.0% Packages/com.unity.netcode.gameobjects/Runtime/Components/NetworkRigidbody.cs
 0.1 kb	 0.0% Packages/com.unity.collections/Unity.Collections/UnsafeText.cs
 0.1 kb	 0.0% Packages/com.unity.collections/Unity.Collections/UnsafeStream.cs
 0.1 kb	 0.0% Packages/com.unity.collections/Unity.Collections/RewindableAllocator.cs
 0.1 kb	 0.0% Packages/com.unity.collections/Unity.Collections/FixedStringMethods.cs
 0.1 kb	 0.0% Packages/com.unity.collections/Unity.Collections/AutoFreeAllocator.cs
 0.1 kb	 0.0% Packages/com.unity.burst/Runtime/CompilerServices/AssumeRangeAttribute.cs
 0.1 kb	 0.0% Packages/com.unity.ugui/Runtime/UGUI/UI/Animation/CoroutineTween.cs
 0.1 kb	 0.0% Packages/com.unity.ugui/Runtime/UGUI/EventSystem/EventInterfaces.cs
 0.1 kb	 0.0% Packages/com.unity.ugui/Runtime/TMP/TMPro_ExtensionMethods.cs
 0.1 kb	 0.0% Packages/com.unity.ugui/Runtime/TMP/TMP_TextParsingUtilities.cs
 0.1 kb	 0.0% Packages/com.unity.ugui/Runtime/TMP/TMP_TextElement_Legacy.cs
 0.1 kb	 0.0% Packages/com.unity.ugui/Runtime/TMP/TMP_FontAssetUtilities.cs
 0.1 kb	 0.0% Packages/com.unity.ugui/Runtime/TMP/MaterialReferenceManager.cs
 0.1 kb	 0.0% Packages/com.unity.ugui/Runtime/TMP/FontFeatureCommonGSUB.cs
 0.1 kb	 0.0% Packages/com.unity.services.wire/Runtime/websocket-sharp/WebSocketFrame.cs
 0.1 kb	 0.0% Packages/com.unity.services.wire/Runtime/websocket-sharp/Server/HttpServer.cs
 0.1 kb	 0.0% Packages/com.unity.services.wire/Runtime/websocket-sharp/MessageEventArgs.cs
 0.1 kb	 0.0% Packages/com.unity.services.wire/Runtime/websocket-sharp/ErrorEventArgs.cs
 0.1 kb	 0.0% Packages/com.unity.services.wire/Runtime/websocket-sharp/CloseEventArgs.cs
 0.1 kb	 0.0% Packages/com.unity.services.wire/Runtime/Centrifuge/ProtocolSchema/Push.cs
 0.1 kb	 0.0% Packages/com.unity.services.qos/Runtime/v2/Scheduler/ThreadHelper.cs
 0.1 kb	 0.0% Packages/com.unity.services.qos/Runtime/v2/Models/QosDiscoveryIOneOf.cs
 0.1 kb	 0.0% Packages/com.unity.services.qos/Runtime/v2/Http/AsyncOpRetry.cs
 0.1 kb	 0.0% Packages/com.unity.services.qos/Runtime/v2/Configuration/Configuration.cs
 0.1 kb	 0.0% Packages/com.unity.services.qos/Runtime/Models/QosDiscoveryIOneOf.cs
 0.1 kb	 0.0% Packages/com.unity.services.qos/Runtime/Http/ResponseHandler.cs
 0.1 kb	 0.0% Packages/com.unity.services.qos/Runtime/Http/IDeserializable.cs
 0.1 kb	 0.0% Packages/com.unity.services.qos/Runtime/Http/HttpException.cs
 0.1 kb	 0.0% Packages/com.unity.services.qos/Runtime/Http/BaseApiClient.cs
 0.1 kb	 0.0% Packages/com.unity.services.multiplayer/Runtime/Relay/Models/RelayIOneOf.cs
 0.1 kb	 0.0% Packages/com.unity.services.multiplayer/Runtime/Matchmaker/Models/Player.cs
 0.1 kb	 0.0% Packages/com.unity.services.multiplayer/Runtime/Matchmaker/Models/Override.cs
 0.1 kb	 0.0% Packages/com.unity.services.multiplayer/Runtime/Matchmaker/Http/Responses.cs
 0.1 kb	 0.0% Packages/com.unity.services.multiplayer/Runtime/Lobbies/SDK/LobbyUpdates/LobbyValue.cs
 0.1 kb	 0.0% Packages/com.unity.services.multiplayer/Runtime/Lobbies/SDK/LobbyUpdates/ILobbyEvents.cs
 0.1 kb	 0.0% Packages/com.unity.services.multiplayer/Runtime/Lobbies/SDK/LobbyService.cs
 0.1 kb	 0.0% Packages/com.unity.services.multiplayer/Runtime/Lobbies/SDK/LobbyCacher/LobbyCacher.cs
 0.1 kb	 0.0% Packages/com.unity.services.multiplayer/Runtime/Lobbies/Models/Player.cs
 0.1 kb	 0.0% Packages/com.unity.services.multiplayer/Runtime/Lobbies/Models/Lobby.cs
 0.1 kb	 0.0% Packages/com.unity.services.multiplayer/Runtime/Lobbies/Models/IOneOf.cs
 0.1 kb	 0.0% Packages/com.unity.services.multiplayer/Runtime/Lobbies/Models/Detail.cs
 0.1 kb	 0.0% Packages/com.unity.services.core/Runtime/Core.Internal/Components/Vivox/IVivox.cs
 0.1 kb	 0.0% Packages/com.unity.netcode.gameobjects/Runtime/Messaging/Messages/MessageMetadata.cs
 0.1 kb	 0.0% Packages/com.unity.collections/Unity.Collections/UnsafeQueue.cs
 0.1 kb	 0.0% Packages/com.unity.collections/Unity.Collections/NativeHashMap.cs
 0.1 kb	 0.0% Packages/com.unity.collections/Unity.Collections/FixedStringFormat.gen.cs
 0.1 kb	 0.0% Packages/com.unity.collections/Unity.Collections/FixedString.gen.cs
 0.1 kb	 0.0% Packages/com.unity.ugui/Runtime/UGUI/UI/Core/SetPropertyUtility.cs
 0.1 kb	 0.0% Packages/com.unity.ugui/Runtime/UGUI/UI/Core/MaterialModifiers/IMaterialModifier.cs
 0.1 kb	 0.0% Packages/com.unity.ugui/Runtime/UGUI/UI/Core/Layout/VerticalLayoutGroup.cs
 0.1 kb	 0.0% Packages/com.unity.ugui/Runtime/UGUI/UI/Core/Layout/ContentSizeFitter.cs
 0.1 kb	 0.0% Packages/com.unity.ugui/Runtime/UGUI/UI/Core/Layout/AspectRatioFitter.cs
 0.1 kb	 0.0% Packages/com.unity.ugui/Runtime/UGUI/UI/Core/FontUpdateTracker.cs
 0.1 kb	 0.0% Packages/com.unity.ugui/Runtime/UGUI/UI/Core/CanvasUpdateRegistry.cs
 0.1 kb	 0.0% Packages/com.unity.ugui/Runtime/UGUI/UI/Core/AnimationTriggers.cs
 0.1 kb	 0.0% Packages/com.unity.ugui/Runtime/UGUI/EventSystem/Raycasters/PhysicsRaycaster.cs
 0.1 kb	 0.0% Packages/com.unity.ugui/Runtime/UGUI/EventSystem/Raycasters/BaseRaycaster.cs
 0.1 kb	 0.0% Packages/com.unity.ugui/Runtime/UGUI/EventSystem/RaycasterManager.cs
 0.1 kb	 0.0% Packages/com.unity.ugui/Runtime/UGUI/EventSystem/RaycastResult.cs
 0.1 kb	 0.0% Packages/com.unity.ugui/Runtime/UGUI/EventSystem/InputModules/TouchInputModule.cs
 0.1 kb	 0.0% Packages/com.unity.ugui/Runtime/UGUI/EventSystem/InputModules/BaseInputModule.cs
 0.1 kb	 0.0% Packages/com.unity.ugui/Runtime/UGUI/EventSystem/ExecuteEvents.cs
 0.1 kb	 0.0% Packages/com.unity.ugui/Runtime/UGUI/EventSystem/EventData/PointerEventData.cs
 0.1 kb	 0.0% Packages/com.unity.ugui/Runtime/UGUI/EventSystem/EventData/BaseEventData.cs
 0.1 kb	 0.0% Packages/com.unity.ugui/Runtime/UGUI/EventSystem/EventData/AxisEventData.cs
 0.1 kb	 0.0% Packages/com.unity.ugui/Runtime/TMP/TMP_TextProcessingStack.cs
 0.1 kb	 0.0% Packages/com.unity.ugui/Runtime/TMP/TMP_FontFeaturesCommon.cs
 0.1 kb	 0.0% Packages/com.unity.transport/Runtime/SHA256.cs
 0.1 kb	 0.0% Packages/com.unity.transport/Runtime/Layers/TopLayer.cs
 0.1 kb	 0.0% Packages/com.unity.transport/Runtime/Layers/TLSLayer.cs
 0.1 kb	 0.0% Packages/com.unity.transport/Runtime/Layers/LogLayer.cs
 0.1 kb	 0.0% Packages/com.unity.services.wire/Runtime/websocket-sharp/Net/HttpVersion.cs
 0.1 kb	 0.0% Packages/com.unity.services.wire/Runtime/websocket-sharp/Net/HttpUtility.cs
 0.1 kb	 0.0% Packages/com.unity.services.wire/Runtime/websocket-sharp/Net/HttpListener.cs
 0.1 kb	 0.0% Packages/com.unity.services.wire/Runtime/websocket-sharp/Net/ChunkStream.cs
 0.1 kb	 0.0% Packages/com.unity.services.wire/Runtime/Utils/Logger.cs
 0.1 kb	 0.0% Packages/com.unity.services.wire/Runtime/Centrifuge/Client.cs
 0.1 kb	 0.0% Packages/com.unity.services.qos/Runtime/v2/Models/QosServer.cs
 0.1 kb	 0.0% Packages/com.unity.services.qos/Runtime/v2/Http/JsonObject.cs
 0.1 kb	 0.0% Packages/com.unity.services.qos/Runtime/v2/Http/JsonHelpers.cs
 0.1 kb	 0.0% Packages/com.unity.services.qos/Runtime/v2/Http/IHttpClient.cs
 0.1 kb	 0.0% Packages/com.unity.services.qos/Runtime/v2/Http/HttpClient.cs
 0.1 kb	 0.0% Packages/com.unity.services.qos/Runtime/Scheduler/ThreadHelper.cs
 0.1 kb	 0.0% Packages/com.unity.services.qos/Runtime/Runner/NetworkEndPoint.cs
 0.1 kb	 0.0% Packages/com.unity.services.qos/Runtime/Runner/IQosRunner.cs
 0.1 kb	 0.0% Packages/com.unity.services.qos/Runtime/Models/QosServer.cs
 0.1 kb	 0.0% Packages/com.unity.services.qos/Runtime/Models/KeyValuePair.cs
 0.1 kb	 0.0% Packages/com.unity.services.qos/Runtime/Http/AsyncOpRetry.cs
 0.1 kb	 0.0% Packages/com.unity.services.qos/Runtime/Configuration/Configuration.cs
 0.1 kb	 0.0% Packages/com.unity.services.multiplayer/Runtime/Relay/SDK/RelayService.cs
 0.1 kb	 0.0% Packages/com.unity.services.multiplayer/Runtime/Relay/Models/Region.cs
 0.1 kb	 0.0% Packages/com.unity.services.multiplayer/Runtime/Relay/Models/JoinData.cs
 0.1 kb	 0.0% Packages/com.unity.services.multiplayer/Runtime/Multiplayer/Utils/Logger.cs
 0.1 kb	 0.0% Packages/com.unity.services.multiplayer/Runtime/Multiplayer/Utils/JWT/BaseJwt.cs
 0.1 kb	 0.0% Packages/com.unity.services.multiplayer/Runtime/Multiplayer/Session/Models/Player/Player.cs
 0.1 kb	 0.0% Packages/com.unity.services.multiplayer/Runtime/Multiplayer/Session/Models/Player/IPlayer.cs
 0.1 kb	 0.0% Packages/com.unity.services.multiplayer/Runtime/Multiplayer/Modules/IModule.cs
 0.1 kb	 0.0% Packages/com.unity.services.multiplayer/Runtime/Lobbies/Http/Responses.cs
 0.1 kb	 0.0% Packages/com.unity.services.multiplayer/Runtime/Lobbies/Http/IError.cs
 0.1 kb	 0.0% Packages/com.unity.services.core/Runtime/Core/Utils/UnityThreadUtils.cs
 0.1 kb	 0.0% Packages/com.unity.services.core/Runtime/Core/UnityServices.cs
 0.1 kb	 0.0% Packages/com.unity.services.core/Runtime/Core/IUnityServices.cs
 0.1 kb	 0.0% Packages/com.unity.services.core/Runtime/Core/CommonErrorCodes.cs
 0.1 kb	 0.0% Packages/com.unity.services.core/Runtime/Core.Internal/Components/Wire/IWire.cs
 0.1 kb	 0.0% Packages/com.unity.services.core/Runtime/Core.Internal/Components/Wire/IChannel.cs
 0.1 kb	 0.0% Packages/com.unity.services.authentication/Runtime/Models/Responses/User.cs
 0.1 kb	 0.0% Packages/com.unity.netcode.gameobjects/Runtime/Transports/NetworkTransport.cs
 0.1 kb	 0.0% Packages/com.unity.netcode.gameobjects/Runtime/Timing/RealTimeProvider.cs
 0.1 kb	 0.0% Packages/com.unity.netcode.gameobjects/Runtime/Serialization/IReaderWriter.cs
 0.1 kb	 0.0% Packages/com.unity.netcode.gameobjects/Runtime/Serialization/FastBufferWriter.cs
 0.1 kb	 0.0% Packages/com.unity.netcode.gameobjects/Runtime/Serialization/FastBufferReader.cs
 0.1 kb	 0.0% Packages/com.unity.netcode.gameobjects/Runtime/SceneManagement/SceneEventData.cs
 0.1 kb	 0.0% Packages/com.unity.netcode.gameobjects/Runtime/Profiling/ProfilingHooks.cs
 0.1 kb	 0.0% Packages/com.unity.netcode.gameobjects/Runtime/Metrics/INetworkMetrics.cs
 0.1 kb	 0.0% Packages/com.unity.netcode.gameobjects/Runtime/Messaging/RpcTargets/ServerRpcTarget.cs
 0.1 kb	 0.0% Packages/com.unity.netcode.gameobjects/Runtime/Messaging/RpcTargets/RpcTargetGroup.cs
 0.1 kb	 0.0% Packages/com.unity.netcode.gameobjects/Runtime/Messaging/RpcTargets/ProxyRpcTarget.cs
 0.1 kb	 0.0% Packages/com.unity.netcode.gameobjects/Runtime/Messaging/RpcTargets/OwnerRpcTarget.cs
 0.1 kb	 0.0% Packages/com.unity.netcode.gameobjects/Runtime/Messaging/RpcTargets/NotMeRpcTarget.cs
 0.1 kb	 0.0% Packages/com.unity.netcode.gameobjects/Runtime/Messaging/RpcTargets/IGroupRpcTarget.cs
 0.1 kb	 0.0% Packages/com.unity.netcode.gameobjects/Runtime/Messaging/RpcTargets/BaseRpcTarget.cs
 0.1 kb	 0.0% Packages/com.unity.netcode.gameobjects/Runtime/Messaging/NetworkContext.cs
 0.1 kb	 0.0% Packages/com.unity.netcode.gameobjects/Runtime/Messaging/Messages/UnnamedMessage.cs
 0.1 kb	 0.0% Packages/com.unity.netcode.gameobjects/Runtime/Messaging/Messages/TimeSyncMessage.cs
 0.1 kb	 0.0% Packages/com.unity.netcode.gameobjects/Runtime/Messaging/Messages/ServerLogMessage.cs
 0.1 kb	 0.0% Packages/com.unity.netcode.gameobjects/Runtime/Messaging/Messages/RpcMessages.cs
 0.1 kb	 0.0% Packages/com.unity.netcode.gameobjects/Runtime/Messaging/INetworkMessage.cs
 0.1 kb	 0.0% Packages/com.unity.netcode.gameobjects/Runtime/Messaging/INetworkHooks.cs
 0.1 kb	 0.0% Packages/com.unity.netcode.gameobjects/Runtime/Logging/LogContext/LogContext.cs
 0.1 kb	 0.0% Packages/com.unity.netcode.gameobjects/Runtime/Core/NetworkObject.cs
 0.1 kb	 0.0% Packages/com.unity.netcode.gameobjects/Runtime/Core/NetworkManager.cs
 0.1 kb	 0.0% Packages/com.unity.netcode.gameobjects/Runtime/Core/NetworkBehaviour.cs
 0.1 kb	 0.0% Packages/com.unity.netcode.gameobjects/Runtime/Core/ComponentFactory.cs
 0.1 kb	 0.0% Packages/com.unity.netcode.gameobjects/Runtime/Connection/PendingClient.cs
 0.1 kb	 0.0% Packages/com.unity.netcode.gameobjects/Runtime/Connection/NetworkClient.cs
 0.1 kb	 0.0% Packages/com.unity.netcode.gameobjects/Runtime/Configuration/SessionConfig.cs
 0.1 kb	 0.0% Packages/com.unity.netcode.gameobjects/Runtime/Configuration/NetworkPrefabs.cs
 0.1 kb	 0.0% Packages/com.unity.netcode.gameobjects/Runtime/Configuration/NetworkPrefab.cs
 0.1 kb	 0.0% Packages/com.unity.netcode.gameobjects/Runtime/Configuration/NetworkConstants.cs
 0.1 kb	 0.0% Packages/com.unity.netcode.gameobjects/Runtime/Configuration/NetworkConfig.cs
 0.1 kb	 0.0% Packages/com.unity.netcode.gameobjects/Runtime/Components/HalfVector4.cs
 0.1 kb	 0.0% Packages/com.unity.netcode.gameobjects/Runtime/Components/HalfVector3.cs
 0.1 kb	 0.0% Packages/com.unity.collections/Unity.Collections/xxHash3.StreamingState.cs
 0.1 kb	 0.0% Packages/com.unity.collections/Unity.Collections/NativeSort.cs
 0.1 kb	 0.0% Packages/com.unity.collections/Unity.Collections/NativeBitArray.cs
 0.1 kb	 0.0% Packages/com.unity.collections/Unity.Collections/ListExtensions.cs
 0.1 kb	 0.0% Packages/com.unity.collections/Unity.Collections/Jobs/IJobParallelForDefer.cs
 0.1 kb	 0.0% Packages/com.unity.collections/Unity.Collections/Jobs/IJobParallelForBatch.cs
 0.1 kb	 0.0% Packages/com.unity.collections/Unity.Collections/FixedStringUtils.cs
 0.1 kb	 0.0% Packages/com.unity.collections/Unity.Collections/DataStreamWriter.cs
 0.1 kb	 0.0% Packages/com.unity.collections/Unity.Collections/DataStreamReader.cs
 0.1 kb	 0.0% Packages/com.unity.collections/Unity.Collections/ConcurrentMask.cs
 0.1 kb	 0.0% Packages/com.unity.collections/Unity.Collections/CollectionHelper.cs
 0.1 kb	 0.0% Packages/com.unity.collections/Unity.Collections/AllocatorManager.cs
 0.1 kb	 0.0% Packages/com.unity.burst/Runtime/SafeStringArrayHelper.cs
 0.1 kb	 0.0% Packages/com.unity.burst/Runtime/Editor/BurstEditorOptions.cs
 0.1 kb	 0.0% Packages/com.unity.burst/Runtime/Editor/BurstCompileTarget.cs
 0.1 kb	 0.0% Packages/com.unity.burst/Runtime/Editor/BurstAssemblyDisable.cs
 0.1 kb	 0.0% Packages/com.unity.burst/Runtime/BurstCompileAttribute.cs
 0.1 kb	 0.0% Packages/com.unity.ugui/Runtime/TMP/TMPro_EventManager.cs
 0.1 kb	 0.0% Packages/com.unity.ugui/Runtime/TMP/TMP_UpdateRegistery.cs
 0.1 kb	 0.0% Packages/com.unity.ugui/Runtime/TMP/TMP_UpdateManager.cs
 0.1 kb	 0.0% Packages/com.unity.ugui/Runtime/TMP/TMP_TextUtilities.cs
 0.1 kb	 0.0% Packages/com.unity.ugui/Runtime/TMP/TMP_TextProcessingCommon.cs
 0.1 kb	 0.0% Packages/com.unity.ugui/Runtime/TMP/TMP_SpriteCharacter.cs
 0.1 kb	 0.0% Packages/com.unity.ugui/Runtime/TMP/TMP_SpriteAnimator.cs
 0.1 kb	 0.0% Packages/com.unity.ugui/Runtime/TMP/TMP_SelectionCaret.cs
 0.1 kb	 0.0% Packages/com.unity.ugui/Runtime/TMP/TMP_ResourcesManager.cs
 0.1 kb	 0.0% Packages/com.unity.ugui/Runtime/TMP/TMP_MaterialManager.cs
 0.1 kb	 0.0% Packages/com.unity.ugui/Runtime/TMP/TMP_InputValidator.cs
 0.1 kb	 0.0% Packages/com.unity.ugui/Runtime/TMP/TMP_FontFeatureTable.cs
 0.1 kb	 0.0% Packages/com.unity.ugui/Runtime/TMP/TMP_DefaultControls.cs
 0.1 kb	 0.0% Packages/com.unity.ugui/Runtime/TMP/TMP_Compatibility.cs
 0.1 kb	 0.0% Packages/com.unity.ugui/Runtime/TMP/TMP_ColorGradient.cs
 0.1 kb	 0.0% Packages/com.unity.ugui/Runtime/TMP/TMP_CharacterInfo.cs
 0.1 kb	 0.0% Packages/com.unity.ugui/Runtime/TMP/ITextPreProcessor.cs
 0.1 kb	 0.0% Packages/com.unity.ugui/Runtime/TMP/FontFeatureCommonGPOS.cs
 0.1 kb	 0.0% Packages/com.unity.ugui/Runtime/InternalBridge/TMPHelpURL.cs
 0.1 kb	 0.0% Packages/com.unity.services.wire/Runtime/websocket-sharp/WebSocket.cs
 0.1 kb	 0.0% Packages/com.unity.services.wire/Runtime/websocket-sharp/PayloadData.cs
 0.1 kb	 0.0% Packages/com.unity.services.wire/Runtime/websocket-sharp/HttpResponse.cs
 0.1 kb	 0.0% Packages/com.unity.services.wire/Runtime/websocket-sharp/HttpRequest.cs
 0.1 kb	 0.0% Packages/com.unity.services.qos/Runtime/Runner/InternalQosServer.cs
 0.1 kb	 0.0% Packages/com.unity.services.qos/Runtime/Http/JsonObject.cs
 0.1 kb	 0.0% Packages/com.unity.services.qos/Runtime/Http/JsonHelpers.cs
 0.1 kb	 0.0% Packages/com.unity.services.qos/Runtime/Http/IHttpClient.cs
 0.1 kb	 0.0% Packages/com.unity.services.qos/Runtime/Http/HttpClient.cs
 0.1 kb	 0.0% Packages/com.unity.services.multiplayer/Runtime/Relay/Http/Responses.cs
 0.1 kb	 0.0% Packages/com.unity.services.multiplayer/Runtime/Matchmaker/Models/Team.cs
 0.1 kb	 0.0% Packages/com.unity.services.multiplayer/Runtime/Lobbies/SDK/LobbyUpdates/LobbyEventCallbacks.cs
 0.1 kb	 0.0% Packages/com.unity.netcode.gameobjects/Runtime/Messaging/RpcAttributes.cs
 0.1 kb	 0.0% Packages/com.unity.collections/Unity.Collections/NativeText.gen.cs
 0.1 kb	 0.0% Packages/com.unity.collections/Unity.Collections/FixedList.gen.cs
 0.1 kb	 0.0% Packages/com.unity.ugui/Runtime/UGUI/UI/Core/VertexModifiers/PositionAsUV1.cs
 0.1 kb	 0.0% Packages/com.unity.ugui/Runtime/UGUI/UI/Core/VertexModifiers/IMeshModifier.cs
 0.1 kb	 0.0% Packages/com.unity.ugui/Runtime/UGUI/UI/Core/VertexModifiers/BaseMeshEffect.cs
 0.1 kb	 0.0% Packages/com.unity.ugui/Runtime/UGUI/UI/Core/StencilMaterial.cs
 0.1 kb	 0.0% Packages/com.unity.ugui/Runtime/UGUI/UI/Core/RaycastReceiver.cs
 0.1 kb	 0.0% Packages/com.unity.ugui/Runtime/UGUI/UI/Core/MaskableGraphic.cs
 0.1 kb	 0.0% Packages/com.unity.ugui/Runtime/UGUI/UI/Core/MaskUtilities.cs
 0.1 kb	 0.0% Packages/com.unity.ugui/Runtime/UGUI/UI/Core/Layout/LayoutUtility.cs
 0.1 kb	 0.0% Packages/com.unity.ugui/Runtime/UGUI/UI/Core/Layout/LayoutRebuilder.cs
 0.1 kb	 0.0% Packages/com.unity.ugui/Runtime/UGUI/UI/Core/Layout/LayoutElement.cs
 0.1 kb	 0.0% Packages/com.unity.ugui/Runtime/UGUI/UI/Core/Layout/ILayoutElement.cs
 0.1 kb	 0.0% Packages/com.unity.ugui/Runtime/UGUI/UI/Core/Layout/GridLayoutGroup.cs
 0.1 kb	 0.0% Packages/com.unity.ugui/Runtime/UGUI/UI/Core/GraphicRegistry.cs
 0.1 kb	 0.0% Packages/com.unity.ugui/Runtime/UGUI/UI/Core/GraphicRaycaster.cs
 0.1 kb	 0.0% Packages/com.unity.ugui/Runtime/UGUI/UI/Core/DefaultControls.cs
 0.1 kb	 0.0% Packages/com.unity.ugui/Runtime/UGUI/UI/Core/Culling/ClipperRegistry.cs
 0.1 kb	 0.0% Packages/com.unity.ugui/Runtime/UGUI/EventSystem/UIBehaviour.cs
 0.1 kb	 0.0% Packages/com.unity.ugui/Runtime/UGUI/EventSystem/InputModules/BaseInput.cs
 0.1 kb	 0.0% Packages/com.unity.ugui/Runtime/UGUI/EventSystem/EventTrigger.cs
 0.1 kb	 0.0% Packages/com.unity.ugui/Runtime/UGUI/EventSystem/EventSystem.cs
 0.1 kb	 0.0% Packages/com.unity.ugui/Runtime/TMP/TMPro_MeshUtilities.cs
 0.1 kb	 0.0% Packages/com.unity.ugui/Runtime/TMP/TMP_ShaderUtilities.cs
 0.1 kb	 0.0% Packages/com.unity.ugui/Runtime/TMP/TMP_RichTextTagsCommon.cs
 0.1 kb	 0.0% Packages/com.unity.ugui/Runtime/TMP/TMP_FontAssetCommon.cs
 0.1 kb	 0.0% Packages/com.unity.services.wire/Runtime/websocket-sharp/Net/Cookie.cs
 0.1 kb	 0.0% Packages/com.unity.services.wire/Runtime/websocket-sharp/Net/Chunk.cs
 0.1 kb	 0.0% Packages/com.unity.services.qos/Runtime/v2/Http/Responses.cs
 0.1 kb	 0.0% Packages/com.unity.services.qos/Runtime/Runner/UcgQosServer.cs
 0.1 kb	 0.0% Packages/com.unity.services.qos/Runtime/Runner/QosResponse.cs
 0.1 kb	 0.0% Packages/com.unity.services.qos/Runtime/Runner/QosRequest.cs
 0.1 kb	 0.0% Packages/com.unity.services.qos/Runtime/Runner/QosHelper.cs
 0.1 kb	 0.0% Packages/com.unity.services.qos/Runtime/Runner/IQosJob.cs
 0.1 kb	 0.0% Packages/com.unity.services.qos/Runtime/QosService.cs
 0.1 kb	 0.0% Packages/com.unity.services.qos/Runtime/Core/QosResults.cs
 0.1 kb	 0.0% Packages/com.unity.services.core/Runtime/Core/CoreResetter.cs
 0.1 kb	 0.0% Packages/com.unity.netcode.gameobjects/Runtime/Timing/NetworkTime.cs
 0.1 kb	 0.0% Packages/com.unity.netcode.gameobjects/Runtime/Serialization/MemoryStructures/UIntFloat.cs
 0.1 kb	 0.0% Packages/com.unity.netcode.gameobjects/Runtime/Serialization/ByteUtility.cs
 0.1 kb	 0.0% Packages/com.unity.netcode.gameobjects/Runtime/Serialization/ByteUnpacker.cs
 0.1 kb	 0.0% Packages/com.unity.netcode.gameobjects/Runtime/Serialization/BytePacker.cs
 0.1 kb	 0.0% Packages/com.unity.netcode.gameobjects/Runtime/Serialization/BitWriter.cs
 0.1 kb	 0.0% Packages/com.unity.netcode.gameobjects/Runtime/Serialization/BitReader.cs
 0.1 kb	 0.0% Packages/com.unity.netcode.gameobjects/Runtime/Serialization/BitCounter.cs
 0.1 kb	 0.0% Packages/com.unity.netcode.gameobjects/Runtime/Serialization/Arithmetic.cs
 0.1 kb	 0.0% Packages/com.unity.netcode.gameobjects/Runtime/Metrics/MetricHooks.cs
 0.1 kb	 0.0% Packages/com.unity.netcode.gameobjects/Runtime/Messaging/RpcTargets/RpcTarget.cs
 0.1 kb	 0.0% Packages/com.unity.netcode.gameobjects/Runtime/Messaging/RpcParams.cs
 0.1 kb	 0.0% Packages/com.unity.netcode.gameobjects/Runtime/Messaging/Messages/ProxyMessage.cs
 0.1 kb	 0.0% Packages/com.unity.netcode.gameobjects/Runtime/Messaging/Messages/NamedMessage.cs
 0.1 kb	 0.0% Packages/com.unity.netcode.gameobjects/Runtime/Logging/NetworkLog.cs
 0.1 kb	 0.0% Packages/com.unity.netcode.gameobjects/Runtime/Logging/LogBuilder.cs
 0.1 kb	 0.0% Packages/com.unity.netcode.gameobjects/Runtime/HelpUrls.cs
 0.1 kb	 0.0% Packages/com.unity.netcode.gameobjects/Runtime/Core/FindObjects.cs
 0.1 kb	 0.0% Packages/com.unity.collections/Unity.Collections/UIntFloat.cs
 0.1 kb	 0.0% Packages/com.unity.collections/Unity.Collections/NativeStream.cs
 0.1 kb	 0.0% Packages/com.unity.collections/Unity.Collections/Jobs/EarlyInitHelpers.cs
 0.1 kb	 0.0% Packages/com.unity.burst/Runtime/Intrinsics/SimdDebugViews.cs
 0.1 kb	 0.0% Packages/com.unity.burst/Runtime/Editor/BurstReflection.cs
 0.1 kb	 0.0% Packages/com.unity.burst/Runtime/BurstCompilerOptions.cs
 0.1 kb	 0.0% Assets/PaperTrails/Core/GameSimulation.cs
 0.1 kb	 0.0% Packages/com.unity.ugui/Runtime/TMP/TextMeshProUGUI.cs
 0.1 kb	 0.0% Packages/com.unity.ugui/Runtime/TMP/TextContainer.cs
 0.1 kb	 0.0% Packages/com.unity.ugui/Runtime/TMP/TMP_TextElement.cs
 0.1 kb	 0.0% Packages/com.unity.ugui/Runtime/TMP/TMP_SubMeshUI.cs
 0.1 kb	 0.0% Packages/com.unity.ugui/Runtime/TMP/TMP_StyleSheet.cs
 0.1 kb	 0.0% Packages/com.unity.ugui/Runtime/TMP/TMP_SpriteGlyph.cs
 0.1 kb	 0.0% Packages/com.unity.ugui/Runtime/TMP/TMP_SpriteAsset.cs
 0.1 kb	 0.0% Packages/com.unity.ugui/Runtime/TMP/TMP_InputField.cs
 0.1 kb	 0.0% Packages/com.unity.ugui/Runtime/TMP/TMP_FontAsset.cs
 0.1 kb	 0.0% Packages/com.unity.ugui/Runtime/TMP/TMP_CoroutineTween.cs
 0.1 kb	 0.0% Packages/com.unity.ugui/Runtime/TMP/TMP_Character.cs
 0.1 kb	 0.0% Packages/com.unity.services.wire/Runtime/websocket-sharp/Logger.cs
 0.1 kb	 0.0% Packages/com.unity.services.wire/Runtime/websocket-sharp/LogData.cs
 0.1 kb	 0.0% Packages/com.unity.services.wire/Runtime/websocket-sharp/HttpBase.cs
 0.1 kb	 0.0% Packages/com.unity.services.qos/Runtime/Http/Responses.cs
 0.1 kb	 0.0% Packages/com.unity.collections/Unity.Collections/xxHash3.AVX2.cs
 0.1 kb	 0.0% Packages/com.unity.burst/Runtime/Intrinsics/Arm/NEON_AArch64_rdma.cs
 0.1 kb	 0.0% Packages/com.unity.burst/Runtime/Intrinsics/Arm/NEON_AArch64_dotprod.cs
 0.1 kb	 0.0% Packages/com.unity.burst/Runtime/Intrinsics/Arm/NEON_AArch64_crypto.cs
 0.1 kb	 0.0% Assets/PaperTrails/Runtime/PreviewStudio.cs
 0.1 kb	 0.0% Assets/PaperTrails/Runtime/PaperTrailsApp.cs
 0.1 kb	 0.0% Packages/com.unity.ugui/Runtime/UGUI/UI/Core/Utility/VertexHelper.cs
 0.1 kb	 0.0% Packages/com.unity.ugui/Runtime/UGUI/UI/Core/ToggleGroup.cs
 0.1 kb	 0.0% Packages/com.unity.ugui/Runtime/UGUI/UI/Core/SpriteState.cs
 0.1 kb	 0.0% Packages/com.unity.ugui/Runtime/UGUI/UI/Core/Selectable.cs
 0.1 kb	 0.0% Packages/com.unity.ugui/Runtime/UGUI/UI/Core/Scrollbar.cs
 0.1 kb	 0.0% Packages/com.unity.ugui/Runtime/UGUI/UI/Core/ScrollRect.cs
 0.1 kb	 0.0% Packages/com.unity.ugui/Runtime/UGUI/UI/Core/RectMask2D.cs
 0.1 kb	 0.0% Packages/com.unity.ugui/Runtime/UGUI/UI/Core/Navigation.cs
 0.1 kb	 0.0% Packages/com.unity.ugui/Runtime/UGUI/UI/Core/Layout/LayoutGroup.cs
 0.1 kb	 0.0% Packages/com.unity.ugui/Runtime/UGUI/UI/Core/Layout/CanvasScaler.cs
 0.1 kb	 0.0% Packages/com.unity.ugui/Runtime/UGUI/UI/Core/InputField.cs
 0.1 kb	 0.0% Packages/com.unity.ugui/Runtime/UGUI/UI/Core/IMaskable.cs
 0.1 kb	 0.0% Packages/com.unity.ugui/Runtime/UGUI/UI/Core/ColorBlock.cs
 0.1 kb	 0.0% Packages/com.unity.services.qos/Runtime/Runner/QosJob.cs
 0.1 kb	 0.0% Packages/com.unity.services.core/Runtime/Core/IService.cs
 0.1 kb	 0.0% Packages/com.unity.netcode.gameobjects/Runtime/Serialization/MemoryStructures/ByteBool.cs
 0.1 kb	 0.0% Packages/com.unity.netcode.gameobjects/Runtime/Messaging/MessageDelivery.cs
 0.1 kb	 0.0% Packages/com.unity.netcode.gameobjects/Runtime/Hashing/XXHash.cs
 0.1 kb	 0.0% Packages/com.unity.netcode.gameobjects/Runtime/Components/Helpers/AttachableNode.cs
 0.1 kb	 0.0% Packages/com.unity.collections/Unity.Collections/xxHash3.cs
 0.1 kb	 0.0% Packages/com.unity.collections/Unity.Collections/Unicode.cs
 0.1 kb	 0.0% Packages/com.unity.collections/Unity.Collections/Memory.cs
 0.1 kb	 0.0% Packages/com.unity.collections/Unity.Collections/Jobs/IJobFilter.cs
 0.1 kb	 0.0% Packages/com.unity.collections/Unity.Collections/BitField.cs
 0.1 kb	 0.0% Packages/com.unity.burst/Runtime/NoAliasAttribute.cs
 0.1 kb	 0.0% Packages/com.unity.burst/Runtime/FunctionPointer.cs
 0.1 kb	 0.0% Packages/com.unity.burst/Runtime/Editor/BurstLoader.cs
 0.1 kb	 0.0% Packages/com.unity.burst/Runtime/CompilerServices/Constant.cs
 0.1 kb	 0.0% Packages/com.unity.burst/Runtime/CompilerServices/Aliasing.cs
 0.1 kb	 0.0% Packages/com.unity.burst/Runtime/BurstString.Float.cs
 0.1 kb	 0.0% Packages/com.unity.burst/Runtime/BurstCompiler.cs
 0.1 kb	 0.0% Assets/PaperTrails/Core/SmoothGrid.cs
 0.1 kb	 0.0% Packages/com.unity.ugui/Runtime/UGUI/UI/Core/Culling/IClipRegion.cs
 0.1 kb	 0.0% Packages/com.unity.ugui/Runtime/TMP/TextMeshPro.cs
 0.1 kb	 0.0% Packages/com.unity.ugui/Runtime/TMP/TMP_TextInfo.cs
 0.1 kb	 0.0% Packages/com.unity.ugui/Runtime/TMP/TMP_SubMesh.cs
 0.1 kb	 0.0% Packages/com.unity.ugui/Runtime/TMP/TMP_Style.cs
 0.1 kb	 0.0% Packages/com.unity.ugui/Runtime/TMP/TMP_Sprite.cs
 0.1 kb	 0.0% Packages/com.unity.ugui/Runtime/TMP/TMP_Settings.cs
 0.1 kb	 0.0% Packages/com.unity.ugui/Runtime/TMP/TMP_MeshInfo.cs
 0.1 kb	 0.0% Packages/com.unity.ugui/Runtime/TMP/TMP_LineInfo.cs
 0.1 kb	 0.0% Packages/com.unity.ugui/Runtime/TMP/TMP_Dropdown.cs
 0.1 kb	 0.0% Packages/com.unity.ugui/Runtime/TMP/TMP_Asset.cs
 0.1 kb	 0.0% Packages/com.unity.ugui/Runtime/TMP/FastAction.cs
 0.1 kb	 0.0% Packages/com.unity.services.wire/Runtime/websocket-sharp/Ext.cs
 0.1 kb	 0.0% Packages/com.unity.services.multiplayer/Runtime/Lobbies/SDK/LobbyUpdates/Internal/LobbyPatcher.cs
 0.1 kb	 0.0% Packages/com.unity.burst/Runtime/Intrinsics/Common.cs
 0.1 kb	 0.0% Packages/com.unity.burst/Runtime/Intrinsics/Arm/NEON_ctor.cs
 0.1 kb	 0.0% Packages/com.unity.burst/Runtime/Intrinsics/Arm/NEON_AArch64.cs
 0.1 kb	 0.0% Assets/PaperTrails/Runtime/WireState.cs
 0.1 kb	 0.0% Assets/PaperTrails/Runtime/SoundBank.cs
 0.1 kb	 0.0% Assets/PaperTrails/Runtime/SkinFactory.cs
 0.1 kb	 0.0% Assets/PaperTrails/Runtime/RelaySession.cs
 0.1 kb	 0.0% Assets/PaperTrails/Runtime/PacketCodec.cs
 0.1 kb	 0.0% Assets/PaperTrails/Runtime/LanSession.cs
 0.1 kb	 0.0% Assets/PaperTrails/Runtime/IGameSession.cs
 0.1 kb	 0.0% Packages/com.unity.ugui/Runtime/UGUI/UI/Core/VertexModifiers/Shadow.cs
 0.1 kb	 0.0% Packages/com.unity.ugui/Runtime/UGUI/UI/Core/VertexModifiers/Outline.cs
 0.1 kb	 0.0% Packages/com.unity.ugui/Runtime/UGUI/UI/Core/Toggle.cs
 0.1 kb	 0.0% Packages/com.unity.ugui/Runtime/UGUI/UI/Core/Slider.cs
 0.1 kb	 0.0% Packages/com.unity.ugui/Runtime/UGUI/UI/Core/RawImage.cs
 0.1 kb	 0.0% Packages/com.unity.ugui/Runtime/UGUI/UI/Core/Image.cs
 0.1 kb	 0.0% Packages/com.unity.ugui/Runtime/UGUI/UI/Core/IMask.cs
 0.1 kb	 0.0% Packages/com.unity.ugui/Runtime/UGUI/UI/Core/Graphic.cs
 0.1 kb	 0.0% Packages/com.unity.ugui/Runtime/UGUI/UI/Core/FontData.cs
 0.1 kb	 0.0% Packages/com.unity.ugui/Runtime/UGUI/UI/Core/Dropdown.cs
 0.1 kb	 0.0% Packages/com.unity.ugui/Runtime/UGUI/UI/Core/Culling/Clipping.cs
 0.1 kb	 0.0% Packages/com.unity.ugui/Runtime/UGUI/UI/Core/Button.cs
 0.1 kb	 0.0% Packages/com.unity.burst/Runtime/SharedStatic.cs
 0.1 kb	 0.0% Packages/com.unity.burst/Runtime/Intrinsics/x86/Ssse3.cs
 0.1 kb	 0.0% Packages/com.unity.burst/Runtime/Intrinsics/x86/Sse4_2.cs
 0.1 kb	 0.0% Packages/com.unity.burst/Runtime/Intrinsics/x86/Sse4_1.cs
 0.1 kb	 0.0% Packages/com.unity.burst/Runtime/Intrinsics/x86/Popcnt.cs
 0.1 kb	 0.0% Packages/com.unity.burst/Runtime/Intrinsics/x86/Common.cs
 0.1 kb	 0.0% Packages/com.unity.burst/Runtime/CompilerServices/Hint.cs
 0.1 kb	 0.0% Packages/com.unity.burst/Runtime/BurstString.cs
 0.1 kb	 0.0% Packages/com.unity.burst/Runtime/BurstRuntime.cs
 0.1 kb	 0.0% Assets/PaperTrails/Core/Arena.cs
 0.1 kb	 0.0% Packages/com.unity.ugui/Runtime/TMP/TMP_Text.cs
 0.1 kb	 0.0% Packages/com.unity.burst/Runtime/Intrinsics/x86/Sse3.cs
 0.1 kb	 0.0% Packages/com.unity.burst/Runtime/Intrinsics/x86/Sse2.cs
 0.1 kb	 0.0% Packages/com.unity.burst/Runtime/Intrinsics/x86/Sse.cs
 0.1 kb	 0.0% Packages/com.unity.burst/Runtime/Intrinsics/x86/Fma.cs
 0.1 kb	 0.0% Packages/com.unity.burst/Runtime/Intrinsics/x86/F16C.cs
 0.1 kb	 0.0% Packages/com.unity.burst/Runtime/Intrinsics/x86/Csr.cs
 0.1 kb	 0.0% Packages/com.unity.burst/Runtime/Intrinsics/x86/Bmi2.cs
 0.1 kb	 0.0% Packages/com.unity.burst/Runtime/Intrinsics/x86/Bmi1.cs
 0.1 kb	 0.0% Packages/com.unity.burst/Runtime/Intrinsics/x86/Avx2.cs
 0.1 kb	 0.0% Packages/com.unity.burst/Runtime/Intrinsics/x86/Avx.cs
 0.1 kb	 0.0% Packages/com.unity.burst/Runtime/Intrinsics/v64.cs
 0.1 kb	 0.0% Packages/com.unity.burst/Runtime/Intrinsics/v256.cs
 0.1 kb	 0.0% Packages/com.unity.burst/Runtime/Intrinsics/v128.cs
 0.1 kb	 0.0% Packages/com.unity.burst/Runtime/Intrinsics/Arm/NEON.cs
 0.1 kb	 0.0% Assets/PaperTrails/Runtime/GameView.cs
 0.1 kb	 0.0% Packages/com.unity.ugui/Runtime/UGUI/UI/Core/Text.cs
 0.1 kb	 0.0% Packages/com.unity.ugui/Runtime/UGUI/UI/Core/Misc.cs
 0.1 kb	 0.0% Packages/com.unity.ugui/Runtime/UGUI/UI/Core/Mask.cs
 0.1 kb	 0.0% Assets/Resources/PerformanceTestRunSettings.json
-------------------------------------------------------------------------------
Unloading 0 Unused Serialized files (Serialized files now loaded: 0)
Unloading 45 unused Assets / (19.4 KB). Loaded Objects now: 3895.
Memory consumption went from 311.3 MB to 311.2 MB.
Total: 10.917700 ms (FindLiveObjects: 0.337000 ms CreateObjectMapping: 0.562900 ms MarkObjects: 9.930700 ms  DeleteObjects: 0.085500 ms)

DisplayProgressNotification: Build Successful
Build Finished, Result: Success.
##utp:{"success":true,"type":"PlayerBuildInfo","version":2,"phase":"Immediate","time":1789425472686,"processId":34608,"steps":[{"description":"Preprocess Player","duration":99},{"description":"Prepare For Build","duration":12},{"description":"ProducePlayerScriptAssemblies","duration":22845},{"description":"Verify Build setup","duration":259},{"description":"Prepare assets for target platform","duration":0},{"description":"Prepare splash screen","duration":1},{"description":"Build scripts DLLs","duration":70},{"description":"Building scenes","duration":246},{"description":"Build GlobalGameManagers file","duration":200},{"description":"Writing asset files","duration":81},{"description":"Building Resources/unity_builtin_extra","duration":122},{"description":"Write data build dirty tracking information","duration":121},{"description":"Postprocess built player","duration":21121}],"duration":45177}
Unloading 0 Unused Serialized files (Serialized files now loaded: 0)
Loaded scene 'Temp/__Backupscenes/0.backup'
	Deserialize:            0.532 ms
	Integration:            159.944 ms
	Integration of assets:  0.002 ms
	Thread Wait Time:       0.016 ms
	Total Operation Time:   160.494 ms
Unloading 0 unused Assets / (7.8 KB). Loaded Objects now: 3887.
Memory consumption went from 311.6 MB to 311.6 MB.
Total: 7.872200 ms (FindLiveObjects: 0.239700 ms CreateObjectMapping: 0.392400 ms MarkObjects: 7.226800 ms  DeleteObjects: 0.012200 ms)

PAPERTRAILS_BUILD_OK Builds/Windows/PaperTrails.exe
UnityEngine.Debug:ExtractStackTraceNoAlloc (byte*,int,string)
UnityEngine.StackTraceUtility:ExtractStackTrace ()
UnityEngine.DebugLogHandler:Internal_Log (UnityEngine.LogType,UnityEngine.LogOption,string,UnityEngine.Object)
UnityEngine.DebugLogHandler:LogFormat (UnityEngine.LogType,UnityEngine.Object,string,object[])
UnityEngine.Logger:Log (UnityEngine.LogType,object)
UnityEngine.Debug:Log (object)
PaperTrails.Editor.ProjectBuilder:Build (string,UnityEditor.BuildTarget) (at Assets/PaperTrails/Editor/ProjectBuilder.cs:52)
PaperTrails.Editor.ProjectBuilder:Windows () (at Assets/PaperTrails/Editor/ProjectBuilder.cs:44)

(Filename: Assets/PaperTrails/Editor/ProjectBuilder.cs Line: 52)

Batchmode quit successfully invoked - shutting down!
Total cache size 206069581
Total cache size after purge 206069581, took 00:00:00.6726881
Killing ADB server in 2.0568134 seconds.
[Physics::Module] Cleanup current backend.
[Physics::Module] Id: 0xf2b8ea05
Input System module state changed to: ShutdownInProgress.
Input Polling Thread exited.
Input System module state changed to: Shutdown.
[Licensing::IpcConnector] LicenseClient-NMAdmin-notifications channel disconnected successfully.
[Licensing::IpcConnector] LicenseClient-NMAdmin channel disconnected successfully.
AcceleratorClientConnectionCallback - disconnected - :0
Cleanup mono
CodeReloadManager destroyed
Exiting batchmode successfully now!
Exiting without the bug reporter. Application will terminate with return code 0